Age,SibSp,Parch,Fare,FamilySize,IsAlone,Is_Large_Family,Fare_Log,Fare_Per_Person,Is_Child,Is_Senior,Age_Class,Age_Fare,Age_Sq,Fare_Sq,Sex_male,Embarked_Q,Embarked_S,Pclass_2,Pclass_3
-0.10463740114712752,-0.47454519624983954,-0.4736736092984604,0.48910360681684706,-0.5609748304808925,0.8119223343984152,-0.2734755972512319,1.1248955097361595,1.0211686786291265,-0.2734755972512319,-0.15911145683514602,0.6130741277011017,0.4514269533164956,-0.2764243136487601,1.0629021530354223,0.7376951317802901,-0.3075623426146228,0.6158384251930635,-0.5101515430617262,0.9025873648130485
-0.10463740114712752,-0.47454519624983954,-0.4736736092984604,-0.6484216535389205,-0.5609748304808925,0.8119223343984152,-0.2734755972512319,-3.0585777291682934,-0.5559950304944544,-0.2734755972512319,-0.15911145683514602,-0.249092467069582,-1.5911237098274018,-0.2764243136487601,-1.5400776793270476,0.7376951317802901,-0.3075623426146228,0.6158384251930635,1.9602018529600023,-1.1079259903080172
-0.10463740114712752,-0.47454519624983954,-0.4736736092984604,3.817033162951754,-0.5609748304808925,0.8119223343984152,-0.2734755972512319,2.523411982756633,5.635298936109444,-0.2734755972512319,-0.15911145683514602,-1.1112590618402656,1.1342425436783665,-0.2764243136487601,3.0941234237955753,0.7376951317802901,-0.3075623426146228,0.6158384251930635,-0.5101515430617262,-1.1079259903080172
-0.8731358343600393,-0.47454519624983954,0.7676298785983874,-0.4601623283443675,0.059159876663617626,-1.2316448970959013,-0.2734755972512319,-0.6455926003653025,-0.42548549987177553,-0.2734755972512319,-0.15911145683514602,-0.31067579526748795,-0.8337591803732586,-0.7903388328914239,-0.6741011856421901,-1.3555735383351195,-0.3075623426146228,0.6158384251930635,-0.5101515430617262,0.9025873648130485
0.12591212881674602,0.4327933656785018,0.7676298785983874,-0.11988611489111134,0.6792945838081278,-1.2316448970959013,-0.2734755972512319,0.35395586016517094,-0.3117258555322212,-0.2734755972512319,-0.15911145683514602,-0.06434248247586408,0.25353675344231524,-0.07867894428799597,0.19193346639430406,-1.3555735383351195,-0.3075623426146228,0.6158384251930635,1.9602018529600023,-1.1079259903080172
-0.6425863043961658,-0.47454519624983954,-0.4736736092984604,-0.47861979608830835,-0.5609748304808925,0.8119223343984152,-0.2734755972512319,-0.741349052303618,-0.32056700384199716,-0.2734755972512319,-0.15911145683514602,-0.03355081837691109,-0.7425960570321133,-0.659625792127529,-0.7414679408997943,0.7376951317802901,-0.3075623426146228,0.6158384251930635,-0.5101515430617262,0.9025873648130485
-0.2583370877897099,-0.47454519624983954,-0.4736736092984604,0.48910360681684706,-0.5609748304808925,0.8119223343984152,-0.2734755972512319,1.1248955097361595,1.0211686786291265,-0.2734755972512319,-0.15911145683514602,0.4283241431073837,0.30553047737764594,-0.39708250512312465,1.0629021530354223,0.7376951317802901,-0.3075623426146228,0.6158384251930635,-0.5101515430617262,0.9025873648130485
-0.10463740114712752,-0.47454519624983954,-0.4736736092984604,3.9327230485884233,-0.5609748304808925,0.8119223343984152,-0.2734755972512319,2.5497045522452972,5.795701430452072,-0.2734755972512319,-0.15911145683514602,-1.1112590618402656,1.1470797012691945,-0.2764243136487601,3.1378827358660177,0.7376951317802901,-0.3075623426146228,-1.6238025415294657,-0.5101515430617262,-1.1079259903080172
-0.10463740114712752,-0.47454519624983954,-0.4736736092984604,-0.49237782784290063,-0.5609748304808925,0.8119223343984152,-0.2734755972512319,-0.8189865811572414,-0.33964233267076216,-0.2734755972512319,-0.15911145683514602,0.6130741277011017,-0.49765947011372363,-0.2764243136487601,-0.7940854607477059,0.7376951317802901,3.2513733362117265,-1.6238025415294657,-0.5101515430617262,0.9025873648130485
0.12591212881674602,0.4327933656785018,-0.4736736092984604,-0.2859972841804228,0.059159876663617626,-1.2316448970959013,-0.2734755972512319,-0.01838583697289204,-0.30474673624758597,-0.2734755972512319,-0.15911145683514602,0.8901991045916785,0.05226576531660257,-0.07867894428799597,-0.1654065689843736,-1.3555735383351195,-0.3075623426146228,0.6158384251930635,-0.5101515430617262,0.9025873648130485
2.0471582118490255,-0.47454519624983954,-0.4736736092984604,0.06635974158478332,-0.5609748304808925,0.8119223343984152,-0.2734755972512319,0.6557188297748954,0.4350399079237488,-0.2734755972512319,-0.15911145683514602,-0.249092467069582,2.0358333501724646,2.3512429673485125,0.5117929017454589,0.7376951317802901,-0.3075623426146228,-1.6238025415294657,-0.5101515430617262,-1.1079259903080172
-0.6425863043961658,0.4327933656785018,-0.4736736092984604,-0.4505983519307405,0.059159876663617626,-1.2316448970959013,-0.2734755972512319,-0.5992616204389827,-0.4188553365513721,-0.2734755972512319,-0.15911145683514602,-0.03355081837691109,-0.6905661834786148,-0.659625792127529,-0.6405272363561089,-1.3555735383351195,-0.3075623426146228,0.6158384251930635,-0.5101515430617262,0.9025873648130485
-0.10463740114712752,6.784163299176891,2.0089333664952354,0.7519458402879414,5.64037224096421,-1.2316448970959013,3.6566333890527614,1.3361591794576348,-0.3794867591321342,-0.2734755972512319,-0.15911145683514602,0.6130741277011017,0.5545749177100281,-0.2764243136487601,1.3324391053853897,0.7376951317802901,-0.3075623426146228,0.6158384251930635,-0.5101515430617262,0.9025873648130485
2.0471582118490255,-0.47454519624983954,-0.4736736092984604,-0.11384570873513637,-0.5609748304808925,0.8119223343984152,-0.2734755972512319,0.36526093570402607,0.18518743753380743,-0.2734755972512319,-0.15911145683514602,-0.249092467069582,1.7522054026418632,2.3512429673485125,0.20342812254316164,0.7376951317802901,-0.3075623426146228,0.6158384251930635,-0.5101515430617262,-1.1079259903080172
-0.6425863043961658,-0.47454519624983954,-0.4736736092984604,-0.4913710934835715,-0.5609748304808925,0.8119223343984152,-0.2734755972512319,-0.8131032608653792,-0.3382465088138351,-0.2734755972512319,-0.15911145683514602,-0.03355081837691109,-0.7688711634887949,-0.659625792127529,-0.7901609266541333,0.7376951317802901,-0.3075623426146228,0.6158384251930635,-0.5101515430617262,0.9025873648130485
0.27961181545932834,0.4327933656785018,-0.4736736092984604,1.163700193253568,0.059159876663617626,-1.2316448970959013,-0.2734755972512319,1.5989745568795648,0.7002464407398876,-0.2734755972512319,-0.15911145683514602,-0.9573007413455007,1.088966978650119,0.06432335671865831,1.6862783548369762,-1.3555735383351195,3.2513733362117265,-1.6238025415294657,-0.5101515430617262,-1.1079259903080172
-0.6425863043961658,-0.47454519624983954,-0.4736736092984604,-0.49271407711891657,-0.5609748304808925,0.8119223343984152,-0.2734755972512319,-0.8209591021193487,-0.34010853783897577,-0.2734755972512319,-0.15911145683514602,-0.03355081837691109,-0.7717478319015915,-0.659625792127529,-0.7953989480637645,0.7376951317802901,3.2513733362117265,-1.6238025415294657,-0.5101515430617262,0.9025873648130485
-0.10463740114712752,-0.47454519624983954,-0.4736736092984604,-0.5024451714361923,-0.5609748304808925,0.8119223343984152,-0.2734755972512319,-0.8797405693934278,-0.35360057124003264,-0.2734755972512319,-0.15911145683514602,0.6130741277011017,-0.5273221670819862,-0.2764243136487601,-0.8340099545272707,0.7376951317802901,-0.3075623426146228,0.6158384251930635,-0.5101515430617262,0.9025873648130485
1.0481102486722402,-0.47454519624983954,-0.4736736092984604,-0.5185529211854588,-0.5609748304808925,0.8119223343984152,-0.2734755972512319,-0.9850567418873891,-0.3759337529508654,-0.2734755972512319,-0.15911145683514602,1.998699012153986,-0.0363947006039215,0.9133995189456682,-0.9006172369854325,0.7376951317802901,-0.3075623426146228,0.6158384251930635,-0.5101515430617262,0.9025873648130485
-0.10463740114712752,2.2474704895351842,0.7676298785983874,-0.13565761536436197,1.9195639980971482,-1.2316448970959013,3.6566333890527614,0.32384119624754826,-0.4138069208256383,-0.2734755972512319,-0.15911145683514602,0.6130741277011017,0.06031795708471365,-0.2764243136487601,0.16149931058410164,-1.3555735383351195,-0.3075623426146228,0.6158384251930635,-0.5101515430617262,0.9025873648130485
0.04906228549545483,0.4327933656785018,-0.4736736092984604,-0.32425318983493084,0.059159876663617626,-1.2316448970959013,-0.2734755972512319,-0.12717266791993012,-0.3312673895291999,-0.2734755972512319,-0.15911145683514602,0.7978241122948195,-0.05765506943479506,-0.14682847836147966,-0.26202581102422196,0.7376951317802901,-0.3075623426146228,0.6158384251930635,-0.5101515430617262,0.9025873648130485
0.20276197213803718,-0.47454519624983954,-0.4736736092984604,0.8876878608937296,-0.5609748304808925,0.8119223343984152,-0.2734755972512319,1.4303920040723752,1.5738004684159692,-0.2734755972512319,-0.15911145683514602,-0.9880924054444538,0.9136844331690362,-0.008294999261283314,1.4569459511388838,-1.3555735383351195,-0.3075623426146228,-1.6238025415294657,-0.5101515430617262,-1.1079259903080172
-0.10463740114712752,-0.47454519624983954,-0.4736736092984604,0.9462455716384695,-0.5609748304808925,0.8119223343984152,-0.2734755972512319,1.4685301291949246,1.6549899588779877,-0.2734755972512319,-0.15911145683514602,-1.1112590618402656,0.6192040800654907,-0.2764243136487601,1.5080874900838204,-1.3555735383351195,-0.3075623426146228,-1.6238025415294657,-0.5101515430617262,-1.1079259903080172
-0.7962859910387481,-0.47454519624983954,-0.4736736092984604,-0.43700743807979686,-0.5609748304808925,0.8119223343984152,-0.2734755972512319,-0.5368057694182641,-0.2628720205397746,-0.2734755972512319,-0.15911145683514602,-0.8033424208507358,-0.7556414681912141,-0.7490022302566879,-0.594257804840711,0.7376951317802901,-0.3075623426146228,0.6158384251930635,1.9602018529600023,-1.1079259903080172
-0.41203677443229225,-0.47454519624983954,-0.4736736092984604,-0.4894421904510968,-0.5609748304808925,0.8119223343984152,-0.2734755972512319,-0.8019236166026618,-0.33557211030396283,-0.2734755972512319,-0.15911145683514602,0.2435741585136658,-0.6467279019389575,-0.5088030527845733,-0.7826750495741225,0.7376951317802901,-0.3075623426146228,0.6158384251930635,-0.5101515430617262,0.9025873648130485
1.2018099353148226,-0.47454519624983954,-0.4736736092984604,-0.3766033765200472,-0.5609748304808925,0.8119223343984152,-0.2734755972512319,-0.29746598596845064,-0.17912258912415177,-0.2734755972512319,-0.15911145683514602,0.7978241122948195,0.5754541849110375,1.1100276828298177,-0.40620372632086454,-1.3555735383351195,-0.3075623426146228,0.6158384251930635,1.9602018529600023,-1.1079259903080172
-0.48888661775358344,-0.47454519624983954,-0.4736736092984604,-0.4894421904510968,-0.5609748304808925,0.8119223343984152,-0.2734755972512319,-0.8019236166026618,-0.33557211030396283,-0.2734755972512319,-0.15911145683514602,0.15119916621680685,-0.6860777272676426,-0.5613117101854542,-0.7826750495741225,0.7376951317802901,-0.3075623426146228,0.6158384251930635,-0.5101515430617262,0.9025873648130485
0.9712604053509489,-0.47454519624983954,0.7676298785983874,-0.47920571548543794,0.059159876663617626,-1.2316448970959013,-0.2734755972512319,-0.7445391097425902,-0.4386872019105915,-0.2734755972512319,-0.15911145683514602,1.9063240198571272,0.10359531192723086,0.8184370534334368,-0.7436652702816707,0.7376951317802901,-0.3075623426146228,0.6158384251930635,-0.5101515430617262,0.9025873648130485
0.7407108753870755,0.4327933656785018,0.7676298785983874,1.0259447039291216,0.6792945838081278,-1.2316448970959013,-0.2734755972512319,1.5182728441543658,0.2178338964488551,-0.2734755972512319,-0.15911145683514602,-0.7725507567517828,1.5213747962144952,0.5469561226161165,1.5754404311067285,-1.3555735383351195,-0.3075623426146228,-1.6238025415294657,-0.5101515430617262,-1.1079259903080172
-1.0268355210026217,-0.47454519624983954,-0.4736736092984604,-0.4863374216869257,-0.5609748304808925,0.8119223343984152,-0.2734755972512319,-0.7841792430073967,-0.3312673895291999,-0.2734755972512319,-0.15911145683514602,-0.4954257798612059,-0.9565758974007554,-0.866308805301209,-0.7707171035377015,0.7376951317802901,-0.3075623426146228,0.6158384251930635,-0.5101515430617262,0.9025873648130485
-0.10463740114712752,-0.47454519624983954,-0.4736736092984604,-0.4894421904510968,-0.5609748304808925,0.8119223343984152,-0.2734755972512319,-0.8019236166026618,-0.33557211030396283,-0.2734755972512319,-0.15911145683514602,0.6130741277011017,-0.4893286006242167,-0.2764243136487601,-0.7826750495741225,0.7376951317802901,-0.3075623426146228,0.6158384251930635,-0.5101515430617262,0.9025873648130485
2.8156566450619374,-0.47454519624983954,-0.4736736092984604,-0.43700743807979686,-0.5609748304808925,0.8119223343984152,-0.2734755972512319,-0.5368057694182641,-0.2628720205397746,-0.2734755972512319,6.284902544988268,2.091074004450845,1.3110777611193558,3.714233648818186,-0.594257804840711,0.7376951317802901,-0.3075623426146228,0.6158384251930635,1.9602018529600023,-1.1079259903080172
-0.10463740114712752,-0.47454519624983954,-0.4736736092984604,-0.11384570873513637,-0.5609748304808925,0.8119223343984152,-0.2734755972512319,0.36526093570402607,0.18518743753380743,-0.2734755972512319,-0.15911145683514602,-1.1112590618402656,0.08054084640723068,-0.2764243136487601,0.20342812254316164,0.7376951317802901,-0.3075623426146228,0.6158384251930635,-0.5101515430617262,-1.1079259903080172
1.6629089952425695,-0.47454519624983954,-0.4736736092984604,-0.39623469652696586,-0.5609748304808925,0.8119223343984152,-0.2734755972512319,-0.3693384839068557,-0.20634115433422917,-0.2734755972512319,-0.15911145683514602,1.1673240814822554,0.8004150700507483,1.753538037359762,-0.4644655430215128,0.7376951317802901,-0.3075623426146228,0.6158384251930635,1.9602018529600023,-1.1079259903080172
1.3555096219574048,-0.47454519624983954,-0.4736736092984604,-0.3464013457401724,-0.5609748304808925,0.8119223343984152,-0.2734755972512319,-0.19582465009716046,-0.13724787341634037,-0.2734755972512319,-0.15911145683514602,0.9209907686906316,0.7550467337010552,1.3155934905268833,-0.3211874556190844,0.7376951317802901,-0.3075623426146228,0.6158384251930635,1.9602018529600023,-1.1079259903080172
-0.8731358343600393,-0.47454519624983954,-0.4736736092984604,-0.4863374216869257,-0.5609748304808925,0.8119223343984152,-0.2734755972512319,-0.7841792430073967,-0.3312673895291999,-0.2734755972512319,-0.15911145683514602,-0.31067579526748795,-0.8772574208474246,-0.7903388328914239,-0.7707171035377015,0.7376951317802901,-0.3075623426146228,0.6158384251930635,-0.5101515430617262,0.9025873648130485
0.5101613454232019,-0.47454519624983954,-0.4736736092984604,-0.3866707201133388,-0.5609748304808925,0.8119223343984152,-0.2734755972512319,-0.3336984726090332,-0.19308082769342225,-0.2734755972512319,-0.15911145683514602,0.2435741585136658,0.11939399815956175,0.295584890377857,-0.4357668312169326,0.7376951317802901,-0.3075623426146228,0.6158384251930635,1.9602018529600023,-1.1079259903080172
0.04906228549545483,-0.47454519624983954,-0.4736736092984604,-0.3866707201133388,-0.5609748304808925,0.8119223343984152,-0.2734755972512319,-0.3336984726090332,-0.19308082769342225,-0.2734755972512319,-0.15911145683514602,-0.12592581067377007,-0.16569228650493206,-0.14682847836147966,-0.4357668312169326,-1.3555735383351195,-0.3075623426146228,0.6158384251930635,1.9602018529600023,-1.1079259903080172
-0.5657364610748746,0.4327933656785018,0.7676298785983874,-0.06451572512800753,0.6792945838081278,-1.2316448970959013,-0.2734755972512319,0.4532263111425748,-0.2861357514885587,-0.2734755972512319,-0.15911145683514602,-0.6185924362570179,-0.24392776796049775,-0.6115859566331061,0.29416739347383863,-1.3555735383351195,-0.3075623426146228,0.6158384251930635,1.9602018529600023,-1.1079259903080172
-0.10463740114712752,-0.47454519624983954,-0.4736736092984604,-0.49237782784290063,-0.5609748304808925,0.8119223343984152,-0.2734755972512319,-0.8189865811572414,-0.33964233267076216,-0.2734755972512319,-0.15911145683514602,0.6130741277011017,-0.49765947011372363,-0.2764243136487601,-0.7940854607477059,-1.3555735383351195,3.2513733362117265,-1.6238025415294657,-0.5101515430617262,0.9025873648130485
-0.33518693111100106,-0.47454519624983954,-0.4736736092984604,-0.3866707201133388,-0.5609748304808925,0.8119223343984152,-0.2734755972512319,-0.3336984726090332,-0.19308082769342225,-0.2734755972512319,-0.15911145683514602,-0.43384245166329993,-0.4032641903920105,-0.45405998443046347,-0.4357668312169326,0.7376951317802901,-0.3075623426146228,0.6158384251930635,1.9602018529600023,-1.1079259903080172
-0.10463740114712752,-0.47454519624983954,-0.4736736092984604,-0.5028639729296732,-0.5609748304808925,0.8119223343984152,-0.2734755972512319,-0.8823470582632056,-0.3541812339645143,-0.2734755972512319,-0.15911145683514602,0.6130741277011017,-0.5285947664905187,-0.2764243136487601,-0.8356982467161812,0.7376951317802901,-0.3075623426146228,-1.6238025415294657,-0.5101515430617262,0.9025873648130485
0.20276197213803718,-0.47454519624983954,-0.4736736092984604,-0.3866707201133388,-0.5609748304808925,0.8119223343984152,-0.2734755972512319,-0.3336984726090332,-0.19308082769342225,-0.2734755972512319,-0.15911145683514602,-0.002759154277958102,-0.07066352495010086,-0.008294999261283314,-0.4357668312169326,-1.3555735383351195,-0.3075623426146228,0.6158384251930635,1.9602018529600023,-1.1079259903080172
-0.10463740114712752,-0.47454519624983954,-0.4736736092984604,-0.4918744606632361,-0.5609748304808925,0.8119223343984152,-0.2734755972512319,-0.8160407306065733,-0.33894442074229864,-0.2734755972512319,-0.15911145683514602,0.6130741277011017,-0.49622117980990754,-0.2764243136487601,-0.7921216854519817,0.7376951317802901,-0.3075623426146228,0.6158384251930635,-0.5101515430617262,0.9025873648130485
-0.7962859910387481,0.4327933656785018,-0.4736736092984604,-0.4902797934380587,0.059159876663617626,-1.2316448970959013,-0.2734755972512319,-0.806763380796033,-0.44636423312369033,-0.2734755972512319,-0.15911145683514602,-0.218300802970629,-0.84508047929157,-0.7490022302566879,-0.7859203137141989,-1.3555735383351195,-0.3075623426146228,0.6158384251930635,-0.5101515430617262,0.9025873648130485
1.7397588385638607,-0.47454519624983954,-0.4736736092984604,-0.034313694348132716,-0.5609748304808925,0.8119223343984152,-0.2734755972512319,0.5036031274312862,0.2954575222310441,-0.2734755972512319,-0.15911145683514602,-0.37225912346539397,1.6388361113189827,1.8686102014510542,0.34716932035050957,0.7376951317802901,-0.3075623426146228,0.6158384251930635,-0.5101515430617262,-1.1079259903080172
3.1999058616683933,-0.47454519624983954,-0.4736736092984604,0.0493298231623713,-0.5609748304808925,0.8119223343984152,-0.2734755972512319,0.6315110816648204,0.4114281515599709,-0.2734755972512319,6.284902544988268,0.2127824944147128,2.9773694427124235,4.479519400299109,0.4851341249438471,0.7376951317802901,-0.3075623426146228,-1.6238025415294657,-0.5101515430617262,-1.1079259903080172
0.20276197213803718,-0.47454519624983954,-0.4736736092984604,-0.4888542575852486,-0.5609748304808925,0.8119223343984152,-0.2734755972512319,-0.798539974052802,-0.3347569491715175,-0.2734755972512319,-0.15911145683514602,0.9825740968885375,-0.3300412546320708,-0.008294999261283314,-0.7804020374400552,0.7376951317802901,-0.3075623426146228,0.6158384251930635,-0.5101515430617262,0.9025873648130485
-0.7962859910387481,-0.47454519624983954,-0.4736736092984604,-0.494391296561559,-0.5609748304808925,0.8119223343984152,-0.2734755972512319,-0.830854756854953,-0.34243398038461625,-0.2734755972512319,-0.15911145683514602,-0.218300802970629,-0.8530621355218194,-0.7490022302566879,-0.8019709250667245,0.7376951317802901,-0.3075623426146228,0.6158384251930635,-0.5101515430617262,0.9025873648130485
-0.10463740114712752,0.4327933656785018,-0.4736736092984604,-0.3363340021468808,0.059159876663617626,-1.2316448970959013,-0.2734755972512319,-0.16405229962564447,-0.33964233267076216,-0.2734755972512319,-0.15911145683514602,0.6130741277011017,-0.1778925265564714,-0.2764243136487601,-0.29398153689551876,0.7376951317802901,3.2513733362117265,-1.6238025415294657,-0.5101515430617262,0.9025873648130485
-0.5657364610748746,-0.47454519624983954,-0.4736736092984604,-0.45034666834090825,-0.5609748304808925,0.8119223343984152,-0.2734755972512319,-0.5980700220174994,-0.28136668664405795,-0.2734755972512319,-0.15911145683514602,0.058824173919947875,-0.6472253715498588,-0.6115859566331061,-0.6396553170728719,-1.3555735383351195,-0.3075623426146228,0.6158384251930635,-0.5101515430617262,0.9025873648130485
1.5860591519212783,0.4327933656785018,-0.4736736092984604,0.4771073601910807,0.059159876663617626,-1.2316448970959013,-0.2734755972512319,1.1141402035210881,0.2242705055277647,-0.2734755972512319,-0.15911145683514602,-0.43384245166329993,2.0469110444336835,1.640700284221699,1.0495353373475445,0.7376951317802901,-0.3075623426146228,0.6158384251930635,-0.5101515430617262,-1.1079259903080172
-1.949033640858116,2.2474704895351842,2.0089333664952354,-0.08666388103324908,2.5396987052416584,-1.2316448970959013,3.6566333890527614,0.4146557174979072,-0.4261834118002391,3.6566333890527614,-0.15911145683514602,-1.6039256874235135,-1.348869252325843,-1.1344381196886857,0.2540971596005704,0.7376951317802901,-0.3075623426146228,0.6158384251930635,-0.5101515430617262,0.9025873648130485
0.5101613454232019,0.4327933656785018,2.0089333664952354,1.7677408088510642,1.299429290952638,-1.2316448970959013,-0.2734755972512319,1.8931715298766851,0.2814992836617736,-0.2734755972512319,-0.15911145683514602,-0.8649257490486417,1.5172910108318205,0.295584890377857,2.1067404351900234,-1.3555735383351195,-0.3075623426146228,0.6158384251930635,-0.5101515430617262,-1.1079259903080172
-0.7962859910387481,0.4327933656785018,-0.4736736092984604,0.4207302360686478,0.059159876663617626,-1.2316448970959013,-0.2734755972512319,1.0620380556287106,0.18518743753380743,-0.2734755972512319,-0.15911145683514602,-1.3883840387308426,-0.2259323413164609,-0.7490022302566879,0.9852692911996687,0.7376951317802901,-0.3075623426146228,0.6158384251930635,-0.5101515430617262,-1.1079259903080172
0.04906228549545483,-0.47454519624983954,-0.4736736092984604,-0.024246350754841113,-0.5609748304808925,0.8119223343984152,-0.2734755972512319,0.5198636196706229,0.3094157608003146,-0.2734755972512319,-0.15911145683514602,-1.0496757336423597,0.2808207929878562,-0.14682847836147966,0.3644382952166449,-1.3555735383351195,-0.3075623426146228,-1.6238025415294657,-0.5101515430617262,-1.1079259903080172
-0.10463740114712752,-0.47454519624983954,-0.4736736092984604,0.48910360681684706,-0.5609748304808925,0.8119223343984152,-0.2734755972512319,1.1248955097361595,1.0211686786291265,-0.2734755972512319,-0.15911145683514602,0.6130741277011017,0.4514269533164956,-0.2764243136487601,1.0629021530354223,0.7376951317802901,-0.3075623426146228,0.6158384251930635,-0.5101515430617262,0.9025873648130485
0.04906228549545483,-0.47454519624983954,-0.4736736092984604,-0.5024451714361923,-0.5609748304808925,0.8119223343984152,-0.2734755972512319,-0.8797405693934278,-0.35360057124003264,-0.2734755972512319,-0.15911145683514602,0.7978241122948195,-0.45133634260017075,-0.14682847836147966,-0.8340099545272707,0.7376951317802901,-0.3075623426146228,0.6158384251930635,-0.5101515430617262,0.9025873648130485
-0.6425863043961658,-0.47454519624983954,-0.4736736092984604,-0.4863374216869257,-0.5609748304808925,0.8119223343984152,-0.2734755972512319,-0.7841792430073967,-0.3312673895291999,-0.2734755972512319,-0.15911145683514602,-0.03355081837691109,-0.7582797060174284,-0.659625792127529,-0.7707171035377015,0.7376951317802901,-0.3075623426146228,0.6158384251930635,-0.5101515430617262,0.9025873648130485
0.04906228549545483,0.4327933656785018,-0.4736736092984604,-0.16518916106092355,0.059159876663617626,-1.2316448970959013,-0.2734755972512319,0.26497567234198965,-0.22099730483196317,-0.2734755972512319,-0.15911145683514602,-0.12592581067377007,0.14748450343527933,-0.14682847836147966,0.10278829628565453,0.7376951317802901,-0.3075623426146228,-1.6238025415294657,1.9602018529600023,-1.1079259903080172
-0.8731358343600393,-0.47454519624983954,0.7676298785983874,-0.18532384824750675,0.059159876663617626,-1.2316448970959013,-0.2734755972512319,0.2228261499229997,-0.23495554340123365,-0.2734755972512319,-0.15911145683514602,-0.8649257490486417,-0.5611882679667137,-0.7903388328914239,0.0613826579847014,-1.3555735383351195,-0.3075623426146228,0.6158384251930635,1.9602018529600023,-1.1079259903080172
-0.7962859910387481,-0.47454519624983954,-0.4736736092984604,-0.6484216535389205,-0.5609748304808925,0.8119223343984152,-0.2734755972512319,-3.0585777291682934,-0.5559950304944544,-0.2734755972512319,-0.15911145683514602,-0.218300802970629,-1.5911237098274018,-0.7490022302566879,-1.5400776793270476,0.7376951317802901,-0.3075623426146228,0.6158384251930635,-0.5101515430617262,0.9025873648130485
0.6638610320657843,-0.47454519624983954,-0.4736736092984604,3.9327230485884233,-0.5609748304808925,0.8119223343984152,-0.2734755972512319,2.5497045522452972,5.795701430452072,-0.2734755972512319,-0.15911145683514602,-0.8033424208507358,2.1250094909465505,0.46093130091680107,3.1378827358660177,-1.3555735383351195,-0.3075623426146228,-1.6238025415294657,-0.5101515430617262,-1.1079259903080172
-1.4879345809303688,2.2474704895351842,2.0089333664952354,-0.08666388103324908,2.5396987052416584,-1.2316448970959013,3.6566333890527614,0.4146557174979072,-0.4261834118002391,-0.2734755972512319,-0.15911145683514602,-1.0496757336423597,-0.9854875660735047,-1.040592859653069,0.2540971596005704,0.7376951317802901,-0.3075623426146228,0.6158384251930635,-0.5101515430617262,0.9025873648130485
-0.10463740114712752,-0.47454519624983954,-0.4736736092984604,-0.6484216535389205,-0.5609748304808925,0.8119223343984152,-0.2734755972512319,-3.0585777291682934,-0.5559950304944544,-0.2734755972512319,-0.15911145683514602,-0.249092467069582,-1.5911237098274018,-0.2764243136487601,-1.5400776793270476,0.7376951317802901,-0.3075623426146228,0.6158384251930635,1.9602018529600023,-1.1079259903080172
-0.027787557825836348,0.4327933656785018,0.7676298785983874,-0.43776248884929375,0.6792945838081278,-1.2316448970959013,-0.2734755972512319,-0.5401781836878246,-0.4586363164737929,-0.2734755972512319,-0.15911145683514602,0.7054491199979606,-0.31761933516492497,-0.21274360148173435,-0.5967858396279552,-1.3555735383351195,-0.3075623426146228,0.6158384251930635,-0.5101515430617262,0.9025873648130485
-0.10463740114712752,-0.47454519624983954,-0.4736736092984604,-0.5011867534870308,-0.5609748304808925,0.8119223343984152,-0.2734755972512319,-0.8719479292525482,-0.3518557914188738,-0.2734755972512319,-0.15911145683514602,0.6130741277011017,-0.5235174666863016,-0.2764243136487601,-0.8289504016429312,0.7376951317802901,-0.3075623426146228,0.6158384251930635,-0.5101515430617262,0.9025873648130485
-0.10463740114712752,0.4327933656785018,-0.4736736092984604,-0.32928686163157667,0.059159876663617626,-1.2316448970959013,-0.2734755972512319,-0.1423794216910609,-0.3347569491715175,-0.2734755972512319,-0.15911145683514602,0.6130741277011017,-0.1673109000778199,-0.2764243136487601,-0.27525128466658394,0.7376951317802901,-0.3075623426146228,0.6158384251930635,-0.5101515430617262,0.9025873648130485
0.7407108753870755,0.4327933656785018,5.73284383018578,-0.01870931177853076,3.1598334123861687,-1.2316448970959013,3.6566333890527614,0.5286989276421437,-0.4312681987076162,-0.2734755972512319,-0.15911145683514602,1.6291990429665502,0.848412616781511,0.5469561226161165,0.37385455037525206,-1.3555735383351195,-0.3075623426146228,0.6158384251930635,-0.5101515430617262,0.9025873648130485
-2.1027333275006983,-0.47454519624983954,0.7676298785983874,-0.43776248884929375,0.059159876663617626,-1.2316448970959013,-0.2734755972512319,-0.5401781836878246,-0.40995695946346217,3.6566333890527614,-0.15911145683514602,-1.7886756720172314,-1.5032958219196446,-1.1478445854080597,-0.5967858396279552,-1.3555735383351195,-0.3075623426146228,0.6158384251930635,-0.5101515430617262,0.9025873648130485
0.04906228549545483,-0.47454519624983954,-0.4736736092984604,-0.43700743807979686,-0.5609748304808925,0.8119223343984152,-0.2734755972512319,-0.5368057694182641,-0.2628720205397746,-0.2734755972512319,-0.15911145683514602,-0.12592581067377007,-0.27194122303342116,-0.14682847836147966,-0.594257804840711,0.7376951317802901,-0.3075623426146228,0.6158384251930635,1.9602018529600023,-1.1079259903080172
-0.33518693111100106,-0.47454519624983954,-0.4736736092984604,-0.5029485386158568,-0.5609748304808925,0.8119223343984152,-0.2734755972512319,-0.8828741679067217,-0.35429848316849616,-0.2734755972512319,-0.15911145683514602,0.3359491508105248,-0.642666936745488,-0.45405998443046347,-0.8360394239927292,0.7376951317802901,-0.3075623426146228,-1.6238025415294657,-0.5101515430617262,0.9025873648130485
-1.180535207645204,3.1548090514635256,0.7676298785983874,0.1506737441786005,2.5396987052416584,-1.2316448970959013,3.6566333890527614,0.7678594338107121,-0.37133916608848055,-0.2734755972512319,-0.15911145683514602,-0.6801757644549238,-0.6570085239050036,-0.9333411338980782,0.6375618152562126,0.7376951317802901,-0.3075623426146228,0.6158384251930635,-0.5101515430617262,0.9025873648130485
0.4333115021019107,0.4327933656785018,-0.4736736092984604,0.39858208016340624,0.059159876663617626,-1.2316448970959013,-0.2734755972512319,1.0408277503255374,0.1698333751076099,-0.2734755972512319,-0.15911145683514602,-0.8957174131475948,0.9107577719185515,0.21626330153822848,0.9593384459327382,-1.3555735383351195,-0.3075623426146228,0.6158384251930635,-0.5101515430617262,-1.1079259903080172
-0.9499856776813305,-0.47454519624983954,2.0089333664952354,1.5841789061771412,0.6792945838081278,-1.2316448970959013,-0.2734755972512319,1.812289926928167,0.475828672670871,-0.2734755972512319,-0.15911145683514602,-1.4499673669287485,-0.14723718916488698,-0.829441024572931,1.9885795408782476,0.7376951317802901,-0.3075623426146228,-1.6238025415294657,-0.5101515430617262,-1.1079259903080172
-0.10463740114712752,-0.47454519624983954,-0.4736736092984604,-0.4928811950225652,-0.5609748304808925,0.8119223343984152,-0.2734755972512319,-0.8219408604763344,-0.3403402445992257,-0.2734755972512319,-0.15911145683514602,0.6130741277011017,-0.49910187570298603,-0.2764243136487601,-0.7960522624172119,0.7376951317802901,3.2513733362117265,-1.6238025415294657,-0.5101515430617262,0.9025873648130485
-0.8731358343600393,-0.47454519624983954,-0.4736736092984604,-0.5125125150294839,-0.5609748304808925,0.8119223343984152,-0.2734755972512319,-0.9442940832331417,-0.3675588098093031,-0.2734755972512319,-0.15911145683514602,-0.31067579526748795,-0.9275127246115025,-0.7903388328914239,-0.8752282292427636,-1.3555735383351195,3.2513733362117265,-1.6238025415294657,-0.5101515430617262,0.9025873648130485
-0.48888661775358344,-0.47454519624983954,-0.4736736092984604,-0.49640476528021726,-0.5609748304808925,0.8119223343984152,-0.2734755972512319,-0.8428609376877135,-0.3452256280984703,-0.2734755972512319,-0.15911145683514602,0.15119916621680685,-0.7024959092914096,-0.5613117101854542,-0.8099054511153398,-1.3555735383351195,-0.3075623426146228,0.6158384251930635,-0.5101515430617262,0.9025873648130485
1.5860591519212783,-0.47454519624983954,-0.4736736092984604,-0.4863374216869257,-0.5609748304808925,0.8119223343984152,-0.2734755972512319,-0.7841792430073967,-0.3312673895291999,-0.2734755972512319,-0.15911145683514602,2.645323958231999,0.3918382040058682,1.640700284221699,-0.7707171035377015,0.7376951317802901,-0.3075623426146228,0.6158384251930635,-0.5101515430617262,0.9025873648130485
-0.6425863043961658,1.340131927606843,2.0089333664952354,4.634416897040849,1.9195639980971482,-1.2316448970959013,3.6566333890527614,2.6962534687059603,0.9089221073504812,-0.2734755972512319,-0.15911145683514602,-1.3268007105329365,0.5161924378272437,-0.659625792127529,3.3855546544504356,-1.3555735383351195,-0.3075623426146228,-1.6238025415294657,-0.5101515430617262,-1.1079259903080172
2.200857898491608,-0.47454519624983954,-0.4736736092984604,2.301728820789,-0.5609748304808925,0.8119223343984152,-0.2734755972512319,2.097794920021772,3.5343495330262744,-0.2734755972512319,-0.15911145683514602,-0.18750913887167603,3.6238257114572843,2.6059658160166155,2.41436609595122,-1.3555735383351195,-0.3075623426146228,-1.6238025415294657,-0.5101515430617262,-1.1079259903080172
-2.025883484179407,0.4327933656785018,2.0089333664952354,0.18876253192945994,1.299429290952638,-1.2316448970959013,-0.2734755972512319,0.8147822510349934,-0.2658088339347491,3.6566333890527614,-0.15911145683514602,-1.7886756720172314,-1.3885015563381802,-1.142258558024987,0.6912971768196229,-1.3555735383351195,-0.3075623426146228,-1.6238025415294657,1.9602018529600023,-1.1079259903080172
-1.2573850509664952,-0.47454519624983954,0.7676298785983874,-0.255795253400548,0.059159876663617626,-1.2316448970959013,-0.2734755972512319,0.06007112543995847,-0.28380937839368026,-0.2734755972512319,-0.15911145683514602,-1.1728423900381717,-0.8841754313601112,-0.9635056817666694,-0.09353993952641027,-1.3555735383351195,-0.3075623426146228,0.6158384251930635,1.9602018529600023,-1.1079259903080172
2.1240080551703167,-0.47454519624983954,-0.4736736092984604,-0.3997582667846179,-0.5609748304808925,0.8119223343984152,-0.2734755972512319,-0.38278544498532663,-0.21122653783347387,-0.2734755972512319,-0.15911145683514602,1.5368240506696913,1.068407331944831,2.4774871862059493,-0.47519538285610147,0.7376951317802901,3.2513733362117265,-1.6238025415294657,1.9602018529600023,-1.1079259903080172
-1.0268355210026217,-0.47454519624983954,-0.4736736092984604,-0.12491978668775715,-0.5609748304808925,0.8119223343984152,-0.2734755972512319,0.3444394801955362,0.1698333751076099,-0.2734755972512319,-0.15911145683514602,-0.9880924054444538,-0.6416959209015481,-0.866308805301209,0.18228697133662133,0.7376951317802901,-0.3075623426146228,0.6158384251930635,1.9602018529600023,-1.1079259903080172
-0.10463740114712752,-0.47454519624983954,-0.4736736092984604,-0.49237782784290063,-0.5609748304808925,0.8119223343984152,-0.2734755972512319,-0.8189865811572414,-0.33964233267076216,-0.2734755972512319,-0.15911145683514602,0.6130741277011017,-0.49765947011372363,-0.2764243136487601,-0.7940854607477059,-1.3555735383351195,3.2513733362117265,-1.6238025415294657,-0.5101515430617262,0.9025873648130485
2.3545575851341902,0.4327933656785018,0.7676298785983874,0.13683114673782454,0.6792945838081278,-1.2316448970959013,-0.2734755972512319,0.750263780890198,-0.19308082769342225,-0.2734755972512319,-0.15911145683514602,1.7215740352634092,2.393817906813589,2.8696263084976343,0.6175803610410056,0.7376951317802901,-0.3075623426146228,0.6158384251930635,1.9602018529600023,-1.1079259903080172
-0.5657364610748746,-0.47454519624983954,-0.4736736092984604,2.0825124140450755,-0.5609748304808925,0.8119223343984152,-0.2734755972512319,2.0186331792044068,3.23040888818041,-0.2734755972512319,-0.15911145683514602,-1.2960090464339835,0.3565925787946126,-0.6115859566331061,2.2938791797932465,0.7376951317802901,-0.3075623426146228,-1.6238025415294657,-0.5101515430617262,-1.1079259903080172
0.04906228549545483,-0.47454519624983954,-0.4736736092984604,-0.3866707201133388,-0.5609748304808925,0.8119223343984152,-0.2734755972512319,-0.3336984726090332,-0.19308082769342225,-0.2734755972512319,-0.15911145683514602,-0.12592581067377007,-0.16569228650493206,-0.14682847836147966,-0.4357668312169326,0.7376951317802901,-0.3075623426146228,0.6158384251930635,1.9602018529600023,-1.1079259903080172
-0.9499856776813305,-0.47454519624983954,-0.4736736092984604,-0.47400492578514347,-0.5609748304808925,0.8119223343984152,-0.2734755972512319,-0.7165619336211217,-0.31416854728184357,-0.2734755972512319,-0.15911145683514602,-0.4030507875643469,-0.8968726487999515,-0.829441024572931,-0.7242912951969392,0.7376951317802901,-0.3075623426146228,0.6158384251930635,-0.5101515430617262,0.9025873648130485
-0.33518693111100106,-0.47454519624983954,-0.4736736092984604,-0.4894421904510968,-0.5609748304808925,0.8119223343984152,-0.2734755972512319,-0.8019236166026618,-0.33557211030396283,-0.2734755972512319,-0.15911145683514602,0.3359491508105248,-0.6073780766102722,-0.45405998443046347,-0.7826750495741225,0.7376951317802901,-0.3075623426146228,0.6158384251930635,-0.5101515430617262,0.9025873648130485
-0.1814872444684187,-0.47454519624983954,-0.4736736092984604,-0.47400492578514347,-0.5609748304808925,0.8119223343984152,-0.2734755972512319,-0.7165619336211217,-0.31416854728184357,-0.2734755972512319,-0.15911145683514602,0.5206991354042427,-0.4884896717249809,-0.3378706148625569,-0.7242912951969392,0.7376951317802901,-0.3075623426146228,0.6158384251930635,-0.5101515430617262,0.9025873648130485
0.5101613454232019,-0.47454519624983954,-0.4736736092984604,-0.6484216535389205,-0.5609748304808925,0.8119223343984152,-0.2734755972512319,-3.0585777291682934,-0.5559950304944544,-0.2734755972512319,-0.15911145683514602,1.3520740660759734,-1.5911237098274018,0.295584890377857,-1.5400776793270476,0.7376951317802901,-0.3075623426146228,0.6158384251930635,-0.5101515430617262,0.9025873648130485
-0.10463740114712752,-0.47454519624983954,-0.4736736092984604,-0.4863374216869257,-0.5609748304808925,0.8119223343984152,-0.2734755972512319,-0.7841792430073967,-0.3312673895291999,-0.2734755972512319,-0.15911145683514602,0.6130741277011017,-0.4806650380807706,-0.2764243136487601,-0.7707171035377015,-1.3555735383351195,-0.3075623426146228,0.6158384251930635,-0.5101515430617262,0.9025873648130485
-0.10463740114712752,-0.47454519624983954,-0.4736736092984604,-0.5028639729296732,-0.5609748304808925,0.8119223343984152,-0.2734755972512319,-0.8823470582632056,-0.3541812339645143,-0.2734755972512319,-0.15911145683514602,0.6130741277011017,-0.5285947664905187,-0.2764243136487601,-0.8356982467161812,-1.3555735383351195,-0.3075623426146228,-1.6238025415294657,-0.5101515430617262,0.9025873648130485
-0.027787557825836348,-0.47454519624983954,-0.4736736092984604,-0.457478374542396,-0.5609748304808925,0.8119223343984152,-0.2734755972512319,-0.6323794480268654,-0.29125470284652916,-0.2734755972512319,-0.15911145683514602,0.7054491199979606,-0.36424367390255685,-0.21274360148173435,-0.6645912990568525,0.7376951317802901,-0.3075623426146228,0.6158384251930635,-0.5101515430617262,0.9025873648130485
0.04906228549545483,-0.47454519624983954,-0.4736736092984604,1.4944124302931971,-0.5609748304808925,0.8119223343984152,-0.2734755972512319,1.7703041212742283,2.4150160489747643,-0.2734755972512319,-0.15911145683514602,-1.0496757336423597,0.934947826209714,-0.14682847836147966,1.9280092271873317,-1.3555735383351195,-0.3075623426146228,-1.6238025415294657,-0.5101515430617262,-1.1079259903080172
-0.10463740114712752,-0.47454519624983954,-0.4736736092984604,-0.4863374216869257,-0.5609748304808925,0.8119223343984152,-0.2734755972512319,-0.7841792430073967,-0.3312673895291999,-0.2734755972512319,-0.15911145683514602,0.6130741277011017,-0.4806650380807706,-0.2764243136487601,-0.7707171035377015,0.7376951317802901,-0.3075623426146228,0.6158384251930635,-0.5101515430617262,0.9025873648130485
1.6629089952425695,-0.47454519624983954,0.7676298785983874,0.5874293382238074,0.059159876663617626,-1.2316448970959013,-0.2734755972512319,1.2090665177433995,0.3007504862965114,-0.2734755972512319,-0.15911145683514602,-0.4030507875643469,2.204089651422272,1.753538037359762,1.1686991840493808,0.7376951317802901,-0.3075623426146228,-1.6238025415294657,-0.5101515430617262,-1.1079259903080172
-1.0268355210026217,-0.47454519624983954,-0.4736736092984604,-0.49271407711891657,-0.5609748304808925,0.8119223343984152,-0.2734755972512319,-0.8209591021193487,-0.34010853783897577,-0.2734755972512319,-0.15911145683514602,-0.4954257798612059,-0.9668373266458321,-0.866308805301209,-0.7953989480637645,-1.3555735383351195,3.2513733362117265,-1.6238025415294657,-0.5101515430617262,0.9025873648130485
-0.10463740114712752,-0.47454519624983954,-0.4736736092984604,-0.49237782784290063,-0.5609748304808925,0.8119223343984152,-0.2734755972512319,-0.8189865811572414,-0.33964233267076216,-0.2734755972512319,-0.15911145683514602,0.6130741277011017,-0.49765947011372363,-0.2764243136487601,-0.7940854607477059,-1.3555735383351195,3.2513733362117265,-1.6238025415294657,-0.5101515430617262,0.9025873648130485
-2.1795831708219895,-0.47454519624983954,2.0089333664952354,-0.33146744825388363,0.6792945838081278,-1.2316448970959013,-0.2734755972512319,-0.14903715526900022,-0.4095107611038644,3.6566333890527614,-0.15911145683514602,-1.8810506643140903,-1.5403893448522157,-1.1511962018379032,-0.2810199353299208,-1.3555735383351195,-0.3075623426146228,-1.6238025415294657,-0.5101515430617262,0.9025873648130485
-0.5657364610748746,-0.47454519624983954,-0.4736736092984604,-0.49145565916975514,-0.5609748304808925,0.8119223343984152,-0.2734755972512319,-0.8135961720983267,-0.338363758017817,-0.2734755972512319,-0.15911145683514602,0.058824173919947875,-0.7299053706107931,-0.6115859566331061,-0.7904901237353718,0.7376951317802901,-0.3075623426146228,0.6158384251930635,-0.5101515430617262,0.9025873648130485
-0.10463740114712752,0.4327933656785018,0.7676298785983874,-0.19824427701513722,0.6792945838081278,-1.2316448970959013,-0.2734755972512319,0.19484336402527688,-0.3479400402255745,-0.2734755972512319,-0.15911145683514602,0.6130741277011017,-0.0026643049504381632,-0.2764243136487601,0.03418561282263706,-1.3555735383351195,-0.3075623426146228,-1.6238025415294657,-0.5101515430617262,0.9025873648130485
-1.7184841108942424,3.1548090514635256,0.7676298785983874,-0.06199888922968463,2.5396987052416584,-1.2316448970959013,3.6566333890527614,0.457519539438721,-0.42048379771778693,3.6566333890527614,-0.15911145683514602,-1.3268007105329365,-1.161946421152284,-1.0975703389604077,0.2986549140207729,0.7376951317802901,3.2513733362117265,-1.6238025415294657,-0.5101515430617262,0.9025873648130485
-0.10463740114712752,-0.47454519624983954,-0.4736736092984604,-0.034313694348132716,-0.5609748304808925,0.8119223343984152,-0.2734755972512319,0.5036031274312862,0.2954575222310441,-0.2734755972512319,-0.15911145683514602,-1.1112590618402656,0.14808542463603602,-0.2764243136487601,0.34716932035050957,0.7376951317802901,-0.3075623426146228,0.6158384251930635,-0.5101515430617262,-1.1079259903080172
-0.10463740114712752,0.4327933656785018,-0.4736736092984604,-0.49237782784290063,0.059159876663617626,-1.2316448970959013,-0.2734755972512319,-0.8189865811572414,-0.4478186815826083,-0.2734755972512319,-0.15911145683514602,0.6130741277011017,-0.49765947011372363,-0.2764243136487601,-0.7940854607477059,0.7376951317802901,3.2513733362117265,-1.6238025415294657,-0.5101515430617262,0.9025873648130485
0.27961181545932834,0.4327933656785018,-0.4736736092984604,0.4207302360686478,0.059159876663617626,-1.2316448970959013,-0.2734755972512319,1.0620380556287106,0.18518743753380743,-0.2734755972512319,-0.15911145683514602,-0.9573007413455007,0.7799981407442325,0.06432335671865831,0.9852692911996687,-1.3555735383351195,-0.3075623426146228,0.6158384251930635,-0.5101515430617262,-1.1079259903080172
-1.7184841108942424,3.1548090514635256,0.7676298785983874,0.1506737441786005,2.5396987052416584,-1.2316448970959013,3.6566333890527614,0.7678594338107121,-0.37133916608848055,3.6566333890527614,-0.15911145683514602,-1.3268007105329365,-1.1240661168662027,-1.0975703389604077,0.6375618152562126,0.7376951317802901,-0.3075623426146228,0.6158384251930635,-0.5101515430617262,0.9025873648130485
0.20276197213803718,-0.47454519624983954,-0.4736736092984604,-0.49237782784290063,-0.5609748304808925,0.8119223343984152,-0.2734755972512319,-0.8189865811572414,-0.33964233267076216,-0.2734755972512319,-0.15911145683514602,0.9825740968885375,-0.3414502930117695,-0.008294999261283314,-0.7940854607477059,0.7376951317802901,3.2513733362117265,-1.6238025415294657,-0.5101515430617262,0.9025873648130485
1.5860591519212783,-0.47454519624983954,-0.4736736092984604,-0.3866707201133388,-0.5609748304808925,0.8119223343984152,-0.2734755972512319,-0.3336984726090332,-0.19308082769342225,-0.2734755972512319,-0.15911145683514602,1.1057407532843495,0.7845953290433808,1.640700284221699,-0.4357668312169326,0.7376951317802901,-0.3075623426146228,0.6158384251930635,1.9602018529600023,-1.1079259903080172
2.277707741812899,-0.47454519624983954,-0.4736736092984604,-0.3766033765200472,-0.5609748304808925,0.8119223343984152,-0.2734755972512319,-0.29746598596845064,-0.17912258912415177,-0.2734755972512319,-0.15911145683514602,1.6599907070655033,1.2495006410518852,2.73667885678051,-0.40620372632086454,0.7376951317802901,-0.3075623426146228,0.6158384251930635,1.9602018529600023,-1.1079259903080172
-0.10463740114712752,0.4327933656785018,-0.4736736092984604,1.0060617003323709,0.059159876663617626,-1.2316448970959013,-0.2734755972512319,1.5060857797883969,0.5909645993333553,-0.2734755972512319,-0.15911145683514602,-1.1112590618402656,0.6375403558449397,-0.2764243136487601,1.5588707538127677,0.7376951317802901,-0.3075623426146228,-1.6238025415294657,-0.5101515430617262,-1.1079259903080172
-0.10463740114712752,-0.47454519624983954,-0.4736736092984604,-0.4863374216869257,-0.5609748304808925,0.8119223343984152,-0.2734755972512319,-0.7841792430073967,-0.3312673895291999,-0.2734755972512319,-0.15911145683514602,0.6130741277011017,-0.4806650380807706,-0.2764243136487601,-0.7707171035377015,0.7376951317802901,-0.3075623426146228,0.6158384251930635,-0.5101515430617262,0.9025873648130485
2.3545575851341902,-0.47454519624983954,-0.4736736092984604,-0.11384570873513637,-0.5609748304808925,0.8119223343984152,-0.2734755972512319,0.36526093570402607,0.18518743753380743,-0.2734755972512319,-0.15911145683514602,-0.12592581067377007,1.991014624961096,2.8696263084976343,0.20342812254316164,0.7376951317802901,-0.3075623426146228,0.6158384251930635,-0.5101515430617262,-1.1079259903080172
-0.9499856776813305,-0.47454519624983954,-0.4736736092984604,-0.3573083057891445,-0.5609748304808925,0.8119223343984152,-0.2734755972512319,-0.23138736843472296,-0.152370229082288,-0.2734755972512319,-0.15911145683514602,-0.4030507875643469,-0.7530508362807521,-0.829441024572931,-0.351282827370869,-1.3555735383351195,-0.3075623426146228,-1.6238025415294657,-0.5101515430617262,0.9025873648130485
0.24118689379868277,0.4327933656785018,-0.4736736092984604,-0.04295550208861426,0.059159876663617626,-1.2316448970959013,-0.2734755972512319,0.4894379098126231,-0.13625963012563605,-0.2734755972512319,-0.15911145683514602,0.028032509820994887,0.4195736024447568,0.02773487735953388,0.33218967033232955,0.7376951317802901,-0.3075623426146228,-1.6238025415294657,1.9602018529600023,-1.1079259903080172
-0.6425863043961658,-0.47454519624983954,-0.4736736092984604,0.921244330558889,-0.5609748304808925,0.8119223343984152,-0.2734755972512319,1.452419049919151,1.6203260692150612,-0.2734755972512319,-0.15911145683514602,-1.3268007105329365,0.060722543821267176,-0.659625792127529,1.4864304643551696,-1.3555735383351195,-0.3075623426146228,0.6158384251930635,-0.5101515430617262,-1.1079259903080172
-2.025883484179407,3.1548090514635256,2.0089333664952354,-0.016444159470040135,3.1598334123861687,-1.2316448970959013,3.6566333890527614,0.5322916934007406,-0.4308195410393182,3.6566333890527614,-0.15911145683514602,-1.6963006797203724,-1.4032791255341164,-1.142258558024987,0.37769019186785885,0.7376951317802901,-0.3075623426146228,0.6158384251930635,-0.5101515430617262,0.9025873648130485
-0.7962859910387481,-0.47454519624983954,-0.4736736092984604,-0.43700743807979686,-0.5609748304808925,0.8119223343984152,-0.2734755972512319,-0.5368057694182641,-0.2628720205397746,-0.2734755972512319,-0.15911145683514602,-0.8033424208507358,-0.7556414681912141,-0.7490022302566879,-0.594257804840711,0.7376951317802901,-0.3075623426146228,0.6158384251930635,1.9602018529600023,-1.1079259903080172
-0.41203677443229225,1.340131927606843,3.250236854392083,-0.2708962687904854,2.5396987052416584,-1.2316448970959013,3.6566333890527614,0.021587667954472933,-0.46875603943651395,-0.2734755972512319,-0.15911145683514602,-0.4954257798612059,-0.3020935157678394,-0.5088030527845733,-0.1290196052412911,-1.3555735383351195,-0.3075623426146228,0.6158384251930635,1.9602018529600023,-1.1079259903080172
-0.8731358343600393,-0.47454519624983954,2.0089333664952354,0.955306180872432,0.6792945838081278,-1.2316448970959013,-0.2734755972512319,1.4743073772537167,0.18518743753380743,-0.2734755972512319,-0.15911145683514602,-1.4191757028297955,-0.1683853950670325,-0.7903388328914239,1.5158722583393174,-1.3555735383351195,-0.3075623426146228,0.6158384251930635,-0.5101515430617262,-1.1079259903080172
1.5092093085999871,-0.47454519624983954,-0.4736736092984604,-0.1263453225405672,-0.5609748304808925,0.8119223343984152,-0.2734755972512319,0.3417284274758476,0.16785688852620126,-0.2734755972512319,-0.15911145683514602,-0.46463411576225294,1.314182502837172,1.5300969420368646,0.17954378133242804,-1.3555735383351195,-0.3075623426146228,0.6158384251930635,-0.5101515430617262,-1.1079259903080172
0.8944105620296577,-0.47454519624983954,2.0089333664952354,-0.2414492887801075,0.6792945838081278,-1.2316448970959013,-0.2734755972512319,0.09534793704965058,-0.36790776577353484,-0.2734755972512319,-0.15911145683514602,1.813949027560268,0.6637027424611169,0.7257089988744344,-0.060629629898245725,-1.3555735383351195,-0.3075623426146228,0.6158384251930635,-0.5101515430617262,0.9025873648130485
0.04906228549545483,-0.47454519624983954,-0.4736736092984604,-0.45714212526638004,-0.5609748304808925,0.8119223343984152,-0.2734755972512319,-0.6307359423566569,-0.2907884976783155,-0.2734755972512319,-0.15911145683514602,0.7978241122948195,-0.32107771955237696,-0.14682847836147966,-0.6634047891287582,0.7376951317802901,-0.3075623426146228,0.6158384251930635,-0.5101515430617262,0.9025873648130485
2.277707741812899,-0.47454519624983954,-0.4736736092984604,-0.5024451714361923,-0.5609748304808925,0.8119223343984152,-0.2734755972512319,-0.8797405693934278,-0.35360057124003264,-0.2734755972512319,-0.15911145683514602,3.4766988889037296,0.6504581123861526,2.73667885678051,-0.8340099545272707,0.7376951317802901,-0.3075623426146228,0.6158384251930635,-0.5101515430617262,0.9025873648130485
-1.949033640858116,-0.47454519624983954,0.7676298785983874,-0.37828059596268965,0.059159876663617626,-1.2316448970959013,-0.2734755972512319,-0.3034147385612252,-0.36872153108212335,3.6566333890527614,-0.15911145683514602,-1.6039256874235135,-1.3989539274424767,-1.1344381196886857,-0.41108427453743623,-1.3555735383351195,-0.3075623426146228,-1.6238025415294657,-0.5101515430617262,0.9025873648130485
-0.10463740114712752,-0.47454519624983954,2.0089333664952354,-0.3414522396297103,0.6792945838081278,-1.2316448970959013,-0.2734755972512319,-0.1800831698720664,-0.4141253547748653,-0.2734755972512319,-0.15911145683514602,0.6130741277011017,-0.1857194834372037,-0.2764243136487601,-0.307745927009662,-1.3555735383351195,-0.3075623426146228,-1.6238025415294657,-0.5101515430617262,0.9025873648130485
1.6629089952425695,-0.47454519624983954,-0.4736736092984604,-0.49237782784290063,-0.5609748304808925,0.8119223343984152,-0.2734755972512319,-0.8189865811572414,-0.33964233267076216,-0.2734755972512319,-0.15911145683514602,2.737698950528858,0.4005432982225121,1.753538037359762,-0.7940854607477059,0.7376951317802901,-0.3075623426146228,0.6158384251930635,-0.5101515430617262,0.9025873648130485
1.2018099353148226,0.4327933656785018,0.7676298785983874,-0.11988611489111134,0.6792945838081278,-1.2316448970959013,-0.2734755972512319,0.35395586016517094,-0.3117258555322212,-0.2734755972512319,-0.15911145683514602,0.7978241122948195,1.0866092207254137,1.1100276828298177,0.19193346639430406,-1.3555735383351195,-0.3075623426146228,0.6158384251930635,1.9602018529600023,-1.1079259903080172
-0.8731358343600393,0.4327933656785018,0.7676298785983874,-0.2414492887801075,0.6792945838081278,-1.2316448970959013,-0.2734755972512319,0.09534793704965058,-0.36790776577353484,-0.2734755972512319,-0.15911145683514602,-0.31067579526748795,-0.6011999015056131,-0.7903388328914239,-0.060629629898245725,0.7376951317802901,-0.3075623426146228,0.6158384251930635,-0.5101515430617262,0.9025873648130485
-0.10463740114712752,6.784163299176891,2.0089333664952354,0.7519458402879414,5.64037224096421,-1.2316448970959013,3.6566333890527614,1.3361591794576348,-0.3794867591321342,-0.2734755972512319,-0.15911145683514602,0.6130741277011017,0.5545749177100281,-0.2764243136487601,1.3324391053853897,-1.3555735383351195,-0.3075623426146228,0.6158384251930635,-0.5101515430617262,0.9025873648130485
-0.10463740114712752,0.4327933656785018,-0.4736736092984604,-0.3363340021468808,0.059159876663617626,-1.2316448970959013,-0.2734755972512319,-0.16405229962564447,-0.33964233267076216,-0.2734755972512319,-0.15911145683514602,0.6130741277011017,-0.1778925265564714,-0.2764243136487601,-0.29398153689551876,-1.3555735383351195,3.2513733362117265,-1.6238025415294657,-0.5101515430617262,0.9025873648130485
-0.10463740114712752,-0.47454519624983954,0.7676298785983874,0.016023023618325298,0.059159876663617626,-1.2316448970959013,-0.2734755972512319,0.5824597491940529,-0.09537315770852897,-0.2734755972512319,-0.15911145683514602,-0.249092467069582,0.18658660197761873,-0.2764243136487601,0.43165080928911126,0.7376951317802901,-0.3075623426146228,0.6158384251930635,1.9602018529600023,-1.1079259903080172
2.00873329018838,-0.47454519624983954,-0.4736736092984604,-0.4863374216869257,-0.5609748304808925,0.8119223343984152,-0.2734755972512319,-0.7841792430073967,-0.3312673895291999,-0.2734755972512319,-0.15911145683514602,3.1533864158647233,0.609964014527528,2.2889587620272547,-0.7707171035377015,0.7376951317802901,-0.3075623426146228,0.6158384251930635,-0.5101515430617262,0.9025873648130485
-0.41203677443229225,-0.47454519624983954,0.7676298785983874,4.335332226633905,0.059159876663617626,-1.2316448970959013,-0.2734755972512319,2.6363132839087284,2.8989593467622274,-0.2734755972512319,-0.15911145683514602,-1.2344257182360776,0.7921530046607149,-0.5088030527845733,3.2834818985772354,0.7376951317802901,-0.3075623426146228,-1.6238025415294657,-0.5101515430617262,-1.1079259903080172
-0.10463740114712752,-0.47454519624983954,-0.4736736092984604,-0.6484216535389205,-0.5609748304808925,0.8119223343984152,-0.2734755972512319,-3.0585777291682934,-0.5559950304944544,-0.2734755972512319,-0.15911145683514602,-1.1112590618402656,-1.5911237098274018,-0.2764243136487601,-1.5400776793270476,0.7376951317802901,-0.3075623426146228,0.6158384251930635,-0.5101515430617262,-1.1079259903080172
-0.10463740114712752,0.4327933656785018,-0.4736736092984604,-0.32425318983493084,0.059159876663617626,-1.2316448970959013,-0.2734755972512319,-0.12717266791993012,-0.3312673895291999,-0.2734755972512319,-0.15911145683514602,0.6130741277011017,-0.1598863121276355,-0.2764243136487601,-0.26202581102422196,-1.3555735383351195,-0.3075623426146228,0.6158384251930635,-0.5101515430617262,0.9025873648130485
-0.10463740114712752,0.4327933656785018,2.0089333664952354,-0.17626323901354432,1.299429290952638,-1.2316448970959013,-0.2734755972512319,0.24200663802437702,-0.3923346832697581,-0.2734755972512319,-0.15911145683514602,0.6130741277011017,0.020362823725094348,-0.2764243136487601,0.08015911165840314,0.7376951317802901,-0.3075623426146228,0.6158384251930635,-0.5101515430617262,0.9025873648130485
-0.10463740114712752,6.784163299176891,2.0089333664952354,0.7519458402879414,5.64037224096421,-1.2316448970959013,3.6566333890527614,1.3361591794576348,-0.3794867591321342,-0.2734755972512319,-0.15911145683514602,0.6130741277011017,0.5545749177100281,-0.2764243136487601,1.3324391053853897,0.7376951317802901,-0.3075623426146228,0.6158384251930635,-0.5101515430617262,0.9025873648130485
-0.027787557825836348,0.4327933656785018,-0.4736736092984604,-0.12491978668775715,0.059159876663617626,-1.2316448970959013,-0.2734755972512319,0.3444394801955362,-0.19308082769342225,-0.2734755972512319,-0.15911145683514602,-0.18750913887167603,0.12971415760070798,-0.21274360148173435,0.18228697133662133,-1.3555735383351195,-0.3075623426146228,0.6158384251930635,1.9602018529600023,-1.1079259903080172
2.200857898491608,-0.47454519624983954,0.7676298785983874,2.441497778832105,0.059159876663617626,-1.2316448970959013,-0.2734755972512319,2.14527242190355,1.5860711559422147,-0.2734755972512319,-0.15911145683514602,-0.18750913887167603,3.6718425612482535,2.6059658160166155,2.4875227388217573,-1.3555735383351195,-0.3075623426146228,0.6158384251930635,-0.5101515430617262,-1.1079259903080172
-0.2583370877897099,-0.47454519624983954,-0.4736736092984604,-0.4888542575852486,-0.5609748304808925,0.8119223343984152,-0.2734755972512319,-0.798539974052802,-0.3347569491715175,-0.2734755972512319,-0.15911145683514602,0.4283241431073837,-0.5664942149811953,-0.39708250512312465,-0.7804020374400552,-1.3555735383351195,-0.3075623426146228,0.6158384251930635,-0.5101515430617262,0.9025873648130485
1.1249600919935314,-0.47454519624983954,0.7676298785983874,0.5189714017894245,0.059159876663617626,-1.2316448970959013,-0.2734755972512319,1.1511968252901217,0.25329247516099185,-0.2734755972512319,-0.15911145683514602,-0.6185924362570179,1.6387781473610155,1.0105963954111286,1.0957346815113462,-1.3555735383351195,-0.3075623426146228,-1.6238025415294657,-0.5101515430617262,-1.1079259903080172
-0.10463740114712752,-0.47454519624983954,-0.4736736092984604,-0.5029485386158568,-0.5609748304808925,0.8119223343984152,-0.2734755972512319,-0.8828741679067217,-0.35429848316849616,-0.2734755972512319,-0.15911145683514602,0.6130741277011017,-0.5288521239756584,-0.2764243136487601,-0.8360394239927292,0.7376951317802901,-0.3075623426146228,-1.6238025415294657,-0.5101515430617262,0.9025873648130485
0.20276197213803718,-0.47454519624983954,-0.4736736092984604,-0.4800453319411184,-0.5609748304808925,0.8119223343984152,-0.2734755972512319,-0.7491276790090223,-0.3225434904234058,-0.2734755972512319,-0.15911145683514602,0.9825740968885375,-0.3024696009242496,-0.008294999261283314,-0.7468205938578971,0.7376951317802901,-0.3075623426146228,0.6158384251930635,-0.5101515430617262,0.9025873648130485
-0.2583370877897099,-0.47454519624983954,-0.4736736092984604,-0.43700743807979686,-0.5609748304808925,0.8119223343984152,-0.2734755972512319,-0.5368057694182641,-0.2628720205397746,-0.2734755972512319,-0.15911145683514602,-0.37225912346539397,-0.4478322212726187,-0.39708250512312465,-0.594257804840711,0.7376951317802901,-0.3075623426146228,0.6158384251930635,1.9602018529600023,-1.1079259903080172
-1.0268355210026217,-0.47454519624983954,-0.4736736092984604,-0.4863374216869257,-0.5609748304808925,0.8119223343984152,-0.2734755972512319,-0.7841792430073967,-0.3312673895291999,-0.2734755972512319,-0.15911145683514602,-0.4954257798612059,-0.9565758974007554,-0.866308805301209,-0.7707171035377015,0.7376951317802901,-0.3075623426146228,0.6158384251930635,-0.5101515430617262,0.9025873648130485
-0.7962859910387481,-0.47454519624983954,-0.4736736092984604,-0.4918744606632361,-0.5609748304808925,0.8119223343984152,-0.2734755972512319,-0.8160407306065733,-0.33894442074229864,-0.2734755972512319,-0.15911145683514602,-0.218300802970629,-0.8481541358869592,-0.7490022302566879,-0.7921216854519817,0.7376951317802901,-0.3075623426146228,0.6158384251930635,-0.5101515430617262,0.9025873648130485
-0.10463740114712752,-0.47454519624983954,-0.4736736092984604,-0.4894421904510968,-0.5609748304808925,0.8119223343984152,-0.2734755972512319,-0.8019236166026618,-0.33557211030396283,-0.2734755972512319,-0.15911145683514602,0.6130741277011017,-0.4893286006242167,-0.2764243136487601,-0.7826750495741225,0.7376951317802901,-0.3075623426146228,0.6158384251930635,-0.5101515430617262,0.9025873648130485
1.432359465278696,-0.47454519624983954,-0.4736736092984604,-0.4902797934380587,-0.5609748304808925,0.8119223343984152,-0.2734755972512319,-0.806763380796033,-0.33673343575292625,-0.2734755972512319,-0.15911145683514602,2.460573973638281,0.29361708310522583,1.4217280108052595,-0.7859203137141989,0.7376951317802901,-0.3075623426146228,0.6158384251930635,-0.5101515430617262,0.9025873648130485
-0.10463740114712752,-0.47454519624983954,-0.4736736092984604,-0.49237782784290063,-0.5609748304808925,0.8119223343984152,-0.2734755972512319,-0.8189865811572414,-0.33964233267076216,-0.2734755972512319,-0.15911145683514602,0.6130741277011017,-0.49765947011372363,-0.2764243136487601,-0.7940854607477059,0.7376951317802901,3.2513733362117265,-1.6238025415294657,-0.5101515430617262,0.9025873648130485
-1.56478442425166,4.0621476133918675,2.0089333664952354,0.2958951755118318,3.779968119530679,-1.2316448970959013,3.6566333890527614,0.936361092700485,-0.3923346832697581,3.6566333890527614,-0.15911145683514602,-1.1420507259392187,-0.9641772514951745,-1.061819763708744,0.8335744910034938,0.7376951317802901,-0.3075623426146228,0.6158384251930635,-0.5101515430617262,0.9025873648130485
0.4333115021019107,0.4327933656785018,-0.4736736092984604,1.0323213593611125,0.059159876663617626,-1.2316448970959013,-0.2734755972512319,1.5221510751129648,0.6091689340753977,-0.2734755972512319,-0.15911145683514602,-0.8957174131475948,1.2045110781093664,0.21626330153822848,1.5807225865016064,-1.3555735383351195,-0.3075623426146228,0.6158384251930635,-0.5101515430617262,-1.1079259903080172
-1.3342348942877864,0.4327933656785018,-0.4736736092984604,-0.42207354059350805,0.059159876663617626,-1.2316448970959013,-0.2734755972512319,-0.47227211715402734,-0.39908069997028656,-0.2734755972512319,-0.15911145683514602,-0.8649257490486417,-1.0499472476695146,-0.9914358186820316,-0.545230215326437,0.7376951317802901,-0.3075623426146228,-1.6238025415294657,-0.5101515430617262,0.9025873648130485
0.12591212881674602,-0.47454519624983954,-0.4736736092984604,-0.4902797934380587,-0.5609748304808925,0.8119223343984152,-0.2734755972512319,-0.806763380796033,-0.33673343575292625,-0.2734755972512319,-0.15911145683514602,0.8901991045916785,-0.3738952810584131,-0.07867894428799597,-0.7859203137141989,-1.3555735383351195,-0.3075623426146228,0.6158384251930635,-0.5101515430617262,0.9025873648130485
-0.1814872444684187,0.4327933656785018,-0.4736736092984604,-0.3693891181010945,0.059159876663617626,-1.2316448970959013,-0.2734755972512319,-0.272262193114855,-0.36255757292993346,-0.2734755972512319,-0.15911145683514602,-0.31067579526748795,-0.2793108873915362,-0.3378706148625569,-0.3854089462191549,-1.3555735383351195,-0.3075623426146228,-1.6238025415294657,1.9602018529600023,-1.1079259903080172
1.0481102486722402,-0.47454519624983954,0.7676298785983874,3.6067927997556075,0.059159876663617626,-1.2316448970959013,-0.2734755972512319,2.4738467350641637,2.3939042131387427,-0.2734755972512319,-0.15911145683514602,-0.6493841003559708,2.557096085699857,0.9133995189456682,3.0121900816974234,-1.3555735383351195,-0.3075623426146228,0.6158384251930635,-0.5101515430617262,-1.1079259903080172
0.08748720715610042,-0.47454519624983954,-0.4736736092984604,-0.49237782784290063,-0.5609748304808925,0.8119223343984152,-0.2734755972512319,-0.8189865811572414,-0.33964233267076216,-0.2734755972512319,-0.15911145683514602,0.8440116084432491,-0.40002873442500236,-0.11303301269389143,-0.7940854607477059,-1.3555735383351195,3.2513733362117265,-1.6238025415294657,-0.5101515430617262,0.9025873648130485
0.35646165878061953,-0.47454519624983954,-0.4736736092984604,-0.4863374216869257,-0.5609748304808925,0.8119223343984152,-0.2734755972512319,-0.7841792430073967,-0.3312673895291999,-0.2734755972512319,-0.15911145683514602,1.1673240814822554,-0.24270960842077824,0.1391761236518289,-0.7707171035377015,0.7376951317802901,-0.3075623426146228,0.6158384251930635,-0.5101515430617262,0.9025873648130485
-0.10463740114712752,-0.47454519624983954,-0.4736736092984604,-0.6484216535389205,-0.5609748304808925,0.8119223343984152,-0.2734755972512319,-3.0585777291682934,-0.5559950304944544,-0.2734755972512319,-0.15911145683514602,-0.249092467069582,-1.5911237098274018,-0.2764243136487601,-1.5400776793270476,0.7376951317802901,-0.3075623426146228,0.6158384251930635,1.9602018529600023,-1.1079259903080172
-0.48888661775358344,-0.47454519624983954,-0.4736736092984604,-0.3866707201133388,-0.5609748304808925,0.8119223343984152,-0.2734755972512319,-0.3336984726090332,-0.19308082769342225,-0.2734755972512319,-0.15911145683514602,-0.5570091080591119,-0.4982929519468417,-0.5613117101854542,-0.4357668312169326,0.7376951317802901,-0.3075623426146228,0.6158384251930635,1.9602018529600023,-1.1079259903080172
-0.41203677443229225,-0.47454519624983954,2.0089333664952354,-0.312172377522981,0.6792945838081278,-1.2316448970959013,-0.2734755972512319,-0.09156500424402261,-0.40059330775657653,-0.2734755972512319,-0.15911145683514602,0.2435741585136658,-0.34944721019562297,-0.5088030527845733,-0.2307883431442127,-1.3555735383351195,-0.3075623426146228,0.6158384251930635,-0.5101515430617262,0.9025873648130485
0.7407108753870755,-0.47454519624983954,-0.4736736092984604,-0.12491978668775715,-0.5609748304808925,0.8119223343984152,-0.2734755972512319,0.3444394801955362,0.1698333751076099,-0.2734755972512319,-0.15911145683514602,0.4283241431073837,0.7231065256793668,0.5469561226161165,0.18228697133662133,0.7376951317802901,-0.3075623426146228,0.6158384251930635,1.9602018529600023,-1.1079259903080172
-0.41203677443229225,-0.47454519624983954,-0.4736736092984604,-0.3866707201133388,-0.5609748304808925,0.8119223343984152,-0.2734755972512319,-0.3336984726090332,-0.19308082769342225,-0.2734755972512319,-0.15911145683514602,-0.4954257798612059,-0.4507785711694261,-0.5088030527845733,-0.4357668312169326,-1.3555735383351195,-0.3075623426146228,0.6158384251930635,1.9602018529600023,-1.1079259903080172
-0.10463740114712752,-0.47454519624983954,-0.4736736092984604,-0.49078316061772326,-0.5609748304808925,0.8119223343984152,-0.2734755972512319,-0.809682843697731,-0.3374313476813897,-0.2734755972512319,-0.15911145683514602,0.6130741277011017,-0.49311698734105586,-0.2764243136487601,-0.787874566457301,0.7376951317802901,3.2513733362117265,-1.6238025415294657,-0.5101515430617262,0.9025873648130485
-2.1987956316523123,1.340131927606843,0.7676298785983874,-0.26066180729354516,1.299429290952638,-1.2316448970959013,-0.2734755972512319,0.047825129435189045,-0.4215890575751637,3.6566333890527614,-0.15911145683514602,-1.9041444123883051,-1.5504983845263518,-1.1516849792339219,-0.1048778726196788,-1.3555735383351195,-0.3075623426146228,-1.6238025415294657,-0.5101515430617262,0.9025873648130485
0.35646165878061953,-0.47454519624983954,-0.4736736092984604,-0.3866707201133388,-0.5609748304808925,0.8119223343984152,-0.2734755972512319,-0.3336984726090332,-0.19308082769342225,-0.2734755972512319,-0.15911145683514602,0.12040750211785385,0.02436523660473032,0.1391761236518289,-0.4357668312169326,0.7376951317802901,-0.3075623426146228,0.6158384251930635,1.9602018529600023,-1.1079259903080172
-0.48888661775358344,-0.47454519624983954,-0.4736736092984604,-0.4626791642426904,-0.5609748304808925,0.8119223343984152,-0.2734755972512319,-0.658138561741074,-0.29846552889141426,-0.2734755972512319,-0.15911145683514602,0.15119916621680685,-0.62841178478669,-0.5613117101854542,-0.6830828103590231,0.7376951317802901,-0.3075623426146228,0.6158384251930635,-0.5101515430617262,0.9025873648130485
0.9712604053509489,0.4327933656785018,-0.4736736092984604,-0.12491978668775715,0.059159876663617626,-1.2316448970959013,-0.2734755972512319,0.3444394801955362,-0.19308082769342225,-0.2734755972512319,-0.15911145683514602,0.6130741277011017,0.901124236102964,0.8184370534334368,0.18228697133662133,-1.3555735383351195,-0.3075623426146228,0.6158384251930635,1.9602018529600023,-1.1079259903080172
-0.10463740114712752,-0.47454519624983954,-0.4736736092984604,-0.47811642890864375,-0.5609748304808925,0.8119223343984152,-0.2734755972512319,-0.7386163019798164,-0.31986909191353363,-0.2734755972512319,-0.15911145683514602,0.6130741277011017,-0.45841926044671993,-0.2764243136487601,-0.7395831999453281,0.7376951317802901,3.2513733362117265,-1.6238025415294657,-0.5101515430617262,0.9025873648130485
-0.5657364610748746,-0.47454519624983954,-0.4736736092984604,-0.4863374216869257,-0.5609748304808925,0.8119223343984152,-0.2734755972512319,-0.7841792430073967,-0.3312673895291999,-0.2734755972512319,-0.15911145683514602,0.058824173919947875,-0.7186204677407629,-0.6115859566331061,-0.7707171035377015,0.7376951317802901,-0.3075623426146228,0.6158384251930635,-0.5101515430617262,0.9025873648130485
-2.192647644186609,-0.47454519624983954,2.0089333664952354,-0.06451572512800753,0.6792945838081278,-1.2316448970959013,-0.2734755972512319,0.4532263111425748,-0.2861357514885587,3.6566333890527614,-0.15911145683514602,-1.9223114942066875,-1.540297681111514,-1.1515437644616777,0.29416739347383863,0.7376951317802901,-0.3075623426146228,0.6158384251930635,1.9602018529600023,-1.1079259903080172
-0.10463740114712752,-0.47454519624983954,-0.4736736092984604,-0.49640476528021726,-0.5609748304808925,0.8119223343984152,-0.2734755972512319,-0.8428609376877135,-0.3452256280984703,-0.2734755972512319,-0.15911145683514602,0.6130741277011017,-0.5093159526531505,-0.2764243136487601,-0.8099054511153398,-1.3555735383351195,-0.3075623426146228,0.6158384251930635,-0.5101515430617262,0.9025873648130485
1.7397588385638607,-0.47454519624983954,-0.4736736092984604,-0.3766033765200472,-0.5609748304808925,0.8119223343984152,-0.2734755972512319,-0.29746598596845064,-0.17912258912415177,-0.2734755972512319,-0.15911145683514602,1.2289074096801613,0.9124774129814612,1.8686102014510542,-0.40620372632086454,0.7376951317802901,-0.3075623426146228,0.6158384251930635,1.9602018529600023,-1.1079259903080172
-0.9499856776813305,0.4327933656785018,-0.4736736092984604,-0.5063875431873253,0.059159876663617626,-1.2316448970959013,-0.2734755972512319,-0.9045411875888885,-0.45753082397910666,-0.2734755972512319,-0.15911145683514602,-0.4030507875643469,-0.9525959264850965,-0.829441024572931,-0.8499921099322922,0.7376951317802901,-0.3075623426146228,0.6158384251930635,-0.5101515430617262,0.9025873648130485
1.5092093085999871,0.4327933656785018,-0.4736736092984604,1.145663540471827,0.059159876663617626,-1.2316448970959013,-0.2734755972512319,1.588760118059578,0.6877426506295352,-0.2734755972512319,-0.15911145683514602,-0.46463411576225294,2.379677417453381,1.5300969420368646,1.6721424838140646,0.7376951317802901,-0.3075623426146228,-1.6238025415294657,-0.5101515430617262,-1.1079259903080172
1.1249600919935314,-0.47454519624983954,-0.4736736092984604,-0.4888542575852486,-0.5609748304808925,0.8119223343984152,-0.2734755972512319,-0.798539974052802,-0.3347569491715175,-0.2734755972512319,-0.15911145683514602,2.091074004450845,0.14286466606617834,1.0105963954111286,-0.7804020374400552,0.7376951317802901,-0.3075623426146228,0.6158384251930635,-0.5101515430617262,0.9025873648130485
-1.7953339542155335,-0.47454519624983954,0.7676298785983874,-0.397241430886295,0.059159876663617626,-1.2316448970959013,-0.2734755972512319,-0.37316263612134226,-0.3818660043428053,3.6566333890527614,-0.15911145683514602,-1.4191757028297955,-1.3101663023327987,-1.112094010156396,-0.4675224521004633,0.7376951317802901,-0.3075623426146228,0.6158384251930635,-0.5101515430617262,0.9025873648130485
2.661956958419355,-0.47454519624983954,-0.4736736092984604,-0.12491978668775715,-0.5609748304808925,0.8119223343984152,-0.2734755972512319,0.3444394801955362,0.1698333751076099,-0.2734755972512319,6.284902544988268,-0.002759154277958102,2.2065874458760133,3.4237602248984196,0.18228697133662133,0.7376951317802901,-0.3075623426146228,0.6158384251930635,-0.5101515430617262,-1.1079259903080172
-0.8731358343600393,-0.47454519624983954,-0.4736736092984604,-0.4918744606632361,-0.5609748304808925,0.8119223343984152,-0.2734755972512319,-0.8160407306065733,-0.33894442074229864,-0.2734755972512319,-0.15911145683514602,-0.31067579526748795,-0.8872577976732985,-0.7903388328914239,-0.7921216854519817,-1.3555735383351195,-0.3075623426146228,0.6158384251930635,-0.5101515430617262,0.9025873648130485
-0.7962859910387481,-0.47454519624983954,-0.4736736092984604,-0.35646868933346404,-0.5609748304808925,0.8119223343984152,-0.2734755972512319,-0.2286058134653583,-0.15120611198561085,-0.2734755972512319,-0.15911145683514602,-0.218300802970629,-0.6535324772984641,-0.7490022302566879,-0.34894246505542853,0.7376951317802901,-0.3075623426146228,0.6158384251930635,-0.5101515430617262,0.9025873648130485
-0.2583370877897099,0.4327933656785018,2.0089333664952354,-0.23415046467497105,1.299429290952638,-1.2316448970959013,-0.2734755972512319,0.11284358066326507,-0.4123996512130844,-0.2734755972512319,-0.15911145683514602,0.4283241431073837,-0.1533017941173484,-0.39708250512312465,-0.04417034017109106,0.7376951317802901,-0.3075623426146228,0.6158384251930635,-0.5101515430617262,0.9025873648130485
1.0481102486722402,0.4327933656785018,0.7676298785983874,-0.11988611489111134,0.6792945838081278,-1.2316448970959013,-0.2734755972512319,0.35395586016517094,-0.3117258555322212,-0.2734755972512319,-0.15911145683514602,0.6746574558990076,0.9675988682563994,0.9133995189456682,0.19193346639430406,0.7376951317802901,-0.3075623426146228,0.6158384251930635,1.9602018529600023,-1.1079259903080172
-0.10463740114712752,-0.47454519624983954,-0.4736736092984604,-0.1621689579829361,-0.5609748304808925,0.8119223343984152,-0.2734755972512319,0.2711522804976662,0.11818789240130914,-0.2734755972512319,-0.15911145683514602,0.6130741277011017,0.034592973641664804,-0.2764243136487601,0.1089002898312741,0.7376951317802901,3.2513733362117265,-1.6238025415294657,-0.5101515430617262,0.9025873648130485
-0.48888661775358344,-0.47454519624983954,-0.4736736092984604,-0.4888542575852486,-0.5609748304808925,0.8119223343984152,-0.2734755972512319,-0.798539974052802,-0.3347569491715175,-0.2734755972512319,-0.15911145683514602,0.15119916621680685,-0.6847206951557576,-0.5613117101854542,-0.7804020374400552,-1.3555735383351195,-0.3075623426146228,0.6158384251930635,-0.5101515430617262,0.9025873648130485
-1.0268355210026217,3.1548090514635256,0.7676298785983874,0.1506737441786005,2.5396987052416584,-1.2316448970959013,3.6566333890527614,0.7678594338107121,-0.37133916608848055,-0.2734755972512319,-0.15911145683514602,-0.4954257798612059,-0.523563497344661,-0.866308805301209,0.6375618152562126,0.7376951317802901,-0.3075623426146228,0.6158384251930635,-0.5101515430617262,0.9025873648130485
0.5101613454232019,-0.47454519624983954,2.0089333664952354,0.7811411367084872,0.6792945838081278,-1.2316448970959013,-0.2734755972512319,1.3571652197109427,0.10469492845101443,-0.2734755972512319,-0.15911145683514602,-0.8649257490486417,1.1808180155883647,0.295584890377857,1.3599649446082032,-1.3555735383351195,-0.3075623426146228,0.6158384251930635,-0.5101515430617262,-1.1079259903080172
-0.5657364610748746,-0.47454519624983954,0.7676298785983874,0.4589861417231558,0.059159876663617626,-1.2316448970959013,-0.2734755972512319,1.0976780669265336,0.2117080908154213,-0.2734755972512319,-0.15911145683514602,-1.2960090464339835,0.0032963881015517097,-0.6115859566331061,1.0291426478806605,-1.3555735383351195,-0.3075623426146228,0.6158384251930635,-0.5101515430617262,-1.1079259903080172
-0.7962859910387481,-0.47454519624983954,-0.4736736092984604,-0.4894421904510968,-0.5609748304808925,0.8119223343984152,-0.2734755972512319,-0.8019236166026618,-0.33557211030396283,-0.2734755972512319,-0.15911145683514602,-0.218300802970629,-0.8434770285823834,-0.7490022302566879,-0.7826750495741225,0.7376951317802901,-0.3075623426146228,0.6158384251930635,-0.5101515430617262,0.9025873648130485
-0.10463740114712752,-0.47454519624983954,-0.4736736092984604,-0.48977642625839407,-0.5609748304808925,0.8119223343984152,-0.2734755972512319,-0.8038521494426432,-0.3360355238244626,-0.2734755972512319,-0.15911145683514602,0.6130741277011017,-0.4902701928864946,-0.2764243136487601,-0.7839690464616976,-1.3555735383351195,3.2513733362117265,-1.6238025415294657,-0.5101515430617262,0.9025873648130485
1.3555096219574048,-0.47454519624983954,-0.4736736092984604,-0.46720946885967163,-0.5609748304808925,0.8119223343984152,-0.2734755972512319,-0.6811127586453682,-0.30474673624758597,-0.2734755972512319,-0.15911145683514602,2.368198981341422,0.3573286681104795,1.3155934905268833,-0.6994086145657414,0.7376951317802901,-0.3075623426146228,0.6158384251930635,-0.5101515430617262,0.9025873648130485
0.8175607187083667,-0.47454519624983954,-0.4736736092984604,-0.331300330350235,-0.5609748304808925,0.8119223343984152,-0.2734755972512319,-0.1485253917280838,-0.11631051556243467,-0.2734755972512319,-0.15911145683514602,0.4899074713052897,0.43860783898165695,0.6352153552686609,-0.28057698119343105,-1.3555735383351195,-0.3075623426146228,0.6158384251930635,1.9602018529600023,-1.1079259903080172
-0.719436147717457,0.4327933656785018,-0.4736736092984604,-0.4505983519307405,0.059159876663617626,-1.2316448970959013,-0.2734755972512319,-0.5992616204389827,-0.4188553365513721,-0.2734755972512319,-0.15911145683514602,-0.12592581067377007,-0.7334498752095094,-0.705431216668723,-0.6405272363561089,-1.3555735383351195,-0.3075623426146228,0.6158384251930635,-0.5101515430617262,0.9025873648130485
0.5101613454232019,0.4327933656785018,-0.4736736092984604,-0.12491978668775715,0.059159876663617626,-1.2316448970959013,-0.2734755972512319,0.3444394801955362,-0.19308082769342225,-0.2734755972512319,-0.15911145683514602,0.2435741585136658,0.5450888152557691,0.295584890377857,0.18228697133662133,-1.3555735383351195,-0.3075623426146228,0.6158384251930635,1.9602018529600023,-1.1079259903080172
-0.8731358343600393,0.4327933656785018,0.7676298785983874,-0.4902797934380587,0.6792945838081278,-1.2316448970959013,-0.2734755972512319,-0.806763380796033,-0.4829078322472783,-0.2734755972512319,-0.15911145683514602,-0.31067579526748795,-0.8843459124776665,-0.7903388328914239,-0.7859203137141989,0.7376951317802901,-0.3075623426146228,0.6158384251930635,-0.5101515430617262,0.9025873648130485
-0.8731358343600393,-0.47454519624983954,-0.4736736092984604,-0.41687275089321363,-0.5609748304808925,0.8119223343984152,-0.2734755972512319,-0.4507125974257932,-0.23495554340123365,-0.2734755972512319,-0.15911145683514602,-0.8649257490486417,-0.7725921222076241,-0.7903388328914239,-0.5285749284853629,0.7376951317802901,-0.3075623426146228,0.6158384251930635,1.9602018529600023,-1.1079259903080172
0.20276197213803718,-0.47454519624983954,-0.4736736092984604,0.48910360681684706,-0.5609748304808925,0.8119223343984152,-0.2734755972512319,1.1248955097361595,1.0211686786291265,-0.2734755972512319,-0.15911145683514602,0.9825740968885375,0.7432199051941952,-0.008294999261283314,1.0629021530354223,0.7376951317802901,-0.3075623426146228,0.6158384251930635,-0.5101515430617262,0.9025873648130485
0.27961181545932834,-0.47454519624983954,-0.4736736092984604,-0.4894421904510968,-0.5609748304808925,0.8119223343984152,-0.2734755972512319,-0.8019236166026618,-0.33557211030396283,-0.2734755972512319,-0.15911145683514602,1.0749490891853966,-0.2925794739807908,0.06432335671865831,-0.7826750495741225,0.7376951317802901,-0.3075623426146228,-1.6238025415294657,-0.5101515430617262,0.9025873648130485
0.4333115021019107,-0.47454519624983954,-0.4736736092984604,-0.11384570873513637,-0.5609748304808925,0.8119223343984152,-0.2734755972512319,0.36526093570402607,0.18518743753380743,-0.2734755972512319,-0.15911145683514602,-0.8957174131475948,0.4984569854658886,0.21626330153822848,0.20342812254316164,0.7376951317802901,-0.3075623426146228,-1.6238025415294657,-0.5101515430617262,-1.1079259903080172
2.661956958419355,0.4327933656785018,4.491540342288931,4.647001076532463,2.5396987052416584,-1.2316448970959013,3.6566333890527614,2.6987007794454887,0.6676772174115899,-0.2734755972512319,6.284902544988268,-0.002759154277958102,4.833904279596575,3.4237602248984196,3.389744913266443,0.7376951317802901,-0.3075623426146228,0.6158384251930635,-0.5101515430617262,-1.1079259903080172
1.7397588385638607,0.4327933656785018,0.7676298785983874,0.955306180872432,0.6792945838081278,-1.2316448970959013,-0.2734755972512319,1.4743073772537167,0.18518743753380743,-0.2734755972512319,-0.15911145683514602,-0.37225912346539397,2.5190091994803323,1.8686102014510542,1.5158722583393174,0.7376951317802901,-0.3075623426146228,0.6158384251930635,-0.5101515430617262,-1.1079259903080172
-0.41203677443229225,-0.47454519624983954,3.250236854392083,-0.26066180729354516,1.299429290952638,-1.2316448970959013,-0.2734755972512319,0.047825129435189045,-0.4215890575751637,-0.2734755972512319,-0.15911145683514602,0.2435741585136658,-0.2911133001937955,-0.5088030527845733,-0.1048778726196788,-1.3555735383351195,-0.3075623426146228,-1.6238025415294657,-0.5101515430617262,0.9025873648130485
2.4314074284554814,-0.47454519624983954,-0.4736736092984604,-0.5228315422126077,-0.5609748304808925,0.8119223343984152,-0.2734755972512319,-1.0149359989180027,-0.3818660043428053,-0.2734755972512319,6.284902544988268,3.6614488734974473,0.5826403708044933,3.004808171167987,-0.918913594525198,0.7376951317802901,-0.3075623426146228,0.6158384251930635,-0.5101515430617262,0.9025873648130485
-0.41203677443229225,-0.47454519624983954,-0.4736736092984604,-0.43700743807979686,-0.5609748304808925,0.8119223343984152,-0.2734755972512319,-0.5368057694182641,-0.2628720205397746,-0.2734755972512319,-0.15911145683514602,-0.4954257798612059,-0.5357777203922174,-0.5088030527845733,-0.594257804840711,0.7376951317802901,-0.3075623426146228,0.6158384251930635,1.9602018529600023,-1.1079259903080172
1.0481102486722402,-0.47454519624983954,-0.4736736092984604,-0.4863374216869257,-0.5609748304808925,0.8119223343984152,-0.2734755972512319,-0.7841792430073967,-0.3312673895291999,-0.2734755972512319,-0.15911145683514602,1.998699012153986,0.11422353606921035,0.9133995189456682,-0.7707171035377015,0.7376951317802901,-0.3075623426146228,0.6158384251930635,-0.5101515430617262,0.9025873648130485
0.35646165878061953,-0.47454519624983954,-0.4736736092984604,-0.43700743807979686,-0.5609748304808925,0.8119223343984152,-0.2734755972512319,-0.5368057694182641,-0.2628720205397746,-0.2734755972512319,-0.15911145683514602,0.12040750211785385,-0.09605022479422386,0.1391761236518289,-0.594257804840711,-1.3555735383351195,-0.3075623426146228,0.6158384251930635,1.9602018529600023,-1.1079259903080172
2.585107115098064,-0.47454519624983954,-0.4736736092984604,-0.455380340137554,-0.5609748304808925,0.8119223343984152,-0.2734755972512319,-0.6221672631581132,-0.2883458059286932,-0.2734755972512319,6.284902544988268,3.8461988580911655,1.0853859604655651,3.28187512936838,-0.6572057156351956,-1.3555735383351195,-0.3075623426146228,0.6158384251930635,-0.5101515430617262,0.9025873648130485
-0.41203677443229225,-0.47454519624983954,-0.4736736092984604,0.7469121684912956,-0.5609748304808925,0.8119223343984152,-0.2734755972512319,1.3324938581871215,1.3786168352064323,-0.2734755972512319,-0.15911145683514602,-1.2344257182360776,0.24651262803467894,-0.5088030527845733,1.3276496008072796,-1.3555735383351195,-0.3075623426146228,-1.6238025415294657,-0.5101515430617262,-1.1079259903080172
0.6638610320657843,0.4327933656785018,-0.4736736092984604,0.7868452935884461,0.059159876663617626,-1.2316448970959013,-0.2734755972512319,1.3612199269233833,0.4389942769104231,-0.2734755972512319,-0.15911145683514602,-0.8033424208507358,1.337501488825277,0.46093130091680107,1.3652932540613982,-1.3555735383351195,-0.3075623426146228,-1.6238025415294657,-0.5101515430617262,-1.1079259903080172
-0.6425863043961658,-0.47454519624983954,-0.4736736092984604,-0.5024451714361923,-0.5609748304808925,0.8119223343984152,-0.2734755972512319,-0.8797405693934278,-0.35360057124003264,-0.2734755972512319,-0.15911145683514602,-0.03355081837691109,-0.7932725527683401,-0.659625792127529,-0.8340099545272707,0.7376951317802901,-0.3075623426146228,0.6158384251930635,-0.5101515430617262,0.9025873648130485
1.2018099353148226,0.4327933656785018,0.7676298785983874,2.671117778445337,0.6792945838081278,-1.2316448970959013,-0.2734755972512319,2.218822021910339,0.978170789991108,-0.2734755972512319,-0.15911145683514602,-0.5878007721580649,2.5499247901273314,1.1100276828298177,2.6021770010043586,-1.3555735383351195,-0.3075623426146228,0.6158384251930635,-0.5101515430617262,-1.1079259903080172
-1.0268355210026217,0.4327933656785018,3.250236854392083,0.04370821849987721,1.9195639980971482,-1.2316448970959013,3.6566333890527614,0.6233938271906204,-0.3640692501669855,-0.2734755972512319,-0.15911145683514602,-0.4954257798612059,-0.5638688067306181,-0.866308805301209,0.4762340255470369,0.7376951317802901,-0.3075623426146228,0.6158384251930635,-0.5101515430617262,0.9025873648130485
-0.719436147717457,0.4327933656785018,-0.4736736092984604,-0.4888542575852486,0.059159876663617626,-1.2316448970959013,-0.2734755972512319,-0.798539974052802,-0.44537598983298593,-0.2734755972512319,-0.15911145683514602,-0.12592581067377007,-0.8029471753303199,-0.705431216668723,-0.7804020374400552,0.7376951317802901,-0.3075623426146228,0.6158384251930635,-0.5101515430617262,0.9025873648130485
-0.10463740114712752,-0.47454519624983954,-0.4736736092984604,-0.34539461138084326,-0.5609748304808925,0.8119223343984152,-0.2734755972512319,-0.19260305647698941,-0.1358520495594133,-0.2734755972512319,-0.15911145683514602,-0.249092467069582,-0.1918322278548226,-0.2764243136487601,-0.318442560512323,0.7376951317802901,-0.3075623426146228,-1.6238025415294657,1.9602018529600023,-1.1079259903080172
0.8944105620296577,-0.47454519624983954,5.73284383018578,0.1506737441786005,2.5396987052416584,-1.2316448970959013,3.6566333890527614,0.7678594338107121,-0.37133916608848055,-0.2734755972512319,-0.15911145683514602,1.813949027560268,1.1444993346596217,0.7257089988744344,0.6375618152562126,-1.3555735383351195,-0.3075623426146228,0.6158384251930635,-0.5101515430617262,0.9025873648130485
0.04906228549545483,-0.47454519624983954,-0.4736736092984604,-0.3866707201133388,-0.5609748304808925,0.8119223343984152,-0.2734755972512319,-0.3336984726090332,-0.19308082769342225,-0.2734755972512319,-0.15911145683514602,-0.12592581067377007,-0.16569228650493206,-0.14682847836147966,-0.4357668312169326,0.7376951317802901,-0.3075623426146228,0.6158384251930635,1.9602018529600023,-1.1079259903080172
-0.027787557825836348,-0.47454519624983954,-0.4736736092984604,-0.4863374216869257,-0.5609748304808925,0.8119223343984152,-0.2734755972512319,-0.7841792430073967,-0.3312673895291999,-0.2734755972512319,-0.15911145683514602,0.7054491199979606,-0.4410057998041052,-0.21274360148173435,-0.7707171035377015,0.7376951317802901,-0.3075623426146228,0.6158384251930635,-0.5101515430617262,0.9025873648130485
-2.025883484179407,2.2474704895351842,0.7676298785983874,-0.22408312108167944,1.9195639980971482,-1.2316448970959013,3.6566333890527614,0.13649913806595457,-0.43832707935550436,3.6566333890527614,-0.15911145683514602,-1.6963006797203724,-1.423983718008562,-1.142258558024987,-0.021771237636039588,-1.3555735383351195,-0.3075623426146228,0.6158384251930635,-0.5101515430617262,0.9025873648130485
-2.025883484179407,0.4327933656785018,0.7676298785983874,-0.12491978668775715,0.6792945838081278,-1.2316448970959013,-0.2734755972512319,0.3444394801955362,-0.31405222862709964,3.6566333890527614,-0.15911145683514602,-1.7886756720172314,-1.4131059994038044,-1.142258558024987,0.18228697133662133,0.7376951317802901,-0.3075623426146228,0.6158384251930635,1.9602018529600023,-1.1079259903080172
1.893458525206443,0.4327933656785018,-0.4736736092984604,-0.12491978668775715,0.059159876663617626,-1.2316448970959013,-0.2734755972512319,0.3444394801955362,-0.19308082769342225,-0.2734755972512319,-0.15911145683514602,1.3520740660759734,1.613195077797355,2.1054577624933253,0.18228697133662133,0.7376951317802901,-0.3075623426146228,0.6158384251930635,1.9602018529600023,-1.1079259903080172
-0.10463740114712752,1.340131927606843,-0.4736736092984604,-0.4888542575852486,0.6792945838081278,-1.2316448970959013,-0.2734755972512319,-0.798539974052802,-0.48224900338680876,-0.2734755972512319,-0.15911145683514602,0.6130741277011017,-0.4876765615314872,-0.2764243136487601,-0.7804020374400552,0.7376951317802901,-0.3075623426146228,0.6158384251930635,-0.5101515430617262,0.9025873648130485
0.5101613454232019,-0.47454519624983954,-0.4736736092984604,-0.4974960653257301,-0.5609748304808925,0.8119223343984152,-0.2734755972512319,-0.8494271027413144,-0.34673870115937927,-0.2734755972512319,-0.15911145683514602,1.3520740660759734,-0.20434987131047286,0.295584890377857,-0.8142266959229124,0.7376951317802901,-0.3075623426146228,0.6158384251930635,-0.5101515430617262,0.9025873648130485
1.432359465278696,-0.47454519624983954,-0.4736736092984604,-0.11384570873513637,-0.5609748304808925,0.8119223343984152,-0.2734755972512319,0.36526093570402607,0.18518743753380743,-0.2734755972512319,-0.15911145683514602,-0.4954257798612059,1.2745869580033968,1.4217280108052595,0.20342812254316164,0.7376951317802901,-0.3075623426146228,0.6158384251930635,-0.5101515430617262,-1.1079259903080172
0.12591212881674602,-0.47454519624983954,-0.4736736092984604,-0.4735861242916626,-0.5609748304808925,0.8119223343984152,-0.2734755972512319,-0.7143416664249429,-0.3135878845573619,-0.2734755972512319,-0.15911145683514602,0.8901991045916785,-0.3239363054219986,-0.07867894428799597,-0.7227438058040481,-1.3555735383351195,-0.3075623426146228,0.6158384251930635,-0.5101515430617262,0.9025873648130485
-0.2583370877897099,-0.47454519624983954,-0.4736736092984604,-0.4894421904510968,-0.5609748304808925,0.8119223343984152,-0.2734755972512319,-0.8019236166026618,-0.33557211030396283,-0.2734755972512319,-0.15911145683514602,0.4283241431073837,-0.5680282512815871,-0.39708250512312465,-0.7826750495741225,0.7376951317802901,-0.3075623426146228,0.6158384251930635,-0.5101515430617262,0.9025873648130485
-0.10463740114712752,2.2474704895351842,0.7676298785983874,-0.13565761536436197,1.9195639980971482,-1.2316448970959013,3.6566333890527614,0.32384119624754826,-0.4138069208256383,-0.2734755972512319,-0.15911145683514602,0.6130741277011017,0.06031795708471365,-0.2764243136487601,0.16149931058410164,0.7376951317802901,-0.3075623426146228,0.6158384251930635,-0.5101515430617262,0.9025873648130485
-2.224156079948338,-0.47454519624983954,0.7676298785983874,-0.47694056317694733,0.059159876663617626,-1.2316448970959013,-0.2734755972512319,-0.7322606388880221,-0.43711690007154863,3.6566333890527614,-0.15911145683514602,-1.9346281598462687,-1.5740865964860986,-1.1521163322684427,-0.7351911939924161,0.7376951317802901,-0.3075623426146228,-1.6238025415294657,-0.5101515430617262,0.9025873648130485
-0.33518693111100106,-0.47454519624983954,-0.4736736092984604,-0.4918744606632361,-0.5609748304808925,0.8119223343984152,-0.2734755972512319,-0.8160407306065733,-0.33894442074229864,-0.2734755972512319,-0.15911145683514602,0.3359491508105248,-0.6135321651689248,-0.45405998443046347,-0.7921216854519817,-1.3555735383351195,-0.3075623426146228,0.6158384251930635,-0.5101515430617262,0.9025873648130485
-0.10463740114712752,-0.47454519624983954,-0.4736736092984604,0.39858208016340624,-0.5609748304808925,0.8119223343984152,-0.2734755972512319,1.0408277503255374,0.8956617807096742,-0.2734755972512319,-0.15911145683514602,-1.1112590618402656,0.41038147556936067,-0.2764243136487601,0.9593384459327382,0.7376951317802901,-0.3075623426146228,0.6158384251930635,-0.5101515430617262,-1.1079259903080172
0.6638610320657843,-0.47454519624983954,-0.4736736092984604,-0.47400492578514347,-0.5609748304808925,0.8119223343984152,-0.2734755972512319,-0.7165619336211217,-0.31416854728184357,-0.2734755972512319,-0.15911145683514602,1.5368240506696913,-0.03926839694251314,0.46093130091680107,-0.7242912951969392,0.7376951317802901,-0.3075623426146228,0.6158384251930635,-0.5101515430617262,0.9025873648130485
-0.10463740114712752,-0.47454519624983954,-0.4736736092984604,-0.4863374216869257,-0.5609748304808925,0.8119223343984152,-0.2734755972512319,-0.7841792430073967,-0.3312673895291999,-0.2734755972512319,-0.15911145683514602,0.6130741277011017,-0.4806650380807706,-0.2764243136487601,-0.7707171035377015,0.7376951317802901,-0.3075623426146228,0.6158384251930635,-0.5101515430617262,0.9025873648130485
-0.10463740114712752,0.4327933656785018,0.7676298785983874,-0.3414522396297103,0.6792945838081278,-1.2316448970959013,-0.2734755972512319,-0.1800831698720664,-0.4141253547748653,-0.2734755972512319,-0.15911145683514602,0.6130741277011017,-0.1857194834372037,-0.2764243136487601,-0.307745927009662,0.7376951317802901,-0.3075623426146228,-1.6238025415294657,-0.5101515430617262,0.9025873648130485
-1.1036853643239128,0.4327933656785018,0.7676298785983874,-0.5028639729296732,0.6792945838081278,-1.2316448970959013,-0.2734755972512319,-0.8823470582632056,-0.4887237649844744,-0.2734755972512319,-0.15911145683514602,-0.5878007721580649,-1.021911775896929,-0.9009421750762581,-0.8356982467161812,0.7376951317802901,-0.3075623426146228,-1.6238025415294657,-0.5101515430617262,0.9025873648130485
0.4333115021019107,-0.47454519624983954,-0.4736736092984604,-0.12491978668775715,-0.5609748304808925,0.8119223343984152,-0.2734755972512319,0.3444394801955362,0.1698333751076099,-0.2734755972512319,-0.15911145683514602,0.18199083031575983,0.4857495784479034,0.21626330153822848,0.18228697133662133,0.7376951317802901,-0.3075623426146228,0.6158384251930635,1.9602018529600023,-1.1079259903080172
-0.10463740114712752,-0.47454519624983954,-0.4736736092984604,-0.4918744606632361,-0.5609748304808925,0.8119223343984152,-0.2734755972512319,-0.8160407306065733,-0.33894442074229864,-0.2734755972512319,-0.15911145683514602,0.6130741277011017,-0.49622117980990754,-0.2764243136487601,-0.7921216854519817,0.7376951317802901,-0.3075623426146228,0.6158384251930635,-0.5101515430617262,0.9025873648130485
-0.41203677443229225,-0.47454519624983954,-0.4736736092984604,0.9462455716384695,-0.5609748304808925,0.8119223343984152,-0.2734755972512319,1.4685301291949246,1.6549899588779877,-0.2734755972512319,-0.15911145683514602,-1.2344257182360776,0.30344296722364883,-0.5088030527845733,1.5080874900838204,0.7376951317802901,-0.3075623426146228,-1.6238025415294657,-0.5101515430617262,-1.1079259903080172
0.5101613454232019,-0.47454519624983954,-0.4736736092984604,0.15948266982273065,-0.5609748304808925,0.8119223343984152,-0.2734755972512319,0.7789025328484201,0.5641536146895006,-0.2734755972512319,-0.15911145683514602,-0.8649257490486417,0.8178189713681626,0.295584890377857,0.6501492895509539,0.7376951317802901,-0.3075623426146228,-1.6238025415294657,-0.5101515430617262,-1.1079259903080172
-0.5657364610748746,-0.47454519624983954,-0.4736736092984604,-0.4918744606632361,-0.5609748304808925,0.8119223343984152,-0.2734755972512319,-0.8160407306065733,-0.33894442074229864,-0.2734755972512319,-0.15911145683514602,0.058824173919947875,-0.730843150527942,-0.6115859566331061,-0.7921216854519817,-1.3555735383351195,-0.3075623426146228,0.6158384251930635,-0.5101515430617262,0.9025873648130485
1.5860591519212783,1.340131927606843,-0.4736736092984604,2.042579288947925,0.6792945838081278,-1.2316448970959013,-0.2734755972512319,2.003535801391161,0.6876840260275444,-0.2734755972512319,-0.15911145683514602,-0.43384245166329993,2.8223413868466714,1.640700284221699,2.2711120986110913,0.7376951317802901,-0.3075623426146228,0.6158384251930635,-0.5101515430617262,-1.1079259903080172
-0.10463740114712752,-0.47454519624983954,-0.4736736092984604,-0.49237782784290063,-0.5609748304808925,0.8119223343984152,-0.2734755972512319,-0.8189865811572414,-0.33964233267076216,-0.2734755972512319,-0.15911145683514602,0.6130741277011017,-0.49765947011372363,-0.2764243136487601,-0.7940854607477059,0.7376951317802901,3.2513733362117265,-1.6238025415294657,-0.5101515430617262,0.9025873648130485
1.2402348569754682,-0.47454519624983954,-0.4736736092984604,-0.5029485386158568,-0.5609748304808925,0.8119223343984152,-0.2734755972512319,-0.8828741679067217,-0.35429848316849616,-0.2734755972512319,-0.15911145683514602,2.2296364928961334,0.13506761718168128,1.1605812306466232,-0.8360394239927292,0.7376951317802901,-0.3075623426146228,-1.6238025415294657,-0.5101515430617262,0.9025873648130485
0.27961181545932834,-0.47454519624983954,-0.4736736092984604,-0.4918744606632361,-0.5609748304808925,0.8119223343984152,-0.2734755972512319,-0.8160407306065733,-0.33894442074229864,-0.2734755972512319,-0.15911145683514602,1.0749490891853966,-0.300702870878212,0.06432335671865831,-0.7921216854519817,0.7376951317802901,-0.3075623426146228,0.6158384251930635,-0.5101515430617262,0.9025873648130485
-0.7962859910387481,-0.47454519624983954,-0.4736736092984604,-0.4894421904510968,-0.5609748304808925,0.8119223343984152,-0.2734755972512319,-0.8019236166026618,-0.33557211030396283,-0.2734755972512319,-0.15911145683514602,-0.218300802970629,-0.8434770285823834,-0.7490022302566879,-0.7826750495741225,0.7376951317802901,-0.3075623426146228,0.6158384251930635,-0.5101515430617262,0.9025873648130485
-0.8731358343600393,-0.47454519624983954,-0.4736736092984604,-0.3866707201133388,-0.5609748304808925,0.8119223343984152,-0.2734755972512319,-0.3336984726090332,-0.19308082769342225,-0.2734755972512319,-0.15911145683514602,-0.8649257490486417,-0.73586485583392,-0.7903388328914239,-0.4357668312169326,0.7376951317802901,-0.3075623426146228,0.6158384251930635,1.9602018529600023,-1.1079259903080172
-1.0268355210026217,-0.47454519624983954,-0.4736736092984604,-0.49237782784290063,-0.5609748304808925,0.8119223343984152,-0.2734755972512319,-0.8189865811572414,-0.33964233267076216,-0.2734755972512319,-0.15911145683514602,-0.4954257798612059,-0.9662870014195857,-0.866308805301209,-0.7940854607477059,-1.3555735383351195,3.2513733362117265,-1.6238025415294657,-0.5101515430617262,0.9025873648130485
-0.10463740114712752,-0.47454519624983954,-0.4736736092984604,-0.04438103794142432,-0.5609748304808925,0.8119223343984152,-0.2734755972512319,0.4870824563024251,0.2814992836617736,-0.2734755972512319,-0.15911145683514602,-1.1112590618402656,0.14001932600391606,-0.2764243136487601,0.3297045770954021,0.7376951317802901,-0.3075623426146228,0.6158384251930635,-0.5101515430617262,-1.1079259903080172
-0.10463740114712752,-0.47454519624983954,-0.4736736092984604,-0.05042144409739929,-0.5609748304808925,0.8119223343984152,-0.2734755972512319,0.4770416648490861,0.27312434052021134,-0.2734755972512319,-0.15911145683514602,-1.1112590618402656,0.1351169819299098,-0.2764243136487601,0.31912967145050375,0.7376951317802901,-0.3075623426146228,-1.6238025415294657,-0.5101515430617262,-1.1079259903080172
1.432359465278696,0.4327933656785018,-0.4736736092984604,0.8964967865378598,0.059159876663617626,-1.2316448970959013,-0.2734755972512319,1.4362199751817062,0.5150094483348132,-0.2734755972512319,-0.15911145683514602,-0.4954257798612059,2.170966444492858,1.4217280108052595,1.4647329964876434,0.7376951317802901,-0.3075623426146228,-1.6238025415294657,-0.5101515430617262,-1.1079259903080172
-0.5657364610748746,-0.47454519624983954,-0.4736736092984604,-0.4894421904510968,-0.5609748304808925,0.8119223343984152,-0.2734755972512319,-0.8019236166026618,-0.33557211030396283,-0.2734755972512319,-0.15911145683514602,0.058824173919947875,-0.7254275525963279,-0.6115859566331061,-0.7826750495741225,0.7376951317802901,-0.3075623426146228,0.6158384251930635,-0.5101515430617262,0.9025873648130485
-0.027787557825836348,-0.47454519624983954,-0.4736736092984604,-0.04438103794142432,-0.5609748304808925,0.8119223343984152,-0.2734755972512319,0.4870824563024251,0.2814992836617736,-0.2734755972512319,-0.15911145683514602,-1.0804673977413126,0.20184586299789176,-0.21274360148173435,0.3297045770954021,0.7376951317802901,-0.3075623426146228,0.6158384251930635,-0.5101515430617262,-1.1079259903080172
-0.10463740114712752,-0.47454519624983954,-0.4736736092984604,-0.12642988822675086,-0.5609748304808925,0.8119223343984152,-0.2734755972512319,0.34156737843370105,0.16773963932221936,-0.2734755972512319,-0.15911145683514602,-1.1112590618402656,0.06897263780374653,-0.2764243136487601,0.17938089198194757,0.7376951317802901,-0.3075623426146228,0.6158384251930635,-0.5101515430617262,-1.1079259903080172
0.6638610320657843,-0.47454519624983954,0.7676298785983874,2.441497778832105,0.059159876663617626,-1.2316448970959013,-0.2734755972512319,2.14527242190355,1.5860711559422147,-0.2734755972512319,-0.15911145683514602,-0.8033424208507358,1.857026605704924,0.46093130091680107,2.4875227388217573,0.7376951317802901,-0.3075623426146228,0.6158384251930635,-0.5101515430617262,-1.1079259903080172
1.1249600919935314,-0.47454519624983954,-0.4736736092984604,-0.4863374216869257,-0.5609748304808925,0.8119223343984152,-0.2734755972512319,-0.7841792430073967,-0.3312673895291999,-0.2734755972512319,-0.15911145683514602,2.091074004450845,0.15388277434587597,1.0105963954111286,-0.7707171035377015,0.7376951317802901,-0.3075623426146228,0.6158384251930635,-0.5101515430617262,0.9025873648130485
-2.025883484179407,0.4327933656785018,0.7676298785983874,-0.2708962687904854,0.6792945838081278,-1.2316448970959013,-0.2734755972512319,0.021587667954472933,-0.38151704837857353,3.6566333890527614,-0.15911145683514602,-1.7886756720172314,-1.4299949355699566,-1.142258558024987,-0.1290196052412911,0.7376951317802901,-0.3075623426146228,0.6158384251930635,1.9602018529600023,-1.1079259903080172
-0.8731358343600393,0.4327933656785018,-0.4736736092984604,3.9327230485884233,0.059159876663617626,-1.2316448970959013,-0.2734755972512319,2.5497045522452972,2.6198531999788086,-0.2734755972512319,-0.15911145683514602,-1.4191757028297955,0.16914991159183887,-0.7903388328914239,3.1378827358660177,-1.3555735383351195,-0.3075623426146228,-1.6238025415294657,-0.5101515430617262,-1.1079259903080172
-0.8731358343600393,0.4327933656785018,-0.4736736092984604,1.5442457810799908,0.059159876663617626,-1.2316448970959013,-0.2734755972512319,1.7938227894866787,0.9640571496990996,-0.2734755972512319,-0.15911145683514602,-1.4191757028297955,-0.06809897516720996,-0.7903388328914239,1.9618735523361563,0.7376951317802901,-0.3075623426146228,-1.6238025415294657,-0.5101515430617262,-1.1079259903080172
-0.10463740114712752,0.4327933656785018,-0.4736736092984604,-0.1621689579829361,0.059159876663617626,-1.2316448970959013,-0.2734755972512319,0.2711522804976662,-0.21890356904657263,-0.2734755972512319,-0.15911145683514602,0.6130741277011017,0.034592973641664804,-0.2764243136487601,0.1089002898312741,0.7376951317802901,3.2513733362117265,-1.6238025415294657,-0.5101515430617262,0.9025873648130485
-2.1027333275006983,2.2474704895351842,0.7676298785983874,-0.22408312108167944,1.9195639980971482,-1.2316448970959013,3.6566333890527614,0.13649913806595457,-0.43832707935550436,3.6566333890527614,-0.15911145683514602,-1.7886756720172314,-1.479697048614842,-1.1478445854080597,-0.021771237636039588,0.7376951317802901,-0.3075623426146228,0.6158384251930635,-0.5101515430617262,0.9025873648130485
0.4333115021019107,-0.47454519624983954,-0.4736736092984604,9.667166525013505,-0.5609748304808925,0.8119223343984152,-0.2734755972512319,3.3852937438182273,13.746431368712512,-0.2734755972512319,-0.15911145683514602,-0.8957174131475948,2.341593556044676,0.21626330153822848,4.635684335422185,0.7376951317802901,-0.3075623426146228,-1.6238025415294657,-0.5101515430617262,-1.1079259903080172
3.430455391632267,-0.47454519624983954,-0.4736736092984604,-0.4918744606632361,-0.5609748304808925,0.8119223343984152,-0.2734755972512319,-0.8160407306065733,-0.33894442074229864,-0.2734755972512319,6.284902544988268,4.862323773356613,1.3025472623616903,4.965503782626411,-0.7921216854519817,0.7376951317802901,-0.3075623426146228,0.6158384251930635,-0.5101515430617262,0.9025873648130485
0.12591212881674602,-0.47454519624983954,-0.4736736092984604,-0.3866707201133388,-0.5609748304808925,0.8119223343984152,-0.2734755972512319,-0.3336984726090332,-0.19308082769342225,-0.2734755972512319,-0.15911145683514602,-0.06434248247586408,-0.11817790572751646,-0.07867894428799597,-0.4357668312169326,0.7376951317802901,-0.3075623426146228,0.6158384251930635,1.9602018529600023,-1.1079259903080172
-0.06621247948648194,-0.47454519624983954,-0.4736736092984604,-0.32425318983493084,-0.5609748304808925,0.8119223343984152,-0.2734755972512319,-0.12717266791993012,-0.10653974856394531,-0.2734755972512319,-0.15911145683514602,0.6592616238495311,-0.13432850145442551,-0.24486325893440083,-0.26202581102422196,0.7376951317802901,-0.3075623426146228,0.6158384251930635,-0.5101515430617262,0.9025873648130485
2.0471582118490255,-0.47454519624983954,-0.4736736092984604,-0.030371322596999754,-0.5609748304808925,0.8119223343984152,-0.2734755972512319,0.5100012756239033,0.30092356845477036,-0.2734755972512319,-0.15911145683514602,-0.249092467069582,1.8935422586005441,2.3512429673485125,0.3539548994735612,0.7376951317802901,-0.3075623426146228,-1.6238025415294657,-0.5101515430617262,-1.1079259903080172
-0.2583370877897099,0.4327933656785018,-0.4736736092984604,-0.4902797934380587,0.059159876663617626,-1.2316448970959013,-0.2734755972512319,-0.806763380796033,-0.44636423312369033,-0.2734755972512319,-0.15911145683514602,0.4283241431073837,-0.5702224469888952,-0.39708250512312465,-0.7859203137141989,0.7376951317802901,-0.3075623426146228,0.6158384251930635,-0.5101515430617262,0.9025873648130485
0.20276197213803718,-0.47454519624983954,-0.4736736092984604,-0.4902797934380587,-0.5609748304808925,0.8119223343984152,-0.2734755972512319,-0.806763380796033,-0.33673343575292625,-0.2734755972512319,-0.15911145683514602,0.9825740968885375,-0.3346298478723167,-0.008294999261283314,-0.7859203137141989,0.7376951317802901,-0.3075623426146228,0.6158384251930635,-0.5101515430617262,0.9025873648130485
-0.10463740114712752,-0.47454519624983954,-0.4736736092984604,-0.5028639729296732,-0.5609748304808925,0.8119223343984152,-0.2734755972512319,-0.8823470582632056,-0.3541812339645143,-0.2734755972512319,-0.15911145683514602,0.6130741277011017,-0.5285947664905187,-0.2764243136487601,-0.8356982467161812,0.7376951317802901,-0.3075623426146228,-1.6238025415294657,-0.5101515430617262,0.9025873648130485
0.8175607187083667,-0.47454519624983954,-0.4736736092984604,-0.024246350754841113,-0.5609748304808925,0.8119223343984152,-0.2734755972512319,0.5198636196706229,0.3094157608003146,-0.2734755972512319,-0.15911145683514602,-0.7417590926528298,0.9048022939262758,0.6352153552686609,0.3644382952166449,0.7376951317802901,-0.3075623426146228,-1.6238025415294657,-0.5101515430617262,-1.1079259903080172
-0.1814872444684187,-0.47454519624983954,-0.4736736092984604,0.8964967865378598,-0.5609748304808925,0.8119223343984152,-0.2734755972512319,1.4362199751817062,1.5860139271640807,-0.2734755972512319,-0.15911145683514602,-1.1420507259392187,0.5250520019777444,-0.3378706148625569,1.4647329964876434,0.7376951317802901,-0.3075623426146228,-1.6238025415294657,-0.5101515430617262,-1.1079259903080172
-0.10463740114712752,-0.47454519624983954,-0.4736736092984604,-0.3363340021468808,-0.5609748304808925,0.8119223343984152,-0.2734755972512319,-0.16405229962564447,-0.12328963484706991,-0.2734755972512319,-0.15911145683514602,0.6130741277011017,-0.1778925265564714,-0.2764243136487601,-0.29398153689551876,0.7376951317802901,3.2513733362117265,-1.6238025415294657,-0.5101515430617262,0.9025873648130485
0.6638610320657843,-0.47454519624983954,-0.4736736092984604,-0.4894421904510968,-0.5609748304808925,0.8119223343984152,-0.2734755972512319,-0.8019236166026618,-0.33557211030396283,-0.2734755972512319,-0.15911145683514602,1.5368240506696913,-0.09583034733736484,0.46093130091680107,-0.7826750495741225,0.7376951317802901,-0.3075623426146228,0.6158384251930635,-0.5101515430617262,0.9025873648130485
-2.1795831708219895,3.1548090514635256,0.7676298785983874,0.1506737441786005,2.5396987052416584,-1.2316448970959013,3.6566333890527614,0.7678594338107121,-0.37133916608848055,3.6566333890527614,-0.15911145683514602,-1.8810506643140903,-1.5244011965472306,-1.1511962018379032,0.6375618152562126,0.7376951317802901,-0.3075623426146228,0.6158384251930635,-0.5101515430617262,0.9025873648130485
-0.10463740114712752,-0.47454519624983954,-0.4736736092984604,-0.6484216535389205,-0.5609748304808925,0.8119223343984152,-0.2734755972512319,-3.0585777291682934,-0.5559950304944544,-0.2734755972512319,-0.15911145683514602,-0.249092467069582,-1.5911237098274018,-0.2764243136487601,-1.5400776793270476,0.7376951317802901,-0.3075623426146228,0.6158384251930635,1.9602018529600023,-1.1079259903080172
-0.10463740114712752,-0.47454519624983954,-0.4736736092984604,-0.49279662933638163,-0.5609748304808925,0.8119223343984152,-0.2734755972512319,-0.8214439504217126,-0.3402229953952438,-0.2734755972512319,-0.15911145683514602,0.6130741277011017,-0.4988592629495084,-0.2764243136487601,-0.7957216278067522,0.7376951317802901,3.2513733362117265,-1.6238025415294657,-0.5101515430617262,0.9025873648130485
-2.204943619118015,0.4327933656785018,0.7676298785983874,-0.35646868933346404,0.6792945838081278,-1.2316448970959013,-0.2734755972512319,-0.2286058134653583,-0.4210653909915066,3.6566333890527614,-0.15911145683514602,-1.9321648267183522,-1.558061282154013,-1.1518118937760653,-0.34894246505542853,0.7376951317802901,-0.3075623426146228,0.6158384251930635,1.9602018529600023,-1.1079259903080172
-0.10463740114712752,0.4327933656785018,-0.4736736092984604,-0.3363340021468808,0.059159876663617626,-1.2316448970959013,-0.2734755972512319,-0.16405229962564447,-0.33964233267076216,-0.2734755972512319,-0.15911145683514602,0.6130741277011017,-0.1778925265564714,-0.2764243136487601,-0.29398153689551876,0.7376951317802901,3.2513733362117265,-1.6238025415294657,-0.5101515430617262,0.9025873648130485
-2.1027333275006983,-0.47454519624983954,0.7676298785983874,-0.4010166847337793,0.059159876663617626,-1.2316448970959013,-0.2734755972512319,-0.38763069046803694,-0.3844831740745435,3.6566333890527614,-0.15911145683514602,-1.7886756720172314,-1.4979758066110491,-1.1478445854080597,-0.47904840592292214,-1.3555735383351195,-0.3075623426146228,0.6158384251930635,-0.5101515430617262,0.9025873648130485
-0.8731358343600393,-0.47454519624983954,-0.4736736092984604,-0.45026210265472455,-0.5609748304808925,0.8119223343984152,-0.2734755972512319,-0.597669953407196,-0.2812494374400761,-0.2734755972512319,-0.15911145683514602,-0.31067579526748795,-0.8187176815548931,-0.7903388328914239,-0.6393624831929892,-1.3555735383351195,-0.3075623426146228,0.6158384251930635,-0.5101515430617262,0.9025873648130485
1.6629089952425695,0.4327933656785018,-0.4736736092984604,0.921244330558889,0.059159876663617626,-1.2316448970959013,-0.2734755972512319,1.452419049919151,0.5321655193603034,-0.2734755972512319,-0.15911145683514602,-0.4030507875643469,2.4205029061765084,1.753538037359762,1.4864304643551696,-1.3555735383351195,-0.3075623426146228,0.6158384251930635,-0.5101515430617262,-1.1079259903080172
-0.027787557825836348,0.4327933656785018,-0.4736736092984604,-0.09027201697708476,0.059159876663617626,-1.2316448970959013,-0.2734755972512319,0.4082334475616762,-0.1690614907634216,-0.2734755972512319,-0.15911145683514602,-0.18750913887167603,0.1619734933616488,-0.21274360148173435,0.2474681655184986,0.7376951317802901,-0.3075623426146228,-1.6238025415294657,1.9602018529600023,-1.1079259903080172
1.5092093085999871,-0.47454519624983954,-0.4736736092984604,-0.6484216535389205,-0.5609748304808925,0.8119223343984152,-0.2734755972512319,-3.0585777291682934,-0.5559950304944544,-0.2734755972512319,-0.15911145683514602,2.55294896593514,-1.5911237098274018,1.5300969420368646,-1.5400776793270476,0.7376951317802901,-0.3075623426146228,0.6158384251930635,-0.5101515430617262,0.9025873648130485
-0.41203677443229225,-0.47454519624983954,-0.4736736092984604,-0.45714212526638004,-0.5609748304808925,0.8119223343984152,-0.2734755972512319,-0.6307359423566569,-0.2907884976783155,-0.2734755972512319,-0.15911145683514602,0.2435741585136658,-0.575086917607382,-0.5088030527845733,-0.6634047891287582,0.7376951317802901,-0.3075623426146228,0.6158384251930635,-0.5101515430617262,0.9025873648130485
0.12591212881674602,0.4327933656785018,0.7676298785983874,-0.2351571990343002,0.6792945838081278,-1.2316448970959013,-0.2734755972512319,0.11044794172866994,-0.3649997994049369,-0.2734755972512319,-0.15911145683514602,0.8901991045916785,0.12190744698304719,-0.07867894428799597,-0.04642945367130432,-1.3555735383351195,-0.3075623426146228,0.6158384251930635,-0.5101515430617262,0.9025873648130485
1.2018099353148226,-0.47454519624983954,-0.4736736092984604,-0.49237782784290063,-0.5609748304808925,0.8119223343984152,-0.2734755972512319,-0.8189865811572414,-0.33964233267076216,-0.2734755972512319,-0.15911145683514602,2.183448996747704,0.1662295325695812,1.1100276828298177,-0.7940854607477059,-1.3555735383351195,-0.3075623426146228,0.6158384251930635,-0.5101515430617262,0.9025873648130485
0.20276197213803718,-0.47454519624983954,-0.4736736092984604,-0.4888542575852486,-0.5609748304808925,0.8119223343984152,-0.2734755972512319,-0.798539974052802,-0.3347569491715175,-0.2734755972512319,-0.15911145683514602,0.9825740968885375,-0.3300412546320708,-0.008294999261283314,-0.7804020374400552,0.7376951317802901,-0.3075623426146228,0.6158384251930635,-0.5101515430617262,0.9025873648130485
-0.8731358343600393,-0.47454519624983954,0.7676298785983874,-0.3573908580066095,0.059159876663617626,-1.2316448970959013,-0.2734755972512319,-0.23166125968823223,-0.3542398585665052,-0.2734755972512319,-0.15911145683514602,-0.31067579526748795,-0.7038383983029072,-0.7903388328914239,-0.3515131512606226,-1.3555735383351195,-0.3075623426146228,-1.6238025415294657,-0.5101515430617262,0.9025873648130485
1.1249600919935314,0.4327933656785018,-0.4736736092984604,-0.12491978668775715,0.059159876663617626,-1.2316448970959013,-0.2734755972512319,0.3444394801955362,-0.19308082769342225,-0.2734755972512319,-0.15911145683514602,0.7362407840969136,1.019802709718696,1.0105963954111286,0.18228697133662133,-1.3555735383351195,-0.3075623426146228,0.6158384251930635,1.9602018529600023,-1.1079259903080172
1.3555096219574048,0.4327933656785018,0.7676298785983874,0.40974072380221066,0.6792945838081278,-1.2316448970959013,-0.2734755972512319,1.0515683442816504,-0.06695232288301842,-0.2734755972512319,-0.15911145683514602,-0.5262174439601589,1.777348166636936,1.3155934905268833,0.9724527287669706,-1.3555735383351195,-0.3075623426146228,0.6158384251930635,-0.5101515430617262,-1.1079259903080172
0.5485862670838475,-0.47454519624983954,2.0089333664952354,-0.12491978668775715,0.6792945838081278,-1.2316448970959013,-0.2734755972512319,0.3444394801955362,-0.31405222862709964,-0.2734755972512319,-0.15911145683514602,0.27436582261261877,0.574758433659702,0.3360835889051322,0.18228697133662133,0.7376951317802901,-0.3075623426146228,0.6158384251930635,1.9602018529600023,-1.1079259903080172
0.04906228549545483,-0.47454519624983954,-0.4736736092984604,-0.3866707201133388,-0.5609748304808925,0.8119223343984152,-0.2734755972512319,-0.3336984726090332,-0.19308082769342225,-0.2734755972512319,-0.15911145683514602,-0.12592581067377007,-0.16569228650493206,-0.14682847836147966,-0.4357668312169326,0.7376951317802901,-0.3075623426146228,0.6158384251930635,1.9602018529600023,-1.1079259903080172
-0.1814872444684187,-0.47454519624983954,-0.4736736092984604,-0.43700743807979686,-0.5609748304808925,0.8119223343984152,-0.2734755972512319,-0.5368057694182641,-0.2628720205397746,-0.2734755972512319,-0.15911145683514602,-0.31067579526748795,-0.4038594717128192,-0.3378706148625569,-0.594257804840711,-1.3555735383351195,-0.3075623426146228,0.6158384251930635,1.9602018529600023,-1.1079259903080172
-0.027787557825836348,-0.47454519624983954,-0.4736736092984604,-0.45714212526638004,-0.5609748304808925,0.8119223343984152,-0.2734755972512319,-0.6307359423566569,-0.2907884976783155,-0.2734755972512319,-0.15911145683514602,0.7054491199979606,-0.36341258589487785,-0.21274360148173435,-0.6634047891287582,0.7376951317802901,-0.3075623426146228,0.6158384251930635,-0.5101515430617262,0.9025873648130485
3.1999058616683933,-0.47454519624983954,-0.4736736092984604,0.3483299278831318,-0.5609748304808925,0.8119223343984152,-0.2734755972512319,0.9910237262754293,0.8259878370673036,-0.2734755972512319,6.284902544988268,0.2127824944147128,3.42246199721499,4.479519400299109,0.8989761243970887,0.7376951317802901,-0.3075623426146228,-1.6238025415294657,-0.5101515430617262,-1.1079259903080172
1.7397588385638607,0.4327933656785018,0.7676298785983874,1.2341715984066093,0.6792945838081278,-1.2316448970959013,-0.2734755972512319,1.6379421972192298,0.31406850699007144,-0.2734755972512319,-0.15911145683514602,-0.37225912346539397,2.6673828826553243,1.8686102014510542,1.7404911299772599,-1.3555735383351195,-0.3075623426146228,0.6158384251930635,-0.5101515430617262,-1.1079259903080172
1.0481102486722402,0.4327933656785018,6.974147318082627,0.2958951755118318,3.779968119530679,-1.2316448970959013,3.6566333890527614,0.936361092700485,-0.3923346832697581,-0.2734755972512319,-0.15911145683514602,1.998699012153986,1.4042871466487954,0.9133995189456682,0.8335744910034938,-1.3555735383351195,-0.3075623426146228,0.6158384251930635,-0.5101515430617262,0.9025873648130485
-0.5657364610748746,-0.47454519624983954,-0.4736736092984604,-0.4894421904510968,-0.5609748304808925,0.8119223343984152,-0.2734755972512319,-0.8019236166026618,-0.33557211030396283,-0.2734755972512319,-0.15911145683514602,0.058824173919947875,-0.7254275525963279,-0.6115859566331061,-0.7826750495741225,0.7376951317802901,-0.3075623426146228,0.6158384251930635,-0.5101515430617262,0.9025873648130485
-0.10463740114712752,1.340131927606843,-0.4736736092984604,-0.18029017645086096,0.6792945838081278,-1.2316448970959013,-0.2734755972512319,0.23352593393921808,-0.33964233267076216,-0.2734755972512319,-0.15911145683514602,0.6130741277011017,0.01622218106674544,-0.2764243136487601,0.07184355651697166,-1.3555735383351195,3.2513733362117265,-1.6238025415294657,-0.5101515430617262,0.9025873648130485
-0.10463740114712752,-0.47454519624983954,0.7676298785983874,0.4589861417231558,0.059159876663617626,-1.2316448970959013,-0.2734755972512319,1.0976780669265336,0.2117080908154213,-0.2734755972512319,-0.15911145683514602,-1.1112590618402656,0.4381382329912663,-0.2764243136487601,1.0291426478806605,-1.3555735383351195,-0.3075623426146228,0.6158384251930635,-0.5101515430617262,-1.1079259903080172
-0.2583370877897099,-0.47454519624983954,-0.4736736092984604,-0.4894421904510968,-0.5609748304808925,0.8119223343984152,-0.2734755972512319,-0.8019236166026618,-0.33557211030396283,-0.2734755972512319,-0.15911145683514602,0.4283241431073837,-0.5680282512815871,-0.39708250512312465,-0.7826750495741225,0.7376951317802901,-0.3075623426146228,0.6158384251930635,-0.5101515430617262,0.9025873648130485
-0.33518693111100106,0.4327933656785018,-0.4736736092984604,-0.4888542575852486,0.059159876663617626,-1.2316448970959013,-0.2734755972512319,-0.798539974052802,-0.44537598983298593,-0.2734755972512319,-0.15911145683514602,0.3359491508105248,-0.6059030417060495,-0.45405998443046347,-0.7804020374400552,-1.3555735383351195,-0.3075623426146228,0.6158384251930635,-0.5101515430617262,0.9025873648130485
-0.10463740114712752,-0.47454519624983954,-0.4736736092984604,-0.6484216535389205,-0.5609748304808925,0.8119223343984152,-0.2734755972512319,-3.0585777291682934,-0.5559950304944544,-0.2734755972512319,-0.15911145683514602,-1.1112590618402656,-1.5911237098274018,-0.2764243136487601,-1.5400776793270476,0.7376951317802901,-0.3075623426146228,0.6158384251930635,-0.5101515430617262,-1.1079259903080172
0.12591212881674602,-0.47454519624983954,2.0089333664952354,2.671117778445337,0.6792945838081278,-1.2316448970959013,-0.2734755972512319,2.218822021910339,0.978170789991108,-0.2734755972512319,-0.15911145683514602,-1.0188840695434067,1.2615985901414142,-0.07867894428799597,2.6021770010043586,-1.3555735383351195,-0.3075623426146228,0.6158384251930635,-0.5101515430617262,-1.1079259903080172
1.2018099353148226,-0.47454519624983954,-0.4736736092984604,-0.4863374216869257,-0.5609748304808925,0.8119223343984152,-0.2734755972512319,-0.7841792430073967,-0.3312673895291999,-0.2734755972512319,-0.15911145683514602,2.183448996747704,0.19354201262254134,1.1100276828298177,-0.7707171035377015,0.7376951317802901,-0.3075623426146228,0.6158384251930635,-0.5101515430617262,0.9025873648130485
-0.5657364610748746,-0.47454519624983954,-0.4736736092984604,-0.5024451714361923,-0.5609748304808925,0.8119223343984152,-0.2734755972512319,-0.8797405693934278,-0.35360057124003264,-0.2734755972512319,-0.15911145683514602,0.058824173919947875,-0.7552796405274325,-0.6115859566331061,-0.8340099545272707,0.7376951317802901,-0.3075623426146228,0.6158384251930635,-0.5101515430617262,0.9025873648130485
1.5092093085999871,0.4327933656785018,-0.4736736092984604,0.8964967865378598,0.059159876663617626,-1.2316448970959013,-0.2734755972512319,1.4362199751817062,0.5150094483348132,-0.2734755972512319,-0.15911145683514602,-0.46463411576225294,2.2493433227078636,1.5300969420368646,1.4647329964876434,-1.3555735383351195,-0.3075623426146228,-1.6238025415294657,-0.5101515430617262,-1.1079259903080172
-0.5657364610748746,0.4327933656785018,2.0089333664952354,0.18876253192945994,1.299429290952638,-1.2316448970959013,-0.2734755972512319,0.8147822510349934,-0.2658088339347491,-0.2734755972512319,-0.15911145683514602,-0.6185924362570179,-0.10522791757311037,-0.6115859566331061,0.6912971768196229,-1.3555735383351195,-0.3075623426146228,-1.6238025415294657,1.9602018529600023,-1.1079259903080172
-1.949033640858116,-0.47454519624983954,2.0089333664952354,-0.20495516825442542,0.6792945838081278,-1.2316448970959013,-0.2734755972512319,0.1800041951014629,-0.3510415608356664,3.6566333890527614,-0.15911145683514602,-1.6039256874235135,-1.365235954458874,-1.1344381196886857,0.019857628272000258,-1.3555735383351195,-0.3075623426146228,0.6158384251930635,-0.5101515430617262,0.9025873648130485
-0.027787557825836348,-0.47454519624983954,2.0089333664952354,-0.3414522396297103,0.6792945838081278,-1.2316448970959013,-0.2734755972512319,-0.1800831698720664,-0.4141253547748653,-0.2734755972512319,-0.15911145683514602,0.7054491199979606,-0.13552647535183934,-0.21274360148173435,-0.307745927009662,-1.3555735383351195,-0.3075623426146228,-1.6238025415294657,-0.5101515430617262,0.9025873648130485
0.35646165878061953,-0.47454519624983954,-0.4736736092984604,-0.3866707201133388,-0.5609748304808925,0.8119223343984152,-0.2734755972512319,-0.3336984726090332,-0.19308082769342225,-0.2734755972512319,-0.15911145683514602,0.12040750211785385,0.02436523660473032,0.1391761236518289,-0.4357668312169326,0.7376951317802901,-0.3075623426146228,0.6158384251930635,1.9602018529600023,-1.1079259903080172
1.432359465278696,-0.47454519624983954,-0.4736736092984604,-0.1263453225405672,-0.5609748304808925,0.8119223343984152,-0.2734755972512319,0.3417284274758476,0.16785688852620126,-0.2734755972512319,-0.15911145683514602,-0.4954257798612059,1.254890539313405,1.4217280108052595,0.17954378133242804,-1.3555735383351195,-0.3075623426146228,0.6158384251930635,-0.5101515430617262,-1.1079259903080172
-0.1814872444684187,0.4327933656785018,-0.4736736092984604,-0.22559322262067316,0.059159876663617626,-1.2316448970959013,-0.2734755972512319,0.1329851701219792,-0.2628720205397746,-0.2734755972512319,-0.15911145683514602,-0.31067579526748795,-0.08851817907344696,-0.3378706148625569,-0.025109089273130138,-1.3555735383351195,-0.3075623426146228,0.6158384251930635,1.9602018529600023,-1.1079259903080172
1.893458525206443,0.4327933656785018,-0.4736736092984604,0.5475787653441219,0.059159876663617626,-1.2316448970959013,-0.2734755972512319,1.1757752036108362,0.27312434052021134,-0.2734755972512319,-0.15911145683514602,-0.31067579526748795,2.3959900251850157,2.1054577624933253,1.1266024204913085,-1.3555735383351195,-0.3075623426146228,-1.6238025415294657,-0.5101515430617262,-1.1079259903080172
-0.10463740114712752,-0.47454519624983954,-0.4736736092984604,-0.3693045524149108,-0.5609748304808925,0.8119223343984152,-0.2734755972512319,-0.27197037165090676,-0.16900286616143068,-0.2734755972512319,-0.15911145683514602,-0.249092467069582,-0.23058274757438665,-0.2764243136487601,-0.3851670678237518,0.7376951317802901,-0.3075623426146228,-1.6238025415294657,1.9602018529600023,-1.1079259903080172
-0.7962859910387481,0.4327933656785018,-0.4736736092984604,-0.12491978668775715,0.059159876663617626,-1.2316448970959013,-0.2734755972512319,0.3444394801955362,-0.19308082769342225,-0.2734755972512319,-0.15911145683514602,-0.8033424208507358,-0.4636782104779505,-0.7490022302566879,0.18228697133662133,-1.3555735383351195,-0.3075623426146228,0.6158384251930635,1.9602018529600023,-1.1079259903080172
-0.5657364610748746,0.4327933656785018,-0.4736736092984604,0.6925485130875209,0.059159876663617626,-1.2316448970959013,-0.2734755972512319,1.2920564383571118,0.37362365821895865,-0.2734755972512319,-0.15911145683514602,-1.2960090464339835,0.07786369031206812,-0.6115859566331061,1.2750749455139145,-1.3555735383351195,-0.3075623426146228,0.6158384251930635,-0.5101515430617262,-1.1079259903080172
1.2402348569754682,-0.47454519624983954,-0.4736736092984604,-0.07458306872129913,-0.5609748304808925,0.8119223343984152,-0.2734755972512319,0.4358726267231761,0.23962456795396225,-0.2734755972512319,-0.15911145683514602,-0.5724049401085883,1.18135412419608,1.1605812306466232,0.27608422990276593,0.7376951317802901,-0.3075623426146228,0.6158384251930635,-0.5101515430617262,-1.1079259903080172
-0.10463740114712752,-0.47454519624983954,-0.4736736092984604,-0.09027201697708476,-0.5609748304808925,0.8119223343984152,-0.2734755972512319,0.4082334475616762,0.21787204896761117,-0.2734755972512319,-0.15911145683514602,-1.1112590618402656,0.1015218656654745,-0.2764243136487601,0.2474681655184986,0.7376951317802901,-0.3075623426146228,-1.6238025415294657,-0.5101515430617262,-1.1079259903080172
-0.48888661775358344,-0.47454519624983954,-0.4736736092984604,-0.4902797934380587,-0.5609748304808925,0.8119223343984152,-0.2734755972512319,-0.806763380796033,-0.33673343575292625,-0.2734755972512319,-0.15911145683514602,0.15119916621680685,-0.6880187465471843,-0.5613117101854542,-0.7859203137141989,0.7376951317802901,-0.3075623426146228,0.6158384251930635,-0.5101515430617262,0.9025873648130485
0.04906228549545483,-0.47454519624983954,-0.4736736092984604,-0.4863374216869257,-0.5609748304808925,0.8119223343984152,-0.2734755972512319,-0.7841792430073967,-0.3312673895291999,-0.2734755972512319,-0.15911145683514602,0.7978241122948195,-0.40134656152743975,-0.14682847836147966,-0.7707171035377015,0.7376951317802901,-0.3075623426146228,0.6158384251930635,-0.5101515430617262,0.9025873648130485
-0.10463740114712752,-0.47454519624983954,-0.4736736092984604,-0.5028639729296732,-0.5609748304808925,0.8119223343984152,-0.2734755972512319,-0.8823470582632056,-0.3541812339645143,-0.2734755972512319,-0.15911145683514602,0.6130741277011017,-0.5285947664905187,-0.2764243136487601,-0.8356982467161812,0.7376951317802901,-0.3075623426146228,-1.6238025415294657,-0.5101515430617262,0.9025873648130485
0.35646165878061953,0.4327933656785018,-0.4736736092984604,-0.22559322262067316,0.059159876663617626,-1.2316448970959013,-0.2734755972512319,0.1329851701219792,-0.2628720205397746,-0.2734755972512319,-0.15911145683514602,0.12040750211785385,0.3010462177886893,0.1391761236518289,-0.025109089273130138,0.7376951317802901,-0.3075623426146228,0.6158384251930635,1.9602018529600023,-1.1079259903080172
0.12591212881674602,-0.47454519624983954,-0.4736736092984604,-0.4888542575852486,-0.5609748304808925,0.8119223343984152,-0.2734755972512319,-0.798539974052802,-0.3347569491715175,-0.2734755972512319,-0.15911145683514602,0.8901991045916785,-0.36945008135692486,-0.07867894428799597,-0.7804020374400552,0.7376951317802901,-0.3075623426146228,0.6158384251930635,-0.5101515430617262,0.9025873648130485
-0.10463740114712752,6.784163299176891,2.0089333664952354,0.7519458402879414,5.64037224096421,-1.2316448970959013,3.6566333890527614,1.3361591794576348,-0.3794867591321342,-0.2734755972512319,-0.15911145683514602,0.6130741277011017,0.5545749177100281,-0.2764243136487601,1.3324391053853897,0.7376951317802901,-0.3075623426146228,0.6158384251930635,-0.5101515430617262,0.9025873648130485
0.8175607187083667,0.4327933656785018,4.491540342288931,-0.08666388103324908,2.5396987052416584,-1.2316448970959013,3.6566333890527614,0.4146557174979072,-0.4261834118002391,-0.2734755972512319,-0.15911145683514602,1.7215740352634092,0.8314208651881868,0.6352153552686609,0.2540971596005704,0.7376951317802901,-0.3075623426146228,0.6158384251930635,-0.5101515430617262,0.9025873648130485
-0.10463740114712752,-0.47454519624983954,-0.4736736092984604,-0.49237782784290063,-0.5609748304808925,0.8119223343984152,-0.2734755972512319,-0.8189865811572414,-0.33964233267076216,-0.2734755972512319,-0.15911145683514602,0.6130741277011017,-0.49765947011372363,-0.2764243136487601,-0.7940854607477059,-1.3555735383351195,3.2513733362117265,-1.6238025415294657,-0.5101515430617262,0.9025873648130485
0.20276197213803718,-0.47454519624983954,-0.4736736092984604,-0.43700743807979686,-0.5609748304808925,0.8119223343984152,-0.2734755972512319,-0.5368057694182641,-0.2628720205397746,-0.2734755972512319,-0.15911145683514602,-0.002759154277958102,-0.1839957239138225,-0.008294999261283314,-0.594257804840711,0.7376951317802901,-0.3075623426146228,0.6158384251930635,1.9602018529600023,-1.1079259903080172
-0.719436147717457,-0.47454519624983954,-0.4736736092984604,-0.4626791642426904,-0.5609748304808925,0.8119223343984152,-0.2734755972512319,-0.658138561741074,-0.29846552889141426,-0.2734755972512319,-0.15911145683514602,-0.12592581067377007,-0.7539829054441742,-0.705431216668723,-0.6830828103590231,0.7376951317802901,-0.3075623426146228,0.6158384251930635,-0.5101515430617262,0.9025873648130485
-0.1814872444684187,-0.47454519624983954,2.0089333664952354,3.610064686423428,0.6792945838081278,-1.2316448970959013,-0.2734755972512319,2.4746366111687697,1.4121166077726814,-0.2734755972512319,-0.15911145683514602,-1.1420507259392187,1.0139443189075026,-0.3378706148625569,3.0134900485507674,0.7376951317802901,-0.3075623426146228,-1.6238025415294657,-0.5101515430617262,-1.1079259903080172
0.24118689379868277,-0.47454519624983954,-0.4736736092984604,-0.3866707201133388,-0.5609748304808925,0.8119223343984152,-0.2734755972512319,-0.3336984726090332,-0.19308082769342225,-0.2734755972512319,-0.15911145683514602,0.028032509820994887,-0.04690633456139294,0.02773487735953388,-0.4357668312169326,-1.3555735383351195,-0.3075623426146228,0.6158384251930635,1.9602018529600023,-1.1079259903080172
1.1249600919935314,-0.47454519624983954,-0.4736736092984604,-0.09027201697708476,-0.5609748304808925,0.8119223343984152,-0.2734755972512319,0.4082334475616762,0.21787204896761117,-0.2734755972512319,-0.15911145683514602,-0.6185924362570179,1.068747908804261,1.0105963954111286,0.2474681655184986,-1.3555735383351195,-0.3075623426146228,-1.6238025415294657,-0.5101515430617262,-1.1079259903080172
-0.48888661775358344,-0.47454519624983954,-0.4736736092984604,-0.3454791770670269,-0.5609748304808925,0.8119223343984152,-0.2734755972512319,-0.19287328396337328,-0.1359692987633952,-0.2734755972512319,-0.15911145683514602,-0.5570091080591119,-0.44181408329023997,-0.5613117101854542,-0.31867292111348644,0.7376951317802901,-0.3075623426146228,-1.6238025415294657,1.9602018529600023,-1.1079259903080172
0.35646165878061953,0.4327933656785018,0.7676298785983874,-0.35848215805212236,0.6792945838081278,-1.2316448970959013,-0.2734755972512319,-0.23528881360946907,-0.4219959402294579,-0.2734755972512319,-0.15911145683514602,1.1673240814822554,0.08270900209571849,0.1391761236518289,-0.35456157211654327,0.7376951317802901,-0.3075623426146228,0.6158384251930635,-0.5101515430617262,0.9025873648130485
0.20276197213803718,0.4327933656785018,-0.4736736092984604,-0.12491978668775715,0.059159876663617626,-1.2316448970959013,-0.2734755972512319,0.3444394801955362,-0.19308082769342225,-0.2734755972512319,-0.15911145683514602,-0.002759154277958102,0.3077318680243057,-0.008294999261283314,0.18228697133662133,0.7376951317802901,-0.3075623426146228,0.6158384251930635,1.9602018529600023,-1.1079259903080172
-1.949033640858116,-0.47454519624983954,2.0089333664952354,0.9997696105865636,0.6792945838081278,-1.2316448970959013,-0.2734755972512319,1.5021989568725875,0.20573675635548744,3.6566333890527614,-0.15911145683514602,-1.8502590002151373,-1.273014230914286,-1.1344381196886857,1.5535954753351509,0.7376951317802901,-0.3075623426146228,0.6158384251930635,-0.5101515430617262,-1.1079259903080172
-2.1027333275006983,3.1548090514635256,2.0089333664952354,-0.01870931177853076,3.1598334123861687,-1.2316448970959013,3.6566333890527614,0.5286989276421437,-0.4312681987076162,3.6566333890527614,-0.15911145683514602,-1.7886756720172314,-1.4660192828218164,-1.1478445854080597,0.37385455037525206,-1.3555735383351195,-0.3075623426146228,0.6158384251930635,-0.5101515430617262,0.9025873648130485
-0.10463740114712752,-0.47454519624983954,-0.4736736092984604,-0.6484216535389205,-0.5609748304808925,0.8119223343984152,-0.2734755972512319,-3.0585777291682934,-0.5559950304944544,-0.2734755972512319,-0.15911145683514602,-0.249092467069582,-1.5911237098274018,-0.2764243136487601,-1.5400776793270476,0.7376951317802901,-0.3075623426146228,0.6158384251930635,1.9602018529600023,-1.1079259903080172
-0.33518693111100106,-0.47454519624983954,-0.4736736092984604,-0.3866707201133388,-0.5609748304808925,0.8119223343984152,-0.2734755972512319,-0.3336984726090332,-0.19308082769342225,-0.2734755972512319,-0.15911145683514602,-0.43384245166329993,-0.4032641903920105,-0.45405998443046347,-0.4357668312169326,0.7376951317802901,-0.3075623426146228,0.6158384251930635,1.9602018529600023,-1.1079259903080172
-0.41203677443229225,-0.47454519624983954,-0.4736736092984604,-0.4863374216869257,-0.5609748304808925,0.8119223343984152,-0.2734755972512319,-0.7841792430073967,-0.3312673895291999,-0.2734755972512319,-0.15911145683514602,0.2435741585136658,-0.6393019911874323,-0.5088030527845733,-0.7707171035377015,0.7376951317802901,-0.3075623426146228,0.6158384251930635,-0.5101515430617262,0.9025873648130485
-0.6425863043961658,-0.47454519624983954,-0.4736736092984604,-0.47400492578514347,-0.5609748304808925,0.8119223343984152,-0.2734755972512319,-0.7165619336211217,-0.31416854728184357,-0.2734755972512319,-0.15911145683514602,-0.03355081837691109,-0.7335194579699632,-0.659625792127529,-0.7242912951969392,0.7376951317802901,-0.3075623426146228,0.6158384251930635,-0.5101515430617262,0.9025873648130485
0.12591212881674602,-0.47454519624983954,-0.4736736092984604,-0.43700743807979686,-0.5609748304808925,0.8119223343984152,-0.2734755972512319,-0.5368057694182641,-0.2628720205397746,-0.2734755972512319,-0.15911145683514602,-0.06434248247586408,-0.22796847347362195,-0.07867894428799597,-0.594257804840711,0.7376951317802901,-0.3075623426146228,0.6158384251930635,1.9602018529600023,-1.1079259903080172
1.893458525206443,-0.47454519624983954,-0.4736736092984604,-0.36653603292675563,-0.5609748304808925,0.8119223343984152,-0.2734755972512319,-0.2624619586252086,-0.16516435055488132,-0.2734755972512319,-0.15911145683514602,1.3520740660759734,1.0417299446505968,2.1054577624933253,-0.3772720895183849,0.7376951317802901,-0.3075623426146228,0.6158384251930635,1.9602018529600023,-1.1079259903080172
0.27961181545932834,2.2474704895351842,-0.4736736092984604,-0.32928686163157667,1.299429290952638,-1.2316448970959013,-0.2734755972512319,-0.1423794216910609,-0.44537598983298593,-0.2734755972512319,-0.15911145683514602,1.0749490891853966,0.08694138737746251,0.06432335671865831,-0.27525128466658394,-1.3555735383351195,-0.3075623426146228,0.6158384251930635,-0.5101515430617262,0.9025873648130485
-0.48888661775358344,-0.47454519624983954,-0.4736736092984604,-0.3866707201133388,-0.5609748304808925,0.8119223343984152,-0.2734755972512319,-0.3336984726090332,-0.19308082769342225,-0.2734755972512319,-0.15911145683514602,-0.5570091080591119,-0.4982929519468417,-0.5613117101854542,-0.4357668312169326,0.7376951317802901,-0.3075623426146228,0.6158384251930635,1.9602018529600023,-1.1079259903080172
-0.7962859910387481,0.4327933656785018,0.7676298785983874,0.09152810056801232,0.6792945838081278,-1.2316448970959013,-0.2734755972512319,0.6904870950626278,-0.21401818554732793,-0.2734755972512319,-0.15911145683514602,-0.8033424208507358,-0.34903000215594493,-0.7490022302566879,0.5503864142421842,0.7376951317802901,-0.3075623426146228,0.6158384251930635,1.9602018529600023,-1.1079259903080172
2.738806801740646,-0.47454519624983954,-0.4736736092984604,-0.49237782784290063,-0.5609748304808925,0.8119223343984152,-0.2734755972512319,-0.8189865811572414,-0.33964233267076216,-0.2734755972512319,6.284902544988268,4.030948842684883,0.9472754180793512,3.567879731381688,-0.7940854607477059,0.7376951317802901,3.2513733362117265,-1.6238025415294657,-0.5101515430617262,0.9025873648130485
-0.10463740114712752,0.4327933656785018,-0.4736736092984604,-0.2463983948905696,0.059159876663617626,-1.2316448970959013,-0.2734755972512319,0.0833137463231359,-0.27729506845340174,-0.2734755972512319,-0.15911145683514602,0.6130741277011017,-0.05711783712059962,-0.2764243136487601,-0.07189812210727807,0.7376951317802901,-0.3075623426146228,0.6158384251930635,-0.5101515430617262,0.9025873648130485
0.9712604053509489,-0.47454519624983954,-0.4736736092984604,-0.3866707201133388,-0.5609748304808925,0.8119223343984152,-0.2734755972512319,-0.3336984726090332,-0.19308082769342225,-0.2734755972512319,-0.15911145683514602,0.6130741277011017,0.40448028282405557,0.8184370534334368,-0.4357668312169326,-1.3555735383351195,-0.3075623426146228,0.6158384251930635,1.9602018529600023,-1.1079259903080172
-0.8731358343600393,-0.47454519624983954,-0.4736736092984604,-0.41687275089321363,-0.5609748304808925,0.8119223343984152,-0.2734755972512319,-0.4507125974257932,-0.23495554340123365,-0.2734755972512319,-0.15911145683514602,-0.8649257490486417,-0.7725921222076241,-0.7903388328914239,-0.5285749284853629,0.7376951317802901,-0.3075623426146228,0.6158384251930635,1.9602018529600023,-1.1079259903080172
-0.1814872444684187,-0.47454519624983954,-0.4736736092984604,-0.3866707201133388,-0.5609748304808925,0.8119223343984152,-0.2734755972512319,-0.3336984726090332,-0.19308082769342225,-0.2734755972512319,-0.15911145683514602,-0.31067579526748795,-0.3082354288371791,-0.3378706148625569,-0.4357668312169326,0.7376951317802901,-0.3075623426146228,0.6158384251930635,1.9602018529600023,-1.1079259903080172
1.893458525206443,-0.47454519624983954,0.7676298785983874,0.907737982394129,0.059159876663617626,-1.2316448970959013,-0.2734755972512319,1.443609675522841,0.5228023329280368,-0.2734755972512319,-0.15911145683514602,-0.31067579526748795,2.648185937671051,2.1054577624933253,1.4746212739075633,0.7376951317802901,-0.3075623426146228,0.6158384251930635,-0.5101515430617262,-1.1079259903080172
-0.10463740114712752,-0.47454519624983954,-0.4736736092984604,-0.5028639729296732,-0.5609748304808925,0.8119223343984152,-0.2734755972512319,-0.8823470582632056,-0.3541812339645143,-0.2734755972512319,-0.15911145683514602,0.6130741277011017,-0.5285947664905187,-0.2764243136487601,-0.8356982467161812,0.7376951317802901,-0.3075623426146228,-1.6238025415294657,-0.5101515430617262,0.9025873648130485
1.3555096219574048,-0.47454519624983954,-0.4736736092984604,0.39858208016340624,-0.5609748304808925,0.8119223343984152,-0.2734755972512319,1.0408277503255374,0.8956617807096742,-0.2734755972512319,-0.15911145683514602,-0.5262174439601589,1.7685457085171639,1.3155934905268833,0.9593384459327382,0.7376951317802901,-0.3075623426146228,0.6158384251930635,-0.5101515430617262,-1.1079259903080172
-1.4110847376090776,4.0621476133918675,2.0089333664952354,0.2958951755118318,3.779968119530679,-1.2316448970959013,3.6566333890527614,0.936361092700485,-0.3923346832697581,-0.2734755972512319,-0.15911145683514602,-0.9573007413455007,-0.8248558163102351,-1.0171315446441647,0.8335744910034938,0.7376951317802901,-0.3075623426146228,0.6158384251930635,-0.5101515430617262,0.9025873648130485
-0.6425863043961658,1.340131927606843,-0.4736736092984604,0.8314778546749452,0.6792945838081278,-1.2316448970959013,-0.2734755972512319,1.3924082286355355,0.1279586593997985,-0.2734755972512319,-0.15911145683514602,-0.6801757644549238,0.03874765552711663,-0.659625792127529,1.406441424049901,0.7376951317802901,-0.3075623426146228,0.6158384251930635,1.9602018529600023,-1.1079259903080172
-0.027787557825836348,-0.47454519624983954,-0.4736736092984604,-0.43700743807979686,-0.5609748304808925,0.8119223343984152,-0.2734755972512319,-0.5368057694182641,-0.2628720205397746,-0.2734755972512319,-0.15911145683514602,-0.18750913887167603,-0.31591397259322057,-0.21274360148173435,-0.594257804840711,0.7376951317802901,-0.3075623426146228,0.6158384251930635,1.9602018529600023,-1.1079259903080172
0.7407108753870755,-0.47454519624983954,-0.4736736092984604,-0.1621689579829361,-0.5609748304808925,0.8119223343984152,-0.2734755972512319,0.2711522804976662,0.11818789240130914,-0.2734755972512319,-0.15911145683514602,1.6291990429665502,0.6732673850045127,0.5469561226161165,0.1089002898312741,0.7376951317802901,-0.3075623426146228,0.6158384251930635,-0.5101515430617262,0.9025873648130485
0.7407108753870755,-0.47454519624983954,5.73284383018578,-0.06199888922968463,2.5396987052416584,-1.2316448970959013,3.6566333890527614,0.457519539438721,-0.42048379771778693,-0.2734755972512319,-0.15911145683514602,1.6291990429665502,0.8000068985053965,0.5469561226161165,0.2986549140207729,-1.3555735383351195,3.2513733362117265,-1.6238025415294657,-0.5101515430617262,0.9025873648130485
0.5101613454232019,0.4327933656785018,-0.4736736092984604,-0.3353272677875516,0.059159876663617626,-1.2316448970959013,-0.2734755972512319,-0.16092818251417132,-0.33894442074229864,-0.2734755972512319,-0.15911145683514602,1.3520740660759734,0.22784894709350875,0.295584890377857,-0.29129021409039857,0.7376951317802901,-0.3075623426146228,0.6158384251930635,-0.5101515430617262,0.9025873648130485
-0.9499856776813305,0.4327933656785018,-0.4736736092984604,1.5442457810799908,0.059159876663617626,-1.2316448970959013,-0.2734755972512319,1.7938227894866787,0.9640571496990996,-0.2734755972512319,-0.15911145683514602,-1.4499673669287485,-0.15271146042610964,-0.829441024572931,1.9618735523361563,-1.3555735383351195,-0.3075623426146228,-1.6238025415294657,-0.5101515430617262,-1.1079259903080172
-0.10463740114712752,-0.47454519624983954,-0.4736736092984604,-0.47400492578514347,-0.5609748304808925,0.8119223343984152,-0.2734755972512319,-0.7165619336211217,-0.31416854728184357,-0.2734755972512319,-0.15911145683514602,0.6130741277011017,-0.4476513740174838,-0.2764243136487601,-0.7242912951969392,0.7376951317802901,-0.3075623426146228,0.6158384251930635,-0.5101515430617262,0.9025873648130485
-1.4110847376090776,3.1548090514635256,2.0089333664952354,-0.01870931177853076,3.1598334123861687,-1.2316448970959013,3.6566333890527614,0.5286989276421437,-0.4312681987076162,-0.2734755972512319,-0.15911145683514602,-0.9573007413455007,-0.9030493612966828,-1.0171315446441647,0.37385455037525206,-1.3555735383351195,-0.3075623426146228,0.6158384251930635,-0.5101515430617262,0.9025873648130485
1.3555096219574048,0.4327933656785018,-0.4736736092984604,-0.35646868933346404,0.059159876663617626,-1.2316448970959013,-0.2734755972512319,-0.2286058134653583,-0.35360057124003264,-0.2734755972512319,-0.15911145683514602,2.368198981341422,0.7281809180073388,1.3155934905268833,-0.34894246505542853,-1.3555735383351195,-0.3075623426146228,0.6158384251930635,-0.5101515430617262,0.9025873648130485
-0.10463740114712752,-0.47454519624983954,-0.4736736092984604,-0.12491978668775715,-0.5609748304808925,0.8119223343984152,-0.2734755972512319,0.3444394801955362,0.1698333751076099,-0.2734755972512319,-0.15911145683514602,-1.1112590618402656,0.07037492079284224,-0.2764243136487601,0.18228697133662133,0.7376951317802901,-0.3075623426146228,0.6158384251930635,-0.5101515430617262,-1.1079259903080172
0.6638610320657843,0.4327933656785018,5.73284383018578,-0.016444159470040135,3.1598334123861687,-1.2316448970959013,3.6566333890527614,0.5322916934007406,-0.4308195410393182,-0.2734755972512319,-0.15911145683514602,1.5368240506696913,0.7882410245542152,0.46093130091680107,0.37769019186785885,-1.3555735383351195,-0.3075623426146228,0.6158384251930635,-0.5101515430617262,0.9025873648130485
-0.10463740114712752,-0.47454519624983954,-0.4736736092984604,-0.3997582667846179,-0.5609748304808925,0.8119223343984152,-0.2734755972512319,-0.38278544498532663,-0.21122653783347387,-0.2734755972512319,-0.15911145683514602,-0.249092467069582,-0.2846874086059542,-0.2764243136487601,-0.47519538285610147,-1.3555735383351195,3.2513733362117265,-1.6238025415294657,1.9602018529600023,-1.1079259903080172
-0.7962859910387481,-0.47454519624983954,-0.4736736092984604,-0.04438103794142432,-0.5609748304808925,0.8119223343984152,-0.2734755972512319,0.4870824563024251,0.2814992836617736,-0.2734755972512319,-0.15911145683514602,-1.3883840387308426,-0.41641950694186486,-0.7490022302566879,0.3297045770954021,-1.3555735383351195,-0.3075623426146228,0.6158384251930635,-0.5101515430617262,-1.1079259903080172
1.432359465278696,0.4327933656785018,-0.4736736092984604,0.1489119590497745,0.059159876663617626,-1.2316448970959013,-0.2734755972512319,0.7656365698356679,-0.00324878315134387,-0.2734755972512319,-0.15911145683514602,-0.4954257798612059,1.60969641793274,1.4217280108052595,0.6350324699822594,-1.3555735383351195,-0.3075623426146228,-1.6238025415294657,-0.5101515430617262,-1.1079259903080172
-0.10463740114712752,-0.47454519624983954,-0.4736736092984604,-0.4926295114327329,-0.5609748304808925,0.8119223343984152,-0.2734755972512319,-0.8204626642072291,-0.3399912886349939,-0.2734755972512319,-0.15911145683514602,0.6130741277011017,-0.4983801570263515,-0.2764243136487601,-0.7950684826668308,0.7376951317802901,3.2513733362117265,-1.6238025415294657,-0.5101515430617262,0.9025873648130485
-0.10463740114712752,0.4327933656785018,-0.4736736092984604,2.301728820789,0.059159876663617626,-1.2316448970959013,-0.2734755972512319,2.097794920021772,1.48917725126591,-0.2734755972512319,-0.15911145683514602,-1.1112590618402656,0.926438079758309,-0.2764243136487601,2.41436609595122,-1.3555735383351195,-0.3075623426146228,-1.6238025415294657,-0.5101515430617262,-1.1079259903080172
0.8175607187083667,-0.47454519624983954,-0.4736736092984604,-0.6484216535389205,-0.5609748304808925,0.8119223343984152,-0.2734755972512319,-3.0585777291682934,-0.5559950304944544,-0.2734755972512319,-0.15911145683514602,-0.7417590926528298,-1.5911237098274018,0.6352153552686609,-1.5400776793270476,0.7376951317802901,-0.3075623426146228,0.6158384251930635,-0.5101515430617262,-1.1079259903080172
0.12591212881674602,-0.47454519624983954,-0.4736736092984604,-0.4918744606632361,-0.5609748304808925,0.8119223343984152,-0.2734755972512319,-0.8160407306065733,-0.33894442074229864,-0.2734755972512319,-0.15911145683514602,0.8901991045916785,-0.37891019445089036,-0.07867894428799597,-0.7921216854519817,0.7376951317802901,-0.3075623426146228,0.6158384251930635,-0.5101515430617262,0.9025873648130485
-1.6416342675729512,2.2474704895351842,0.7676298785983874,-0.22408312108167944,1.9195639980971482,-1.2316448970959013,3.6566333890527614,0.13649913806595457,-0.43832707935550436,3.6566333890527614,-0.15911145683514602,-1.2344257182360776,-1.1454170649771622,-1.0808122568111904,-0.021771237636039588,-1.3555735383351195,-0.3075623426146228,0.6158384251930635,-0.5101515430617262,0.9025873648130485
-0.2583370877897099,-0.47454519624983954,-0.4736736092984604,-0.2701412180209885,-0.5609748304808925,0.8119223343984152,-0.2734755972512319,0.023546289947323752,-0.031514216254116545,-0.2734755972512319,-0.15911145683514602,0.4283241431073837,-0.1937863557890777,-0.39708250512312465,-0.1272245015870034,0.7376951317802901,-0.3075623426146228,-1.6238025415294657,-0.5101515430617262,0.9025873648130485
-0.41203677443229225,1.340131927606843,-0.4736736092984604,0.8314778546749452,0.6792945838081278,-1.2316448970959013,-0.2734755972512319,1.3924082286355355,0.1279586593997985,-0.2734755972512319,-0.15911145683514602,-0.4954257798612059,0.2715864220063333,-0.5088030527845733,1.406441424049901,0.7376951317802901,-0.3075623426146228,0.6158384251930635,1.9602018529600023,-1.1079259903080172
-0.5657364610748746,-0.47454519624983954,-0.4736736092984604,-0.5028639729296732,-0.5609748304808925,0.8119223343984152,-0.2734755972512319,-0.8823470582632056,-0.3541812339645143,-0.2734755972512319,-0.15911145683514602,0.058824173919947875,-0.756279540062708,-0.6115859566331061,-0.8356982467161812,0.7376951317802901,-0.3075623426146228,-1.6238025415294657,-0.5101515430617262,0.9025873648130485
-1.949033640858116,0.4327933656785018,0.7676298785983874,-0.18532384824750675,0.6792945838081278,-1.2316448970959013,-0.2734755972512319,0.2228261499229997,-0.34196870576564053,3.6566333890527614,-0.15911145683514602,-1.7270923438193253,-1.3622491671916934,-1.1344381196886857,0.0613826579847014,-1.3555735383351195,-0.3075623426146228,0.6158384251930635,1.9602018529600023,-1.1079259903080172
1.2018099353148226,-0.47454519624983954,-0.4736736092984604,-0.11384570873513637,-0.5609748304808925,0.8119223343984152,-0.2734755972512319,0.36526093570402607,0.18518743753380743,-0.2734755972512319,-0.15911145683514602,-0.5878007721580649,1.0954800412639718,1.1100276828298177,0.20342812254316164,0.7376951317802901,-0.3075623426146228,0.6158384251930635,-0.5101515430617262,-1.1079259903080172
0.9712604053509489,-0.47454519624983954,-0.4736736092984604,3.9327230485884233,-0.5609748304808925,0.8119223343984152,-0.2734755972512319,2.5497045522452972,5.795701430452072,-0.2734755972512319,-0.15911145683514602,-0.6801757644549238,2.516181406817493,0.8184370534334368,3.1378827358660177,-1.3555735383351195,-0.3075623426146228,-1.6238025415294657,-0.5101515430617262,-1.1079259903080172
0.20276197213803718,-0.47454519624983954,-0.4736736092984604,-0.034313694348132716,-0.5609748304808925,0.8119223343984152,-0.2734755972512319,0.5036031274312862,0.2954575222310441,-0.2734755972512319,-0.15911145683514602,-0.9880924054444538,0.39654387241652705,-0.008294999261283314,0.34716932035050957,0.7376951317802901,-0.3075623426146228,-1.6238025415294657,-0.5101515430617262,-1.1079259903080172
1.6629089952425695,-0.47454519624983954,-0.4736736092984604,-0.4863374216869257,-0.5609748304808925,0.8119223343984152,-0.2734755972512319,-0.7841792430073967,-0.3312673895291999,-0.2734755972512319,-0.15911145683514602,2.737698950528858,0.43149744228253356,1.753538037359762,-0.7707171035377015,0.7376951317802901,-0.3075623426146228,0.6158384251930635,-0.5101515430617262,0.9025873648130485
-1.1421102859845584,0.4327933656785018,-0.4736736092984604,-0.3573908580066095,0.059159876663617626,-1.2316448970959013,-0.2734755972512319,-0.23166125968823223,-0.3542398585665052,-0.2734755972512319,-0.15911145683514602,-0.6339882683064944,-0.8763660977660034,-0.9174209558563218,-0.3515131512606226,-1.3555735383351195,-0.3075623426146228,-1.6238025415294657,-0.5101515430617262,0.9025873648130485
-0.10463740114712752,-0.47454519624983954,-0.4736736092984604,-0.5064721088735089,-0.5609748304808925,0.8119223343984152,-0.2734755972512319,-0.9050797531497122,-0.35918386666774077,-0.2734755972512319,-0.15911145683514602,0.6130741277011017,-0.539693840958996,-0.2764243136487601,-0.8503371457314686,0.7376951317802901,-0.3075623426146228,0.6158384251930635,-0.5101515430617262,0.9025873648130485
-0.1814872444684187,0.4327933656785018,-0.4736736092984604,-0.3573908580066095,0.059159876663617626,-1.2316448970959013,-0.2734755972512319,-0.23166125968823223,-0.3542398585665052,-0.2734755972512319,-0.15911145683514602,0.5206991354042427,-0.26019574254065986,-0.3378706148625569,-0.3515131512606226,0.7376951317802901,-0.3075623426146228,-1.6238025415294657,-0.5101515430617262,0.9025873648130485
-0.10463740114712752,-0.47454519624983954,-0.4736736092984604,-0.11384570873513637,-0.5609748304808925,0.8119223343984152,-0.2734755972512319,0.36526093570402607,0.18518743753380743,-0.2734755972512319,-0.15911145683514602,-1.1112590618402656,0.08054084640723068,-0.2764243136487601,0.20342812254316164,0.7376951317802901,-0.3075623426146228,0.6158384251930635,-0.5101515430617262,-1.1079259903080172
-1.6416342675729512,3.1548090514635256,0.7676298785983874,-0.06199888922968463,2.5396987052416584,-1.2316448970959013,3.6566333890527614,0.457519539438721,-0.42048379771778693,3.6566333890527614,-0.15911145683514602,-1.2344257182360776,-1.1006353799129818,-1.0808122568111904,0.2986549140207729,0.7376951317802901,3.2513733362117265,-1.6238025415294657,-0.5101515430617262,0.9025873648130485
0.9712604053509489,0.4327933656785018,-0.4736736092984604,-0.10478509950117394,0.059159876663617626,-1.2316448970959013,-0.2734755972512319,0.3819897971587497,-0.17912258912415177,-0.2734755972512319,-0.15911145683514602,0.6130741277011017,0.9286247436123277,0.8184370534334368,0.22050726935011586,0.7376951317802901,-0.3075623426146228,0.6158384251930635,1.9602018529600023,-1.1079259903080172
0.8175607187083667,0.4327933656785018,0.7676298785983874,2.059693773056521,0.6792945838081278,-1.2316448970959013,-0.2734755972512319,2.010033264475824,0.6955936945501309,-0.2734755972512319,-0.15911145683514602,-0.7417590926528298,1.9441802811274596,0.6352153552686609,2.2809020636231456,-1.3555735383351195,-0.3075623426146228,-1.6238025415294657,-0.5101515430617262,-1.1079259903080172
-1.8721837975368247,3.1548090514635256,2.0089333664952354,-0.016444159470040135,3.1598334123861687,-1.2316448970959013,3.6566333890527614,0.5322916934007406,-0.4308195410393182,3.6566333890527614,-0.15911145683514602,-1.5115506951266544,-1.2780494026719258,-1.1243832703991554,0.37769019186785885,-1.3555735383351195,-0.3075623426146228,0.6158384251930635,-0.5101515430617262,0.9025873648130485
0.04906228549545483,-0.47454519624983954,-0.4736736092984604,-0.4894421904510968,-0.5609748304808925,0.8119223343984152,-0.2734755972512319,-0.8019236166026618,-0.33557211030396283,-0.2734755972512319,-0.15911145683514602,0.7978241122948195,-0.4106289499668464,-0.14682847836147966,-0.7826750495741225,0.7376951317802901,-0.3075623426146228,0.6158384251930635,-0.5101515430617262,0.9025873648130485
-0.10463740114712752,-0.47454519624983954,-0.4736736092984604,-0.49237782784290063,-0.5609748304808925,0.8119223343984152,-0.2734755972512319,-0.8189865811572414,-0.33964233267076216,-0.2734755972512319,-0.15911145683514602,0.6130741277011017,-0.49765947011372363,-0.2764243136487601,-0.7940854607477059,-1.3555735383351195,3.2513733362117265,-1.6238025415294657,-0.5101515430617262,0.9025873648130485
-1.949033640858116,3.1548090514635256,0.7676298785983874,-0.06199888922968463,2.5396987052416584,-1.2316448970959013,3.6566333890527614,0.457519539438721,-0.42048379771778693,3.6566333890527614,-0.15911145683514602,-1.6039256874235135,-1.3458795448701917,-1.1344381196886857,0.2986549140207729,0.7376951317802901,3.2513733362117265,-1.6238025415294657,-0.5101515430617262,0.9025873648130485
-2.192647644186609,0.4327933656785018,0.7676298785983874,-0.2708962687904854,0.6792945838081278,-1.2316448970959013,-0.2734755972512319,0.021587667954472933,-0.38151704837857353,3.6566333890527614,-0.15911145683514602,-1.9223114942066875,-1.5465447489495086,-1.1515437644616777,-0.1290196052412911,0.7376951317802901,-0.3075623426146228,0.6158384251930635,1.9602018529600023,-1.1079259903080172
-0.10463740114712752,0.4327933656785018,-0.4736736092984604,-0.12491978668775715,0.059159876663617626,-1.2316448970959013,-0.2734755972512319,0.3444394801955362,-0.19308082769342225,-0.2734755972512319,-0.15911145683514602,-0.249092467069582,0.07037492079284224,-0.2764243136487601,0.18228697133662133,-1.3555735383351195,-0.3075623426146228,0.6158384251930635,1.9602018529600023,-1.1079259903080172
-0.719436147717457,-0.47454519624983954,-0.4736736092984604,-0.5676312212027554,-0.5609748304808925,0.8119223343984152,-0.2734755972512319,-1.3942229498762084,-0.44398016597605894,-0.2734755972512319,-0.15911145683514602,-0.12592581067377007,-1.0106885471196638,-0.705431216668723,-1.1280858266661606,0.7376951317802901,-0.3075623426146228,-1.6238025415294657,-0.5101515430617262,0.9025873648130485
-0.10463740114712752,-0.47454519624983954,-0.4736736092984604,-0.5029485386158568,-0.5609748304808925,0.8119223343984152,-0.2734755972512319,-0.8828741679067217,-0.35429848316849616,-0.2734755972512319,-0.15911145683514602,0.6130741277011017,-0.5288521239756584,-0.2764243136487601,-0.8360394239927292,0.7376951317802901,-0.3075623426146228,-1.6238025415294657,-0.5101515430617262,0.9025873648130485
-0.10463740114712752,-0.47454519624983954,-0.4736736092984604,-0.030371322596999754,-0.5609748304808925,0.8119223343984152,-0.2734755972512319,0.5100012756239033,0.30092356845477036,-0.2734755972512319,-0.15911145683514602,-1.1112590618402656,0.1512092743865712,-0.2764243136487601,0.3539548994735612,0.7376951317802901,-0.3075623426146228,-1.6238025415294657,-0.5101515430617262,-1.1079259903080172
-0.9499856776813305,-0.47454519624983954,-0.4736736092984604,-0.47400492578514347,-0.5609748304808925,0.8119223343984152,-0.2734755972512319,-0.7165619336211217,-0.31416854728184357,-0.2734755972512319,-0.15911145683514602,-0.4030507875643469,-0.8968726487999515,-0.829441024572931,-0.7242912951969392,0.7376951317802901,-0.3075623426146228,0.6158384251930635,-0.5101515430617262,0.9025873648130485
-0.10463740114712752,-0.47454519624983954,-0.4736736092984604,-0.47299819142581434,-0.5609748304808925,0.8119223343984152,-0.2734755972512319,-0.71123278673221,-0.31277272342491647,-0.2734755972512319,-0.15911145683514602,0.6130741277011017,-0.4450494564503504,-0.2764243136487601,-0.7205745041460696,0.7376951317802901,-0.3075623426146228,-1.6238025415294657,-0.5101515430617262,0.9025873648130485
-0.027787557825836348,-0.47454519624983954,-0.4736736092984604,-0.4918744606632361,-0.5609748304808925,0.8119223343984152,-0.2734755972512319,-0.8160407306065733,-0.33894442074229864,-0.2734755972512319,-0.15911145683514602,0.7054491199979606,-0.4571175180235685,-0.21274360148173435,-0.7921216854519817,0.7376951317802901,-0.3075623426146228,0.6158384251930635,-0.5101515430617262,0.9025873648130485
0.4333115021019107,-0.47454519624983954,-0.4736736092984604,-0.5049620073345151,-0.5609748304808925,0.8119223343984152,-0.2734755972512319,-0.8955045384601199,-0.35709013088235025,-0.2734755972512319,-0.15911145683514602,1.2596990737791145,-0.27099258677437776,0.21626330153822848,-0.844189848130866,0.7376951317802901,-0.3075623426146228,0.6158384251930635,-0.5101515430617262,0.9025873648130485
-1.7953339542155335,3.1548090514635256,2.0089333664952354,-0.01870931177853076,3.1598334123861687,-1.2316448970959013,3.6566333890527614,0.5286989276421437,-0.4312681987076162,3.6566333890527614,-0.15911145683514602,-1.4191757028297955,-1.215810428810646,-1.112094010156396,0.37385455037525206,-1.3555735383351195,-0.3075623426146228,0.6158384251930635,-0.5101515430617262,0.9025873648130485
-0.7962859910387481,-0.47454519624983954,-0.4736736092984604,-0.48977642625839407,-0.5609748304808925,0.8119223343984152,-0.2734755972512319,-0.8038521494426432,-0.3360355238244626,-0.2734755972512319,-0.15911145683514602,-0.218300802970629,-0.8441159661889289,-0.7490022302566879,-0.7839690464616976,-1.3555735383351195,3.2513733362117265,-1.6238025415294657,-0.5101515430617262,0.9025873648130485
-0.6425863043961658,-0.47454519624983954,-0.4736736092984604,-0.4902797934380587,-0.5609748304808925,0.8119223343984152,-0.2734755972512319,-0.806763380796033,-0.33673343575292625,-0.2734755972512319,-0.15911145683514602,-0.03355081837691109,-0.7665496129193773,-0.659625792127529,-0.7859203137141989,0.7376951317802901,-0.3075623426146228,0.6158384251930635,-0.5101515430617262,0.9025873648130485
-0.719436147717457,-0.47454519624983954,-0.4736736092984604,-0.45017955043725955,-0.5609748304808925,0.8119223343984152,-0.2734755972512319,-0.5972795597045875,-0.28113497988380803,-0.2734755972512319,-0.15911145683514602,-0.12592581067377007,-0.732758641730218,-0.705431216668723,-0.6390766850536892,0.7376951317802901,-0.3075623426146228,0.6158384251930635,-0.5101515430617262,0.9025873648130485
-1.7184841108942424,-0.47454519624983954,2.0089333664952354,-0.11988611489111134,0.6792945838081278,-1.2316448970959013,-0.2734755972512319,0.35395586016517094,-0.3117258555322212,3.6566333890527614,-0.15911145683514602,-1.5423423592256076,-1.1745874761858528,-1.0975703389604077,0.19193346639430406,-1.3555735383351195,-0.3075623426146228,0.6158384251930635,1.9602018529600023,-1.1079259903080172
0.7407108753870755,-0.47454519624983954,-0.4736736092984604,-0.4888542575852486,-0.5609748304808925,0.8119223343984152,-0.2734755972512319,-0.798539974052802,-0.3347569491715175,-0.2734755972512319,-0.15911145683514602,1.6291990429665502,-0.05417946755809198,0.5469561226161165,-0.7804020374400552,0.7376951317802901,-0.3075623426146228,0.6158384251930635,-0.5101515430617262,0.9025873648130485
-0.2583370877897099,0.4327933656785018,-0.4736736092984604,-0.3573908580066095,0.059159876663617626,-1.2316448970959013,-0.2734755972512319,-0.23166125968823223,-0.3542398585665052,-0.2734755972512319,-0.15911145683514602,0.4283241431073837,-0.30948937095868717,-0.39708250512312465,-0.3515131512606226,0.7376951317802901,-0.3075623426146228,-1.6238025415294657,-0.5101515430617262,0.9025873648130485
1.2018099353148226,-0.47454519624983954,0.7676298785983874,-0.3573908580066095,0.059159876663617626,-1.2316448970959013,-0.2734755972512319,-0.23166125968823223,-0.3542398585665052,-0.2734755972512319,-0.15911145683514602,2.183448996747704,0.6270895689838348,1.1100276828298177,-0.3515131512606226,-1.3555735383351195,-0.3075623426146228,-1.6238025415294657,-0.5101515430617262,0.9025873648130485
0.27961181545932834,0.4327933656785018,0.7676298785983874,-0.2351571990343002,0.6792945838081278,-1.2316448970959013,-0.2734755972512319,0.11044794172866994,-0.3649997994049369,-0.2734755972512319,-0.15911145683514602,1.0749490891853966,0.23242558613210867,0.06432335671865831,-0.04642945367130432,0.7376951317802901,-0.3075623426146228,0.6158384251930635,-0.5101515430617262,0.9025873648130485
-2.1027333275006983,0.4327933656785018,0.7676298785983874,-0.12491978668775715,0.6792945838081278,-1.2316448970959013,-0.2734755972512319,0.3444394801955362,-0.31405222862709964,3.6566333890527614,-0.15911145683514602,-1.8502590002151373,-1.4724452362116702,-1.1478445854080597,0.18228697133662133,0.7376951317802901,-0.3075623426146228,0.6158384251930635,1.9602018529600023,-1.1079259903080172
-0.10463740114712752,0.4327933656785018,-0.4736736092984604,1.145663540471827,0.059159876663617626,-1.2316448970959013,-0.2734755972512319,1.588760118059578,0.6877426506295352,-0.2734755972512319,-0.15911145683514602,-1.1112590618402656,0.6779055057616167,-0.2764243136487601,1.6721424838140646,-1.3555735383351195,-0.3075623426146228,-1.6238025415294657,-0.5101515430617262,-1.1079259903080172
-0.2583370877897099,0.4327933656785018,-0.4736736092984604,-0.32425318983493084,0.059159876663617626,-1.2316448970959013,-0.2734755972512319,-0.12717266791993012,-0.3312673895291999,-0.2734755972512319,-0.15911145683514602,0.4283241431073837,-0.2621175548204759,-0.39708250512312465,-0.26202581102422196,-1.3555735383351195,-0.3075623426146228,0.6158384251930635,-0.5101515430617262,0.9025873648130485
0.20276197213803718,-0.47454519624983954,-0.4736736092984604,0.48910360681684706,-0.5609748304808925,0.8119223343984152,-0.2734755972512319,1.1248955097361595,1.0211686786291265,-0.2734755972512319,-0.15911145683514602,0.9825740968885375,0.7432199051941952,-0.008294999261283314,1.0629021530354223,0.7376951317802901,-0.3075623426146228,0.6158384251930635,-0.5101515430617262,0.9025873648130485
0.4333115021019107,-0.47454519624983954,-0.4736736092984604,2.0825124140450755,-0.5609748304808925,0.8119223343984152,-0.2734755972512319,2.0186331792044068,3.23040888818041,-0.2734755972512319,-0.15911145683514602,-0.8957174131475948,1.5075158402530753,0.21626330153822848,2.2938791797932465,-1.3555735383351195,-0.3075623426146228,0.6158384251930635,-0.5101515430617262,-1.1079259903080172
-0.10463740114712752,0.4327933656785018,0.7676298785983874,-0.35848215805212236,0.6792945838081278,-1.2316448970959013,-0.2734755972512319,-0.23528881360946907,-0.4219959402294579,-0.2734755972512319,-0.15911145683514602,0.6130741277011017,-0.21267324118483225,-0.2764243136487601,-0.35456157211654327,-1.3555735383351195,-0.3075623426146228,0.6158384251930635,-0.5101515430617262,0.9025873648130485
0.7407108753870755,0.4327933656785018,5.73284383018578,-0.01870931177853076,3.1598334123861687,-1.2316448970959013,3.6566333890527614,0.5286989276421437,-0.4312681987076162,-0.2734755972512319,-0.15911145683514602,1.6291990429665502,0.848412616781511,0.5469561226161165,0.37385455037525206,0.7376951317802901,-0.3075623426146228,0.6158384251930635,-0.5101515430617262,0.9025873648130485
-0.10463740114712752,-0.47454519624983954,-0.4736736092984604,-0.45714212526638004,-0.5609748304808925,0.8119223343984152,-0.2734755972512319,-0.6307359423566569,-0.2907884976783155,-0.2734755972512319,-0.15911145683514602,0.6130741277011017,-0.4057474522373788,-0.2764243136487601,-0.6634047891287582,0.7376951317802901,-0.3075623426146228,0.6158384251930635,-0.5101515430617262,0.9025873648130485
0.5870111887444931,-0.47454519624983954,0.7676298785983874,-0.05042144409739929,0.059159876663617626,-1.2316448970959013,-0.2734755972512319,0.4770416648490861,-0.14143534498712151,-0.2734755972512319,-0.15911145683514602,-0.8341340849496888,0.6899800614233311,0.37714089017071456,0.31912967145050375,0.7376951317802901,-0.3075623426146228,-1.6238025415294657,-0.5101515430617262,-1.1079259903080172
-0.10463740114712752,-0.47454519624983954,-0.4736736092984604,-0.5024451714361923,-0.5609748304808925,0.8119223343984152,-0.2734755972512319,-0.8797405693934278,-0.35360057124003264,-0.2734755972512319,-0.15911145683514602,0.6130741277011017,-0.5273221670819862,-0.2764243136487601,-0.8340099545272707,0.7376951317802901,-0.3075623426146228,0.6158384251930635,-0.5101515430617262,0.9025873648130485
-1.949033640858116,3.1548090514635256,2.0089333664952354,-0.01870931177853076,3.1598334123861687,-1.2316448970959013,3.6566333890527614,0.5286989276421437,-0.4312681987076162,3.6566333890527614,-0.15911145683514602,-1.6039256874235135,-1.3409148558162314,-1.1344381196886857,0.37385455037525206,0.7376951317802901,-0.3075623426146228,0.6158384251930635,-0.5101515430617262,0.9025873648130485
-0.48888661775358344,-0.47454519624983954,0.7676298785983874,0.6272778976347743,0.059159876663617626,-1.2316448970959013,-0.2734755972512319,1.241316266924983,0.32837523624895465,-0.2734755972512319,-0.15911145683514602,-1.2652173823350306,0.13337707428816453,-0.5613117101854542,1.2097932587275595,0.7376951317802901,-0.3075623426146228,-1.6238025415294657,-0.5101515430617262,-1.1079259903080172
0.6638610320657843,-0.47454519624983954,-0.4736736092984604,-0.5064721088735089,-0.5609748304808925,0.8119223343984152,-0.2734755972512319,-0.9050797531497122,-0.35918386666774077,-0.2734755972512319,-0.15911145683514602,1.5368240506696913,-0.16418317350599387,0.46093130091680107,-0.8503371457314686,0.7376951317802901,-0.3075623426146228,0.6158384251930635,-0.5101515430617262,0.9025873648130485
-0.33518693111100106,-0.47454519624983954,-0.4736736092984604,-0.5064721088735089,-0.5609748304808925,0.8119223343984152,-0.2734755972512319,-0.9050797531497122,-0.35918386666774077,-0.2734755972512319,-0.15911145683514602,0.3359491508105248,-0.6523470411948966,-0.45405998443046347,-0.8503371457314686,0.7376951317802901,-0.3075623426146228,0.6158384251930635,-0.5101515430617262,0.9025873648130485
-0.027787557825836348,-0.47454519624983954,-0.4736736092984604,-0.43700743807979686,-0.5609748304808925,0.8119223343984152,-0.2734755972512319,-0.5368057694182641,-0.2628720205397746,-0.2734755972512319,-0.15911145683514602,-0.18750913887167603,-0.31591397259322057,-0.21274360148173435,-0.594257804840711,-1.3555735383351195,-0.3075623426146228,0.6158384251930635,1.9602018529600023,-1.1079259903080172
1.893458525206443,-0.47454519624983954,-0.4736736092984604,0.395813560675251,-0.5609748304808925,0.8119223343984152,-0.2734755972512319,1.038145562232327,0.8918232651031247,-0.2734755972512319,-0.15911145683514602,-0.31067579526748795,2.2663964267777783,2.1054577624933253,0.956068844491413,0.7376951317802901,-0.3075623426146228,0.6158384251930635,-0.5101515430617262,-1.1079259903080172
-0.41203677443229225,-0.47454519624983954,2.0089333664952354,-0.35646868933346404,0.6792945838081278,-1.2316448970959013,-0.2734755972512319,-0.2286058134653583,-0.4210653909915066,-0.2734755972512319,-0.15911145683514602,-0.4954257798612059,-0.406797942422428,-0.5088030527845733,-0.34894246505542853,-1.3555735383351195,-0.3075623426146228,0.6158384251930635,1.9602018529600023,-1.1079259903080172
-0.10463740114712752,-0.47454519624983954,-0.4736736092984604,-0.4894421904510968,-0.5609748304808925,0.8119223343984152,-0.2734755972512319,-0.8019236166026618,-0.33557211030396283,-0.2734755972512319,-0.15911145683514602,0.6130741277011017,-0.4893286006242167,-0.2764243136487601,-0.7826750495741225,0.7376951317802901,-0.3075623426146228,0.6158384251930635,-0.5101515430617262,0.9025873648130485
-0.10463740114712752,-0.47454519624983954,2.0089333664952354,-0.19824427701513722,0.6792945838081278,-1.2316448970959013,-0.2734755972512319,0.19484336402527688,-0.3479400402255745,-0.2734755972512319,-0.15911145683514602,0.6130741277011017,-0.0026643049504381632,-0.2764243136487601,0.03418561282263706,-1.3555735383351195,-0.3075623426146228,-1.6238025415294657,-0.5101515430617262,0.9025873648130485
-1.180535207645204,-0.47454519624983954,-0.4736736092984604,-0.4902797934380587,-0.5609748304808925,0.8119223343984152,-0.2734755972512319,-0.806763380796033,-0.33673343575292625,-0.2734755972512319,-0.15911145683514602,-0.6801757644549238,-1.0414076452220522,-0.9333411338980782,-0.7859203137141989,-1.3555735383351195,-0.3075623426146228,0.6158384251930635,-0.5101515430617262,0.9025873648130485
0.8944105620296577,-0.47454519624983954,0.7676298785983874,-0.255795253400548,0.059159876663617626,-1.2316448970959013,-0.2734755972512319,0.06007112543995847,-0.28380937839368026,-0.2734755972512319,-0.15911145683514602,0.5514907995031957,0.6384823991848224,0.7257089988744344,-0.09353993952641027,-1.3555735383351195,-0.3075623426146228,0.6158384251930635,1.9602018529600023,-1.1079259903080172
-0.10463740114712752,-0.47454519624983954,-0.4736736092984604,-0.35646868933346404,-0.5609748304808925,0.8119223343984152,-0.2734755972512319,-0.2286058134653583,-0.15120611198561085,-0.2734755972512319,-0.15911145683514602,0.6130741277011017,-0.20941031452159897,-0.2764243136487601,-0.34894246505542853,0.7376951317802901,-0.3075623426146228,0.6158384251930635,-0.5101515430617262,0.9025873648130485
1.5860591519212783,-0.47454519624983954,-0.4736736092984604,-0.43700743807979686,-0.5609748304808925,0.8119223343984152,-0.2734755972512319,-0.5368057694182641,-0.2628720205397746,-0.2734755972512319,-0.15911145683514602,1.1057407532843495,0.6075137681625659,1.640700284221699,-0.594257804840711,-1.3555735383351195,-0.3075623426146228,0.6158384251930635,1.9602018529600023,-1.1079259903080172
-0.10463740114712752,-0.47454519624983954,-0.4736736092984604,-0.5028639729296732,-0.5609748304808925,0.8119223343984152,-0.2734755972512319,-0.8823470582632056,-0.3541812339645143,-0.2734755972512319,-0.15911145683514602,0.6130741277011017,-0.5285947664905187,-0.2764243136487601,-0.8356982467161812,0.7376951317802901,-0.3075623426146228,-1.6238025415294657,-0.5101515430617262,0.9025873648130485
-0.6425863043961658,-0.47454519624983954,-0.4736736092984604,-0.4918744606632361,-0.5609748304808925,0.8119223343984152,-0.2734755972512319,-0.8160407306065733,-0.33894442074229864,-0.2734755972512319,-0.15911145683514602,-0.03355081837691109,-0.7699468123142812,-0.659625792127529,-0.7921216854519817,0.7376951317802901,-0.3075623426146228,0.6158384251930635,-0.5101515430617262,0.9025873648130485
-0.5657364610748746,-0.47454519624983954,2.0089333664952354,0.3482453621969482,0.6792945838081278,-1.2316448970959013,-0.2734755972512319,0.9909378569025421,-0.09537315770852897,-0.2734755972512319,-0.15911145683514602,-1.2960090464339835,-0.0376512206282375,-0.6115859566331061,0.8988726881442413,-1.3555735383351195,-0.3075623426146228,-1.6238025415294657,-0.5101515430617262,-1.1079259903080172
-0.41203677443229225,-0.47454519624983954,-0.4736736092984604,-0.4974960653257301,-0.5609748304808925,0.8119223343984152,-0.2734755972512319,-0.8494271027413144,-0.34673870115937927,-0.2734755972512319,-0.15911145683514602,0.2435741585136658,-0.6666078174827825,-0.5088030527845733,-0.8142266959229124,0.7376951317802901,-0.3075623426146228,0.6158384251930635,-0.5101515430617262,0.9025873648130485
-0.6425863043961658,-0.47454519624983954,-0.4736736092984604,-0.43700743807979686,-0.5609748304808925,0.8119223343984152,-0.2734755972512319,-0.5368057694182641,-0.2628720205397746,-0.2734755972512319,-0.15911145683514602,-0.6801757644549238,-0.6676959690716154,-0.659625792127529,-0.594257804840711,-1.3555735383351195,-0.3075623426146228,0.6158384251930635,1.9602018529600023,-1.1079259903080172
1.6629089952425695,-0.47454519624983954,-0.4736736092984604,-0.5063875431873253,-0.5609748304808925,0.8119223343984152,-0.2734755972512319,-0.9045411875888885,-0.35906661746375895,-0.2734755972512319,-0.15911145683514602,2.737698950528858,0.32445964019951434,1.753538037359762,-0.8499921099322922,0.7376951317802901,-0.3075623426146228,0.6158384251930635,-0.5101515430617262,0.9025873648130485
-0.41203677443229225,1.340131927606843,0.7676298785983874,-0.10478509950117394,1.299429290952638,-1.2316448970959013,-0.2734755972512319,0.3819897971587497,-0.3675588098093031,-0.2734755972512319,-0.15911145683514602,-0.4954257798612059,-0.15126745071898504,-0.5088030527845733,0.22050726935011586,-1.3555735383351195,-0.3075623426146228,0.6158384251930635,1.9602018529600023,-1.1079259903080172
-0.7962859910387481,-0.47454519624983954,-0.4736736092984604,-0.3866707201133388,-0.5609748304808925,0.8119223343984152,-0.2734755972512319,-0.3336984726090332,-0.19308082769342225,-0.2734755972512319,-0.15911145683514602,-0.8033424208507358,-0.6883504750565044,-0.7490022302566879,-0.4357668312169326,0.7376951317802901,-0.3075623426146228,0.6158384251930635,1.9602018529600023,-1.1079259903080172
-0.5657364610748746,-0.47454519624983954,-0.4736736092984604,-0.4863374216869257,-0.5609748304808925,0.8119223343984152,-0.2734755972512319,-0.7841792430073967,-0.3312673895291999,-0.2734755972512319,-0.15911145683514602,0.058824173919947875,-0.7186204677407629,-0.6115859566331061,-0.7707171035377015,0.7376951317802901,-0.3075623426146228,0.6158384251930635,-0.5101515430617262,0.9025873648130485
2.4314074284554814,-0.47454519624983954,-0.4736736092984604,0.026090367211616904,-0.5609748304808925,0.8119223343984152,-0.2734755972512319,0.5975333003696796,0.3792069536466669,-0.2734755972512319,6.284902544988268,-0.09513414657481707,2.297778495080298,3.004808171167987,0.4480101417144027,0.7376951317802901,-0.3075623426146228,0.6158384251930635,-0.5101515430617262,-1.1079259903080172
-0.10463740114712752,-0.47454519624983954,-0.4736736092984604,-0.4863374216869257,-0.5609748304808925,0.8119223343984152,-0.2734755972512319,-0.7841792430073967,-0.3312673895291999,-0.2734755972512319,-0.15911145683514602,0.6130741277011017,-0.4806650380807706,-0.2764243136487601,-0.7707171035377015,0.7376951317802901,-0.3075623426146228,0.6158384251930635,-0.5101515430617262,0.9025873648130485
-0.7962859910387481,-0.47454519624983954,-0.4736736092984604,-0.44363577710162005,-0.5609748304808925,0.8119223343984152,-0.2734755972512319,-0.5667940759868451,-0.2720621248137823,-0.2734755972512319,-0.15911145683514602,-0.218300802970629,-0.7655768223765604,-0.7490022302566879,-0.6166189783514068,0.7376951317802901,-0.3075623426146228,0.6158384251930635,-0.5101515430617262,0.9025873648130485
-0.10463740114712752,-0.47454519624983954,-0.4736736092984604,-0.4863374216869257,-0.5609748304808925,0.8119223343984152,-0.2734755972512319,-0.7841792430073967,-0.3312673895291999,-0.2734755972512319,-0.15911145683514602,0.6130741277011017,-0.4806650380807706,-0.2764243136487601,-0.7707171035377015,0.7376951317802901,-0.3075623426146228,0.6158384251930635,-0.5101515430617262,0.9025873648130485
-0.5657364610748746,-0.47454519624983954,-0.4736736092984604,-0.49237782784290063,-0.5609748304808925,0.8119223343984152,-0.2734755972512319,-0.8189865811572414,-0.33964233267076216,-0.2734755972512319,-0.15911145683514602,0.058824173919947875,-0.7319732357666546,-0.6115859566331061,-0.7940854607477059,-1.3555735383351195,3.2513733362117265,-1.6238025415294657,-0.5101515430617262,0.9025873648130485
-0.10463740114712752,-0.47454519624983954,-0.4736736092984604,-0.1948878246611338,-0.5609748304808925,0.8119223343984152,-0.2734755972512319,0.20218592718197398,0.07282361705118012,-0.2734755972512319,-0.15911145683514602,0.6130741277011017,0.0009206486009355959,-0.2764243136487601,0.04129946071794942,0.7376951317802901,-0.3075623426146228,0.6158384251930635,-0.5101515430617262,0.9025873648130485
1.893458525206443,0.4327933656785018,3.250236854392083,-0.18532384824750675,1.9195639980971482,-1.2316448970959013,3.6566333890527614,0.2228261499229997,-0.4275792356571661,-0.2734755972512319,-0.15911145683514602,1.3520740660759734,1.4986826157546624,2.1054577624933253,0.0613826579847014,-1.3555735383351195,-0.3075623426146228,0.6158384251930635,1.9602018529600023,-1.1079259903080172
0.8944105620296577,-0.47454519624983954,-0.4736736092984604,-0.5049620073345151,-0.5609748304808925,0.8119223343984152,-0.2734755972512319,-0.8955045384601199,-0.35709013088235025,-0.2734755972512319,-0.15911145683514602,1.813949027560268,-0.04468439425100229,0.7257089988744344,-0.844189848130866,0.7376951317802901,-0.3075623426146228,0.6158384251930635,-0.5101515430617262,0.9025873648130485
-0.06621247948648194,-0.47454519624983954,-0.4736736092984604,-0.5028639729296732,-0.5609748304808925,0.8119223343984152,-0.2734755972512319,-0.8823470582632056,-0.3541812339645143,-0.2734755972512319,-0.15911145683514602,0.6592616238495311,-0.509621035359503,-0.24486325893440083,-0.8356982467161812,0.7376951317802901,-0.3075623426146228,-1.6238025415294657,-0.5101515430617262,0.9025873648130485
-0.10463740114712752,-0.47454519624983954,-0.4736736092984604,-0.4894421904510968,-0.5609748304808925,0.8119223343984152,-0.2734755972512319,-0.8019236166026618,-0.33557211030396283,-0.2734755972512319,-0.15911145683514602,0.6130741277011017,-0.4893286006242167,-0.2764243136487601,-0.7826750495741225,0.7376951317802901,-0.3075623426146228,-1.6238025415294657,-0.5101515430617262,0.9025873648130485
-0.6425863043961658,0.4327933656785018,-0.4736736092984604,-0.41687275089321363,0.059159876663617626,-1.2316448970959013,-0.2734755972512319,-0.4507125974257932,-0.395475286947844,-0.2734755972512319,-0.15911145683514602,-0.6801757644549238,-0.636170190937661,-0.659625792127529,-0.5285749284853629,0.7376951317802901,-0.3075623426146228,0.6158384251930635,1.9602018529600023,-1.1079259903080172
0.8175607187083667,0.4327933656785018,0.7676298785983874,0.13683114673782454,0.6792945838081278,-1.2316448970959013,-0.2734755972512319,0.750263780890198,-0.19308082769342225,-0.2734755972512319,-0.15911145683514602,0.4899074713052897,1.0655040345999254,0.6352153552686609,0.6175803610410056,-1.3555735383351195,-0.3075623426146228,0.6158384251930635,1.9602018529600023,-1.1079259903080172
0.5101613454232019,-0.47454519624983954,-0.4736736092984604,-0.43700743807979686,-0.5609748304808925,0.8119223343984152,-0.2734755972512319,-0.5368057694182641,-0.2628720205397746,-0.2734755972512319,-0.15911145683514602,0.2435741585136658,-0.008104725674625203,0.295584890377857,-0.594257804840711,0.7376951317802901,-0.3075623426146228,0.6158384251930635,1.9602018529600023,-1.1079259903080172
-0.027787557825836348,0.4327933656785018,-0.4736736092984604,-0.12491978668775715,0.059159876663617626,-1.2316448970959013,-0.2734755972512319,0.3444394801955362,-0.19308082769342225,-0.2734755972512319,-0.15911145683514602,-0.18750913887167603,0.12971415760070798,-0.21274360148173435,0.18228697133662133,-1.3555735383351195,-0.3075623426146228,0.6158384251930635,1.9602018529600023,-1.1079259903080172
-1.1036853643239128,0.4327933656785018,-0.4736736092984604,-0.3573908580066095,0.059159876663617626,-1.2316448970959013,-0.2734755972512319,-0.23166125968823223,-0.3542398585665052,-0.2734755972512319,-0.15911145683514602,-0.5878007721580649,-0.8517192835569896,-0.9009421750762581,-0.3515131512606226,-1.3555735383351195,-0.3075623426146228,-1.6238025415294657,-0.5101515430617262,0.9025873648130485
0.8559856403690123,-0.47454519624983954,-0.4736736092984604,-0.49237782784290063,-0.5609748304808925,0.8119223343984152,-0.2734755972512319,-0.8189865811572414,-0.33964233267076216,-0.2734755972512319,-0.15911145683514602,1.7677615314118387,-0.009505791670117095,0.680182875702394,-0.7940854607477059,0.7376951317802901,3.2513733362117265,-1.6238025415294657,-0.5101515430617262,0.9025873648130485
-0.027787557825836348,-0.47454519624983954,-0.4736736092984604,-0.49237782784290063,-0.5609748304808925,0.8119223343984152,-0.2734755972512319,-0.8189865811572414,-0.33964233267076216,-0.2734755972512319,-0.15911145683514602,0.7054491199979606,-0.45860717583823507,-0.21274360148173435,-0.7940854607477059,0.7376951317802901,3.2513733362117265,-1.6238025415294657,-0.5101515430617262,0.9025873648130485
0.27961181545932834,-0.47454519624983954,2.0089333664952354,-0.12491978668775715,0.6792945838081278,-1.2316448970959013,-0.2734755972512319,0.3444394801955362,-0.31405222862709964,-0.2734755972512319,-0.15911145683514602,0.058824173919947875,0.3670711048321714,0.06432335671865831,0.18228697133662133,-1.3555735383351195,-0.3075623426146228,0.6158384251930635,1.9602018529600023,-1.1079259903080172
-0.7962859910387481,-0.47454519624983954,-0.4736736092984604,-0.4863374216869257,-0.5609748304808925,0.8119223343984152,-0.2734755972512319,-0.7841792430073967,-0.3312673895291999,-0.2734755972512319,-0.15911145683514602,-0.218300802970629,-0.8375981825707591,-0.7490022302566879,-0.7707171035377015,0.7376951317802901,-0.3075623426146228,0.6158384251930635,-0.5101515430617262,0.9025873648130485
0.4333115021019107,-0.47454519624983954,-0.4736736092984604,-0.43700743807979686,-0.5609748304808925,0.8119223343984152,-0.2734755972512319,-0.5368057694182641,-0.2628720205397746,-0.2734755972512319,-0.15911145683514602,0.18199083031575983,-0.0520774752344244,0.21626330153822848,-0.594257804840711,0.7376951317802901,-0.3075623426146228,0.6158384251930635,1.9602018529600023,-1.1079259903080172
-0.8731358343600393,1.340131927606843,2.0089333664952354,4.634416897040849,1.9195639980971482,-1.2316448970959013,3.6566333890527614,2.6962534687059603,0.9089221073504812,-0.2734755972512319,-0.15911145683514602,-1.4191757028297955,0.21514727387658006,-0.7903388328914239,3.3855546544504356,-1.3555735383351195,-0.3075623426146228,-1.6238025415294657,-0.5101515430617262,-1.1079259903080172
-0.8731358343600393,0.4327933656785018,-0.4736736092984604,-0.29002422161773944,0.059159876663617626,-1.2316448970959013,-0.2734755972512319,-0.0293120756270656,-0.30753838396144006,-0.2734755972512319,-0.15911145683514602,-0.31067579526748795,-0.6403269855127508,-0.7903388328914239,-0.17526975839025263,-1.3555735383351195,-0.3075623426146228,0.6158384251930635,-0.5101515430617262,0.9025873648130485
-0.10463740114712752,-0.47454519624983954,-0.4736736092984604,0.2052890831722074,-0.5609748304808925,0.8119223343984152,-0.2734755972512319,0.8344967423387601,0.6276636001796811,-0.2734755972512319,-0.15911145683514602,-1.1112590618402656,0.3096418477234547,-0.2764243136487601,0.7140693285786067,0.7376951317802901,-0.3075623426146228,0.6158384251930635,-0.5101515430617262,-1.1079259903080172
-0.10463740114712752,-0.47454519624983954,-0.4736736092984604,-0.49271407711891657,-0.5609748304808925,0.8119223343984152,-0.2734755972512319,-0.8209591021193487,-0.34010853783897577,-0.2734755972512319,-0.15911145683514602,0.6130741277011017,-0.4986225392596546,-0.2764243136487601,-0.7953989480637645,0.7376951317802901,3.2513733362117265,-1.6238025415294657,-0.5101515430617262,0.9025873648130485
-0.10463740114712752,-0.47454519624983954,-0.4736736092984604,-0.4863374216869257,-0.5609748304808925,0.8119223343984152,-0.2734755972512319,-0.7841792430073967,-0.3312673895291999,-0.2734755972512319,-0.15911145683514602,0.6130741277011017,-0.4806650380807706,-0.2764243136487601,-0.7707171035377015,0.7376951317802901,-0.3075623426146228,0.6158384251930635,-0.5101515430617262,0.9025873648130485
-0.6425863043961658,-0.47454519624983954,0.7676298785983874,0.907737982394129,0.059159876663617626,-1.2316448970959013,-0.2734755972512319,1.443609675522841,0.5228023329280368,-0.2734755972512319,-0.15911145683514602,-1.3268007105329365,0.05749670864421847,-0.659625792127529,1.4746212739075633,0.7376951317802901,-0.3075623426146228,0.6158384251930635,-0.5101515430617262,-1.1079259903080172
-0.10463740114712752,-0.47454519624983954,-0.4736736092984604,-0.49078316061772326,-0.5609748304808925,0.8119223343984152,-0.2734755972512319,-0.809682843697731,-0.3374313476813897,-0.2734755972512319,-0.15911145683514602,0.6130741277011017,-0.49311698734105586,-0.2764243136487601,-0.787874566457301,-1.3555735383351195,3.2513733362117265,-1.6238025415294657,-0.5101515430617262,0.9025873648130485
0.7407108753870755,0.4327933656785018,0.7676298785983874,1.5841789061771412,0.6792945838081278,-1.2316448970959013,-0.2734755972512319,1.812289926928167,0.475828672670871,-0.2734755972512319,-0.15911145683514602,-0.7725507567517828,1.721321837574838,0.5469561226161165,1.9885795408782476,-1.3555735383351195,-0.3075623426146228,-1.6238025415294657,-0.5101515430617262,-1.1079259903080172
-0.719436147717457,-0.47454519624983954,-0.4736736092984604,-0.4902797934380587,-0.5609748304808925,0.8119223343984152,-0.2734755972512319,-0.806763380796033,-0.33673343575292625,-0.2734755972512319,-0.15911145683514602,-0.12592581067377007,-0.8058150461054736,-0.705431216668723,-0.7859203137141989,0.7376951317802901,-0.3075623426146228,0.6158384251930635,-0.5101515430617262,0.9025873648130485
2.200857898491608,-0.47454519624983954,-0.4736736092984604,-0.05042144409739929,-0.5609748304808925,0.8119223343984152,-0.2734755972512319,0.4770416648490861,0.27312434052021134,-0.2734755972512319,-0.15911145683514602,-0.18750913887167603,1.984660580241315,2.6059658160166155,0.31912967145050375,0.7376951317802901,-0.3075623426146228,-1.6238025415294657,-0.5101515430617262,-1.1079259903080172
1.5092093085999871,0.4327933656785018,-0.4736736092984604,0.49782998024351216,0.059159876663617626,-1.2316448970959013,-0.2734755972512319,1.1326493972880125,0.2386363246632579,-0.2734755972512319,-0.15911145683514602,-0.46463411576225294,1.9899650651902638,1.5300969420368646,1.072560117183559,0.7376951317802901,-0.3075623426146228,-1.6238025415294657,-0.5101515430617262,-1.1079259903080172
-1.8721837975368247,1.340131927606843,0.7676298785983874,-0.26066180729354516,1.299429290952638,-1.2316448970959013,-0.2734755972512319,0.047825129435189045,-0.4215890575751637,3.6566333890527614,-0.15911145683514602,-1.5115506951266544,-1.3202882078204006,-1.1243832703991554,-0.1048778726196788,-1.3555735383351195,-0.3075623426146228,-1.6238025415294657,-0.5101515430617262,0.9025873648130485
0.7407108753870755,0.4327933656785018,0.7676298785983874,0.955306180872432,0.6792945838081278,-1.2316448970959013,-0.2734755972512319,1.4743073772537167,0.18518743753380743,-0.2734755972512319,-0.15911145683514602,-0.7725507567517828,1.4914759721533983,0.5469561226161165,1.5158722583393174,-1.3555735383351195,-0.3075623426146228,0.6158384251930635,-0.5101515430617262,-1.1079259903080172
-0.9499856776813305,-0.47454519624983954,-0.4736736092984604,-0.47400492578514347,-0.5609748304808925,0.8119223343984152,-0.2734755972512319,-0.7165619336211217,-0.31416854728184357,-0.2734755972512319,-0.15911145683514602,-0.4030507875643469,-0.8968726487999515,-0.829441024572931,-0.7242912951969392,0.7376951317802901,-0.3075623426146228,0.6158384251930635,-0.5101515430617262,0.9025873648130485
2.738806801740646,-0.47454519624983954,0.7676298785983874,0.5995101505357573,0.059159876663617626,-1.2316448970959013,-0.2734755972512319,1.2189504454470093,0.30912542943807375,-0.2734755972512319,6.284902544988268,0.028032509820994887,3.2571155760274944,3.567879731381688,1.1812608489287955,0.7376951317802901,-0.3075623426146228,-1.6238025415294657,-0.5101515430617262,-1.1079259903080172
-0.10463740114712752,0.4327933656785018,-0.4736736092984604,2.042579288947925,0.059159876663617626,-1.2316448970959013,-0.2734755972512319,2.003535801391161,1.3095235542885437,-0.2734755972512319,-0.15911145683514602,-1.1112590618402656,0.880416744310079,-0.2764243136487601,2.2711120986110913,-1.3555735383351195,-0.3075623426146228,0.6158384251930635,-0.5101515430617262,-1.1079259903080172
-0.10463740114712752,-0.47454519624983954,-0.4736736092984604,1.5841789061771412,-0.5609748304808925,0.8119223343984152,-0.2734755972512319,1.812289926928167,2.5394760790015214,-0.2734755972512319,-0.15911145683514602,-1.1112590618402656,0.7870423242049756,-0.2764243136487601,1.9885795408782476,-1.3555735383351195,-0.3075623426146228,-1.6238025415294657,-0.5101515430617262,-1.1079259903080172
-0.6425863043961658,-0.47454519624983954,-0.4736736092984604,-0.4863374216869257,-0.5609748304808925,0.8119223343984152,-0.2734755972512319,-0.7841792430073967,-0.3312673895291999,-0.2734755972512319,-0.15911145683514602,-0.03355081837691109,-0.7582797060174284,-0.659625792127529,-0.7707171035377015,0.7376951317802901,-0.3075623426146228,0.6158384251930635,-0.5101515430617262,0.9025873648130485
0.12591212881674602,-0.47454519624983954,-0.4736736092984604,0.3682954836973478,-0.5609748304808925,0.8119223343984152,-0.2734755972512319,1.0110997852233976,0.853669815797881,-0.2734755972512319,-0.15911145683514602,-1.0188840695434067,0.6087588737525088,-0.07867894428799597,0.9232194803798971,0.7376951317802901,-0.3075623426146228,0.6158384251930635,-0.5101515430617262,-1.1079259903080172
0.20276197213803718,-0.47454519624983954,-0.4736736092984604,-0.4888542575852486,-0.5609748304808925,0.8119223343984152,-0.2734755972512319,-0.798539974052802,-0.3347569491715175,-0.2734755972512319,-0.15911145683514602,0.9825740968885375,-0.3300412546320708,-0.008294999261283314,-0.7804020374400552,0.7376951317802901,-0.3075623426146228,0.6158384251930635,-0.5101515430617262,0.9025873648130485
0.7407108753870755,-0.47454519624983954,-0.4736736092984604,-0.3866707201133388,-0.5609748304808925,0.8119223343984152,-0.2734755972512319,-0.3336984726090332,-0.19308082769342225,-0.2734755972512319,-0.15911145683514602,0.4283241431073837,0.2619371404918088,0.5469561226161165,-0.4357668312169326,0.7376951317802901,-0.3075623426146228,0.6158384251930635,1.9602018529600023,-1.1079259903080172
-0.719436147717457,-0.47454519624983954,-0.4736736092984604,-0.4863374216869257,-0.5609748304808925,0.8119223343984152,-0.2734755972512319,-0.7841792430073967,-0.3312673895291999,-0.2734755972512319,-0.15911145683514602,-0.12592581067377007,-0.7979389442940938,-0.705431216668723,-0.7707171035377015,0.7376951317802901,-0.3075623426146228,0.6158384251930635,-0.5101515430617262,0.9025873648130485
0.35646165878061953,-0.47454519624983954,-0.4736736092984604,-0.3866707201133388,-0.5609748304808925,0.8119223343984152,-0.2734755972512319,-0.3336984726090332,-0.19308082769342225,-0.2734755972512319,-0.15911145683514602,0.12040750211785385,0.02436523660473032,0.1391761236518289,-0.4357668312169326,0.7376951317802901,-0.3075623426146228,0.6158384251930635,1.9602018529600023,-1.1079259903080172
1.3555096219574048,-0.47454519624983954,-0.4736736092984604,-0.13322534515222276,-0.5609748304808925,0.8119223343984152,-0.2734755972512319,0.32854312829417104,0.15831782828796173,-0.2734755972512319,-0.15911145683514602,-0.5262174439601589,1.1847925585137205,1.3155934905268833,0.16623335475695972,0.7376951317802901,-0.3075623426146228,0.6158384251930635,-0.5101515430617262,-1.1079259903080172
0.5101613454232019,-0.47454519624983954,-0.4736736092984604,-0.11913106412161445,-0.5609748304808925,0.8119223343984152,-0.2734755972512319,0.3553757823476229,0.17785936228494045,-0.2734755972512319,-0.15911145683514602,-0.8649257490486417,0.5519539776096642,0.295584890377857,0.19337511239221536,0.7376951317802901,-0.3075623426146228,0.6158384251930635,-0.5101515430617262,-1.1079259903080172
-0.6425863043961658,-0.47454519624983954,-0.4736736092984604,-0.32425318983493084,-0.5609748304808925,0.8119223343984152,-0.2734755972512319,-0.12717266791993012,-0.10653974856394531,-0.2734755972512319,-0.15911145683514602,-0.03355081837691109,-0.5176956615525771,-0.659625792127529,-0.26202581102422196,0.7376951317802901,-0.3075623426146228,0.6158384251930635,-0.5101515430617262,0.9025873648130485
-0.10463740114712752,-0.47454519624983954,-0.4736736092984604,-0.4863374216869257,-0.5609748304808925,0.8119223343984152,-0.2734755972512319,-0.7841792430073967,-0.3312673895291999,-0.2734755972512319,-0.15911145683514602,0.6130741277011017,-0.4806650380807706,-0.2764243136487601,-0.7707171035377015,0.7376951317802901,-0.3075623426146228,0.6158384251930635,-0.5101515430617262,0.9025873648130485
-0.10463740114712752,-0.47454519624983954,-0.4736736092984604,-0.4894421904510968,-0.5609748304808925,0.8119223343984152,-0.2734755972512319,-0.8019236166026618,-0.33557211030396283,-0.2734755972512319,-0.15911145683514602,0.6130741277011017,-0.4893286006242167,-0.2764243136487601,-0.7826750495741225,0.7376951317802901,-0.3075623426146228,0.6158384251930635,-0.5101515430617262,0.9025873648130485
0.04906228549545483,-0.47454519624983954,-0.4736736092984604,-0.47400492578514347,-0.5609748304808925,0.8119223343984152,-0.2734755972512319,-0.7165619336211217,-0.31416854728184357,-0.2734755972512319,-0.15911145683514602,0.7978241122948195,-0.3659747786024897,-0.14682847836147966,-0.7242912951969392,-1.3555735383351195,-0.3075623426146228,0.6158384251930635,-0.5101515430617262,0.9025873648130485
-0.10463740114712752,-0.47454519624983954,-0.4736736092984604,-0.4894421904510968,-0.5609748304808925,0.8119223343984152,-0.2734755972512319,-0.8019236166026618,-0.33557211030396283,-0.2734755972512319,-0.15911145683514602,0.6130741277011017,-0.4893286006242167,-0.2764243136487601,-0.7826750495741225,0.7376951317802901,-0.3075623426146228,0.6158384251930635,-0.5101515430617262,0.9025873648130485
-0.10463740114712752,-0.47454519624983954,-0.4736736092984604,-0.5029485386158568,-0.5609748304808925,0.8119223343984152,-0.2734755972512319,-0.8828741679067217,-0.35429848316849616,-0.2734755972512319,-0.15911145683514602,0.6130741277011017,-0.5288521239756584,-0.2764243136487601,-0.8360394239927292,0.7376951317802901,-0.3075623426146228,-1.6238025415294657,-0.5101515430617262,0.9025873648130485
0.27961181545932834,-0.47454519624983954,-0.4736736092984604,-0.4741720436887921,-0.5609748304808925,0.8119223343984152,-0.2734755972512319,-0.7174492400289059,-0.31440025404209343,-0.2734755972512319,-0.15911145683514602,1.0749490891853966,-0.2439704673254138,0.06432335671865831,-0.7249093229373406,0.7376951317802901,-0.3075623426146228,0.6158384251930635,-0.5101515430617262,0.9025873648130485
0.04906228549545483,-0.47454519624983954,-0.4736736092984604,0.49782998024351216,-0.5609748304808925,0.8119223343984152,-0.2734755972512319,1.1326493972880125,1.0332676798209701,-0.2734755972512319,-0.15911145683514602,-1.0496757336423597,0.601379621816067,-0.14682847836147966,1.072560117183559,-1.3555735383351195,-0.3075623426146228,-1.6238025415294657,-0.5101515430617262,-1.1079259903080172
-2.1795831708219895,1.340131927606843,0.7676298785983874,0.13683114673782454,1.299429290952638,-1.2316448970959013,-0.2734755972512319,0.750263780890198,-0.28380937839368026,3.6566333890527614,-0.15911145683514602,-1.9118423284130432,-1.5247080162167188,-1.1511962018379032,0.6175803610410056,0.7376951317802901,-0.3075623426146228,0.6158384251930635,1.9602018529600023,-1.1079259903080172
-0.719436147717457,-0.47454519624983954,-0.4736736092984604,-0.47400492578514347,-0.5609748304808925,0.8119223343984152,-0.2734755972512319,-0.7165619336211217,-0.31416854728184357,-0.2734755972512319,-0.15911145683514602,-0.12592581067377007,-0.7743577556774603,-0.705431216668723,-0.7242912951969392,-1.3555735383351195,-0.3075623426146228,0.6158384251930635,-0.5101515430617262,0.9025873648130485
0.35646165878061953,0.4327933656785018,0.7676298785983874,0.005955680025033696,0.6792945838081278,-1.2316448970959013,-0.2734755972512319,0.5671628780396996,-0.25356652816026093,-0.2734755972512319,-0.15911145683514602,0.12040750211785385,0.5584555272984233,0.1391761236518289,0.4151182031600174,-1.3555735383351195,-0.3075623426146228,0.6158384251930635,1.9602018529600023,-1.1079259903080172
1.2018099353148226,-0.47454519624983954,-0.4736736092984604,0.06635974158478332,-0.5609748304808925,0.8119223343984152,-0.2734755972512319,0.6557188297748954,0.4350399079237488,-0.2734755972512319,-0.15911145683514602,-0.5878007721580649,1.3233953562439194,1.1100276828298177,0.5117929017454589,0.7376951317802901,-0.3075623426146228,0.6158384251930635,-0.5101515430617262,-1.1079259903080172
0.5101613454232019,-0.47454519624983954,-0.4736736092984604,-0.3866707201133388,-0.5609748304808925,0.8119223343984152,-0.2734755972512319,-0.3336984726090332,-0.19308082769342225,-0.2734755972512319,-0.15911145683514602,0.2435741585136658,0.11939399815956175,0.295584890377857,-0.4357668312169326,-1.3555735383351195,-0.3075623426146228,0.6158384251930635,1.9602018529600023,-1.1079259903080172
0.7407108753870755,-0.47454519624983954,-0.4736736092984604,-0.4888542575852486,-0.5609748304808925,0.8119223343984152,-0.2734755972512319,-0.798539974052802,-0.3347569491715175,-0.2734755972512319,-0.15911145683514602,1.6291990429665502,-0.05417946755809198,0.5469561226161165,-0.7804020374400552,0.7376951317802901,-0.3075623426146228,0.6158384251930635,-0.5101515430617262,0.9025873648130485
-0.719436147717457,0.4327933656785018,0.7676298785983874,-0.33146744825388363,0.6792945838081278,-1.2316448970959013,-0.2734755972512319,-0.14903715526900022,-0.4095107611038644,-0.2734755972512319,-0.15911145683514602,-0.12592581067377007,-0.5764364103236782,-0.705431216668723,-0.2810199353299208,0.7376951317802901,-0.3075623426146228,-1.6238025415294657,-0.5101515430617262,0.9025873648130485
0.3948865804412651,-0.47454519624983954,-0.4736736092984604,-0.5188046047752911,-0.5609748304808925,0.8119223343984152,-0.2734755972512319,-0.9867906128533871,-0.37628270891509713,-0.2734755972512319,-0.15911145683514602,1.2135115776306848,-0.3447679241318608,0.1774404112258751,-0.9016862190103453,0.7376951317802901,-0.3075623426146228,-1.6238025415294657,-0.5101515430617262,0.9025873648130485
-0.10463740114712752,-0.47454519624983954,-0.4736736092984604,-0.45714212526638004,-0.5609748304808925,0.8119223343984152,-0.2734755972512319,-0.6307359423566569,-0.2907884976783155,-0.2734755972512319,-0.15911145683514602,0.6130741277011017,-0.4057474522373788,-0.2764243136487601,-0.6634047891287582,0.7376951317802901,-0.3075623426146228,0.6158384251930635,-0.5101515430617262,0.9025873648130485
-0.10463740114712752,1.340131927606843,-0.4736736092984604,-0.18029017645086096,0.6792945838081278,-1.2316448970959013,-0.2734755972512319,0.23352593393921808,-0.33964233267076216,-0.2734755972512319,-0.15911145683514602,0.6130741277011017,0.01622218106674544,-0.2764243136487601,0.07184355651697166,0.7376951317802901,3.2513733362117265,-1.6238025415294657,-0.5101515430617262,0.9025873648130485
-0.10463740114712752,-0.47454519624983954,-0.4736736092984604,-0.4863374216869257,-0.5609748304808925,0.8119223343984152,-0.2734755972512319,-0.7841792430073967,-0.3312673895291999,-0.2734755972512319,-0.15911145683514602,0.6130741277011017,-0.4806650380807706,-0.2764243136487601,-0.7707171035377015,0.7376951317802901,-0.3075623426146228,0.6158384251930635,-0.5101515430617262,0.9025873648130485
-1.4879345809303688,-0.47454519624983954,2.0089333664952354,-0.1621689579829361,0.6792945838081278,-1.2316448970959013,-0.2734755972512319,0.2711522804976662,-0.3312673895291999,-0.2734755972512319,-0.15911145683514602,-1.0496757336423597,-1.0105106085884494,-1.040592859653069,0.1089002898312741,-1.3555735383351195,-0.3075623426146228,0.6158384251930635,-0.5101515430617262,0.9025873648130485
-1.56478442425166,0.4327933656785018,0.7676298785983874,-0.3414522396297103,0.6792945838081278,-1.2316448970959013,-0.2734755972512319,-0.1800831698720664,-0.4141253547748653,3.6566333890527614,-0.15911145683514602,-1.1420507259392187,-1.139386637059124,-1.061819763708744,-0.307745927009662,-1.3555735383351195,-0.3075623426146228,-1.6238025415294657,-0.5101515430617262,0.9025873648130485
-0.10463740114712752,-0.47454519624983954,-0.4736736092984604,-0.4894421904510968,-0.5609748304808925,0.8119223343984152,-0.2734755972512319,-0.8019236166026618,-0.33557211030396283,-0.2734755972512319,-0.15911145683514602,0.6130741277011017,-0.4893286006242167,-0.2764243136487601,-0.7826750495741225,0.7376951317802901,-0.3075623426146228,0.6158384251930635,-0.5101515430617262,0.9025873648130485
-0.6810112260568114,-0.47454519624983954,-0.4736736092984604,-0.5024451714361923,-0.5609748304808925,0.8119223343984152,-0.2734755972512319,-0.8797405693934278,-0.35360057124003264,-0.2734755972512319,-0.15911145683514602,-0.07973831452534057,-0.8122690088887939,-0.6828078057672796,-0.8340099545272707,0.7376951317802901,-0.3075623426146228,0.6158384251930635,-0.5101515430617262,0.9025873648130485
-0.10463740114712752,0.4327933656785018,-0.4736736092984604,0.39858208016340624,0.059159876663617626,-1.2316448970959013,-0.2734755972512319,1.0408277503255374,0.1698333751076099,-0.2734755972512319,-0.15911145683514602,-1.1112590618402656,0.41038147556936067,-0.2764243136487601,0.9593384459327382,-1.3555735383351195,-0.3075623426146228,0.6158384251930635,-0.5101515430617262,-1.1079259903080172
0.5101613454232019,-0.47454519624983954,-0.4736736092984604,2.0825124140450755,-0.5609748304808925,0.8119223343984152,-0.2734755972512319,2.0186331792044068,3.23040888818041,-0.2734755972512319,-0.15911145683514602,-0.8649257490486417,1.5960483988268035,0.295584890377857,2.2938791797932465,-1.3555735383351195,-0.3075623426146228,-1.6238025415294657,-0.5101515430617262,-1.1079259903080172
-0.10463740114712752,-0.47454519624983954,-0.4736736092984604,-0.4863374216869257,-0.5609748304808925,0.8119223343984152,-0.2734755972512319,-0.7841792430073967,-0.3312673895291999,-0.2734755972512319,-0.15911145683514602,0.6130741277011017,-0.4806650380807706,-0.2764243136487601,-0.7707171035377015,0.7376951317802901,-0.3075623426146228,0.6158384251930635,-0.5101515430617262,0.9025873648130485
-0.10463740114712752,-0.47454519624983954,-0.4736736092984604,-0.49640476528021726,-0.5609748304808925,0.8119223343984152,-0.2734755972512319,-0.8428609376877135,-0.3452256280984703,-0.2734755972512319,-0.15911145683514602,0.6130741277011017,-0.5093159526531505,-0.2764243136487601,-0.8099054511153398,0.7376951317802901,-0.3075623426146228,0.6158384251930635,-0.5101515430617262,0.9025873648130485
-0.719436147717457,-0.47454519624983954,-0.4736736092984604,-0.47400492578514347,-0.5609748304808925,0.8119223343984152,-0.2734755972512319,-0.7165619336211217,-0.31416854728184357,-0.2734755972512319,-0.15911145683514602,-0.12592581067377007,-0.7743577556774603,-0.705431216668723,-0.7242912951969392,0.7376951317802901,-0.3075623426146228,0.6158384251930635,-0.5101515430617262,0.9025873648130485
-0.5657364610748746,-0.47454519624983954,-0.4736736092984604,-0.4366711888037809,-0.5609748304808925,0.8119223343984152,-0.2734755972512319,-0.5353074585700541,-0.26240581537156094,-0.2734755972512319,-0.15911145683514602,0.058824173919947875,-0.623148438495793,-0.6115859566331061,-0.5931335531672262,-1.3555735383351195,-0.3075623426146228,0.6158384251930635,-0.5101515430617262,0.9025873648130485
0.7407108753870755,-0.47454519624983954,-0.4736736092984604,-0.3866707201133388,-0.5609748304808925,0.8119223343984152,-0.2734755972512319,-0.3336984726090332,-0.19308082769342225,-0.2734755972512319,-0.15911145683514602,0.4283241431073837,0.2619371404918088,0.5469561226161165,-0.4357668312169326,0.7376951317802901,-0.3075623426146228,0.6158384251930635,1.9602018529600023,-1.1079259903080172
0.5870111887444931,-0.47454519624983954,-0.4736736092984604,-0.455380340137554,-0.5609748304808925,0.8119223343984152,-0.2734755972512319,-0.6221672631581132,-0.2883458059286932,-0.2734755972512319,-0.15911145683514602,1.4444490583728322,-0.01920533203629424,0.37714089017071456,-0.6572057156351956,-1.3555735383351195,-0.3075623426146228,0.6158384251930635,-0.5101515430617262,0.9025873648130485
1.432359465278696,0.4327933656785018,2.0089333664952354,0.6603330135889879,1.299429290952638,-1.2316448970959013,-0.2734755972512319,1.2673242399099218,-0.10235227699316421,-0.2734755972512319,-0.15911145683514602,0.9825740968885375,2.0296028004388154,1.4217280108052595,1.2431591322584712,-1.3555735383351195,-0.3075623426146228,0.6158384251930635,1.9602018529600023,-1.1079259903080172
-0.48888661775358344,-0.47454519624983954,-0.4736736092984604,-0.3866707201133388,-0.5609748304808925,0.8119223343984152,-0.2734755972512319,-0.3336984726090332,-0.19308082769342225,-0.2734755972512319,-0.15911145683514602,-0.5570091080591119,-0.4982929519468417,-0.5613117101854542,-0.4357668312169326,0.7376951317802901,-0.3075623426146228,0.6158384251930635,1.9602018529600023,-1.1079259903080172
-0.10463740114712752,-0.47454519624983954,-0.4736736092984604,-0.4926295114327329,-0.5609748304808925,0.8119223343984152,-0.2734755972512319,-0.8204626642072291,-0.3399912886349939,-0.2734755972512319,-0.15911145683514602,0.6130741277011017,-0.4983801570263515,-0.2764243136487601,-0.7950684826668308,-1.3555735383351195,3.2513733362117265,-1.6238025415294657,-0.5101515430617262,0.9025873648130485
3.123056018347102,-0.47454519624983954,-0.4736736092984604,-0.43700743807979686,-0.5609748304808925,0.8119223343984152,-0.2734755972512319,-0.5368057694182641,-0.2628720205397746,-0.2734755972512319,6.284902544988268,2.337407317242469,1.486968759358553,4.321993428096467,-0.594257804840711,0.7376951317802901,-0.3075623426146228,0.6158384251930635,1.9602018529600023,-1.1079259903080172
0.20276197213803718,0.4327933656785018,0.7676298785983874,-0.3363340021468808,0.6792945838081278,-1.2316448970959013,-0.2734755972512319,-0.16405229962564447,-0.41175989861199286,-0.2734755972512319,-0.15911145683514602,0.9825740968885375,0.023997642482233086,-0.008294999261283314,-0.29398153689551876,-1.3555735383351195,3.2513733362117265,-1.6238025415294657,-0.5101515430617262,0.9025873648130485
-1.0268355210026217,0.4327933656785018,0.7676298785983874,-0.24069423801061057,0.6792945838081278,-1.2316448970959013,-0.2734755972512319,0.0971716406458445,-0.3675588098093031,-0.2734755972512319,-0.15911145683514602,-0.4954257798612059,-0.7106826299696529,-0.866308805301209,-0.058918204156779785,0.7376951317802901,-0.3075623426146228,0.6158384251930635,-0.5101515430617262,0.9025873648130485
-0.6425863043961658,-0.47454519624983954,-0.4736736092984604,0.8314778546749452,-0.5609748304808925,0.8119223343984152,-0.2734755972512319,1.3924082286355355,1.4958660391883043,-0.2734755972512319,-0.15911145683514602,-0.6801757644549238,0.03874765552711663,-0.659625792127529,1.406441424049901,0.7376951317802901,-0.3075623426146228,0.6158384251930635,1.9602018529600023,-1.1079259903080172
-0.10463740114712752,-0.47454519624983954,-0.4736736092984604,-0.5024451714361923,-0.5609748304808925,0.8119223343984152,-0.2734755972512319,-0.8797405693934278,-0.35360057124003264,-0.2734755972512319,-0.15911145683514602,0.6130741277011017,-0.5273221670819862,-0.2764243136487601,-0.8340099545272707,0.7376951317802901,-0.3075623426146228,0.6158384251930635,-0.5101515430617262,0.9025873648130485
0.9712604053509489,-0.47454519624983954,-0.4736736092984604,-0.3866707201133388,-0.5609748304808925,0.8119223343984152,-0.2734755972512319,-0.3336984726090332,-0.19308082769342225,-0.2734755972512319,-0.15911145683514602,0.6130741277011017,0.40448028282405557,0.8184370534334368,-0.4357668312169326,0.7376951317802901,-0.3075623426146228,0.6158384251930635,1.9602018529600023,-1.1079259903080172
-0.41203677443229225,-0.47454519624983954,-0.4736736092984604,-0.49145565916975514,-0.5609748304808925,0.8119223343984152,-0.2734755972512319,-0.8135961720983267,-0.338363758017817,-0.2734755972512319,-0.15911145683514602,0.2435741585136658,-0.651612794318374,-0.5088030527845733,-0.7904901237353718,0.7376951317802901,-0.3075623426146228,0.6158384251930635,-0.5101515430617262,0.9025873648130485
-0.5657364610748746,-0.47454519624983954,-0.4736736092984604,-0.49237782784290063,-0.5609748304808925,0.8119223343984152,-0.2734755972512319,-0.8189865811572414,-0.33964233267076216,-0.2734755972512319,-0.15911145683514602,0.058824173919947875,-0.7319732357666546,-0.6115859566331061,-0.7940854607477059,-1.3555735383351195,-0.3075623426146228,0.6158384251930635,-0.5101515430617262,0.9025873648130485
0.8175607187083667,-0.47454519624983954,-0.4736736092984604,-0.5029485386158568,-0.5609748304808925,0.8119223343984152,-0.2734755972512319,-0.8828741679067217,-0.35429848316849616,-0.2734755972512319,-0.15911145683514602,1.7215740352634092,-0.07359287289633984,0.6352153552686609,-0.8360394239927292,0.7376951317802901,-0.3075623426146228,-1.6238025415294657,-0.5101515430617262,0.9025873648130485
-2.1857311582876924,0.4327933656785018,2.0089333664952354,2.4029901895877646,1.299429290952638,-1.2316448970959013,-0.2734755972512319,2.132408321022389,0.5016904970920153,3.6566333890527614,-0.15911145683514602,-1.9450973256399124,-1.507848545165016,-1.1513678045991111,2.467634611104368,0.7376951317802901,-0.3075623426146228,0.6158384251930635,-0.5101515430617262,-1.1079259903080172
0.27961181545932834,-0.47454519624983954,-0.4736736092984604,-0.47400492578514347,-0.5609748304808925,0.8119223343984152,-0.2734755972512319,-0.7165619336211217,-0.31416854728184357,-0.2734755972512319,-0.15911145683514602,1.0749490891853966,-0.24345988547999833,0.06432335671865831,-0.7242912951969392,0.7376951317802901,-0.3075623426146228,-1.6238025415294657,-0.5101515430617262,0.9025873648130485
-0.8731358343600393,-0.47454519624983954,-0.4736736092984604,-0.4918744606632361,-0.5609748304808925,0.8119223343984152,-0.2734755972512319,-0.8160407306065733,-0.33894442074229864,-0.2734755972512319,-0.15911145683514602,-0.31067579526748795,-0.8872577976732985,-0.7903388328914239,-0.7921216854519817,0.7376951317802901,-0.3075623426146228,0.6158384251930635,-0.5101515430617262,0.9025873648130485
-0.10463740114712752,-0.47454519624983954,-0.4736736092984604,0.48910360681684706,-0.5609748304808925,0.8119223343984152,-0.2734755972512319,1.1248955097361595,1.0211686786291265,-0.2734755972512319,-0.15911145683514602,0.6130741277011017,0.4514269533164956,-0.2764243136487601,1.0629021530354223,0.7376951317802901,-0.3075623426146228,0.6158384251930635,-0.5101515430617262,0.9025873648130485
0.5870111887444931,0.4327933656785018,-0.4736736092984604,-0.12491978668775715,0.059159876663617626,-1.2316448970959013,-0.2734755972512319,0.3444394801955362,-0.19308082769342225,-0.2734755972512319,-0.15911145683514602,0.3051574867115718,0.6044280520636348,0.37714089017071456,0.18228697133662133,0.7376951317802901,-0.3075623426146228,0.6158384251930635,1.9602018529600023,-1.1079259903080172
-1.8721837975368247,-0.47454519624983954,-0.4736736092984604,-0.397241430886295,-0.5609748304808925,0.8119223343984152,-0.2734755972512319,-0.37316263612134226,-0.20773697819115625,3.6566333890527614,-0.15911145683514602,-1.5115506951266544,-1.3569925369152327,-1.1243832703991554,-0.4675224521004633,-1.3555735383351195,-0.3075623426146228,0.6158384251930635,-0.5101515430617262,0.9025873648130485
-1.2573850509664952,-0.47454519624983954,-0.4736736092984604,-0.5028639729296732,-0.5609748304808925,0.8119223343984152,-0.2734755972512319,-0.8823470582632056,-0.3541812339645143,-0.2734755972512319,-0.15911145683514602,-0.7725507567517828,-1.097806700420992,-0.9635056817666694,-0.8356982467161812,-1.3555735383351195,-0.3075623426146228,-1.6238025415294657,-0.5101515430617262,0.9025873648130485
-0.1814872444684187,-0.47454519624983954,-0.4736736092984604,-0.12491978668775715,-0.5609748304808925,0.8119223343984152,-0.2734755972512319,0.3444394801955362,0.1698333751076099,-0.2734755972512319,-0.15911145683514602,-0.31067579526748795,0.011035683984976508,-0.3378706148625569,0.18228697133662133,0.7376951317802901,-0.3075623426146228,0.6158384251930635,1.9602018529600023,-1.1079259903080172
0.6638610320657843,-0.47454519624983954,-0.4736736092984604,-0.3866707201133388,-0.5609748304808925,0.8119223343984152,-0.2734755972512319,-0.3336984726090332,-0.19308082769342225,-0.2734755972512319,-0.15911145683514602,0.36674081490947774,0.2144227597143932,0.46093130091680107,-0.4357668312169326,-1.3555735383351195,-0.3075623426146228,0.6158384251930635,1.9602018529600023,-1.1079259903080172
0.9712604053509489,-0.47454519624983954,-0.4736736092984604,-0.49640476528021726,-0.5609748304808925,0.8119223343984152,-0.2734755972512319,-0.8428609376877135,-0.3452256280984703,-0.2734755972512319,-0.15911145683514602,1.9063240198571272,0.031587925933975296,0.8184370534334368,-0.8099054511153398,0.7376951317802901,-0.3075623426146228,0.6158384251930635,-0.5101515430617262,0.9025873648130485
-2.025883484179407,0.4327933656785018,0.7676298785983874,-0.32828012727224753,0.6792945838081278,-1.2316448970959013,-0.2734755972512319,-0.13932010117845442,-0.40803770166018744,3.6566333890527614,-0.15911145683514602,-1.6963006797203724,-1.4384122990119026,-1.142258558024987,-0.2725960886647343,0.7376951317802901,-0.3075623426146228,0.6158384251930635,-0.5101515430617262,0.9025873648130485
-0.10463740114712752,-0.47454519624983954,-0.4736736092984604,-0.393717860628643,-0.5609748304808925,0.8119223343984152,-0.2734755972512319,-0.35983961362319966,-0.20285159469191155,-0.2734755972512319,-0.15911145683514602,-0.249092467069582,-0.2734842717890986,-0.2764243136487601,-0.45685361746907976,-1.3555735383351195,-0.3075623426146228,0.6158384251930635,1.9602018529600023,-1.1079259903080172
1.5860591519212783,-0.47454519624983954,0.7676298785983874,4.335332226633905,0.059159876663617626,-1.2316448970959013,-0.2734755972512319,2.6363132839087284,2.8989593467622274,-0.2734755972512319,-0.15911145683514602,-0.43384245166329993,3.3740361120228415,1.640700284221699,3.2834818985772354,-1.3555735383351195,-0.3075623426146228,-1.6238025415294657,-0.5101515430617262,-1.1079259903080172
1.6629089952425695,-0.47454519624983954,-0.4736736092984604,-0.11384570873513637,-0.5609748304808925,0.8119223343984152,-0.2734755972512319,0.36526093570402607,0.18518743753380743,-0.2734755972512319,-0.15911145683514602,-0.4030507875643469,1.4536938747428214,1.753538037359762,0.20342812254316164,0.7376951317802901,-0.3075623426146228,0.6158384251930635,-0.5101515430617262,-1.1079259903080172
-0.10463740114712752,-0.47454519624983954,-0.4736736092984604,-0.5028639729296732,-0.5609748304808925,0.8119223343984152,-0.2734755972512319,-0.8823470582632056,-0.3541812339645143,-0.2734755972512319,-0.15911145683514602,0.6130741277011017,-0.5285947664905187,-0.2764243136487601,-0.8356982467161812,0.7376951317802901,-0.3075623426146228,-1.6238025415294657,-0.5101515430617262,0.9025873648130485
-0.2583370877897099,-0.47454519624983954,-0.4736736092984604,0.9391984311231651,-0.5609748304808925,0.8119223343984152,-0.2734755972512319,1.464014258564117,1.645219191879498,-0.2734755972512319,-0.15911145683514602,-1.1728423900381717,0.4592761710139502,-0.39708250512312465,1.502009325162194,-1.3555735383351195,-0.3075623426146228,0.6158384251930635,-0.5101515430617262,-1.1079259903080172
-0.10463740114712752,-0.47454519624983954,-0.4736736092984604,-0.4894421904510968,-0.5609748304808925,0.8119223343984152,-0.2734755972512319,-0.8019236166026618,-0.33557211030396283,-0.2734755972512319,-0.15911145683514602,0.6130741277011017,-0.4893286006242167,-0.2764243136487601,-0.7826750495741225,0.7376951317802901,-0.3075623426146228,0.6158384251930635,-0.5101515430617262,0.9025873648130485
-0.41203677443229225,-0.47454519624983954,-0.4736736092984604,0.3483299278831318,-0.5609748304808925,0.8119223343984152,-0.2734755972512319,0.9910237262754293,0.8259878370673036,-0.2734755972512319,-0.15911145683514602,-1.2344257182360776,0.10360948691932241,-0.5088030527845733,0.8989761243970887,-1.3555735383351195,-0.3075623426146228,-1.6238025415294657,-0.5101515430617262,-1.1079259903080172
0.9712604053509489,0.4327933656785018,-0.4736736092984604,0.40974072380221066,0.059159876663617626,-1.2316448970959013,-0.2734755972512319,1.0515683442816504,0.17756903092269963,-0.2734755972512319,-0.15911145683514602,-0.6801757644549238,1.4190000946726447,0.8184370534334368,0.9724527287669706,0.7376951317802901,-0.3075623426146228,0.6158384251930635,-0.5101515430617262,-1.1079259903080172
0.9712604053509489,-0.47454519624983954,-0.4736736092984604,-0.11913106412161445,-0.5609748304808925,0.8119223343984152,-0.2734755972512319,0.3553757823476229,0.17785936228494045,-0.2734755972512319,-0.15911145683514602,-0.6801757644549238,0.9091335921825086,0.8184370534334368,0.19337511239221536,0.7376951317802901,-0.3075623426146228,0.6158384251930635,-0.5101515430617262,-1.1079259903080172
-0.10463740114712752,-0.47454519624983954,-0.4736736092984604,-0.4894421904510968,-0.5609748304808925,0.8119223343984152,-0.2734755972512319,-0.8019236166026618,-0.33557211030396283,-0.2734755972512319,-0.15911145683514602,0.6130741277011017,-0.4893286006242167,-0.2764243136487601,-0.7826750495741225,0.7376951317802901,-0.3075623426146228,0.6158384251930635,-0.5101515430617262,0.9025873648130485
0.5101613454232019,0.4327933656785018,2.0089333664952354,-0.08968408411123653,1.299429290952638,-1.2316448970959013,-0.2734755972512319,0.40928266156909443,-0.36232447034582665,-0.2734755972512319,-0.15911145683514602,0.2435741585136658,0.5857935216073217,0.295584890377857,0.2485503138398451,0.7376951317802901,-0.3075623426146228,0.6158384251930635,1.9602018529600023,-1.1079259903080172
-0.7962859910387481,-0.47454519624983954,2.0089333664952354,-0.11921562980779811,0.6792945838081278,-1.2316448970959013,-0.2734755972512319,0.3552168481314282,-0.3114159826359834,-0.2734755972512319,-0.15911145683514602,-1.3883840387308426,-0.4601075864620861,-0.7490022302566879,0.19321371678629212,-1.3555735383351195,-0.3075623426146228,0.6158384251930635,-0.5101515430617262,-1.1079259903080172
-0.10463740114712752,6.784163299176891,2.0089333664952354,0.7519458402879414,5.64037224096421,-1.2316448970959013,3.6566333890527614,1.3361591794576348,-0.3794867591321342,-0.2734755972512319,-0.15911145683514602,0.6130741277011017,0.5545749177100281,-0.2764243136487601,1.3324391053853897,-1.3555735383351195,-0.3075623426146228,0.6158384251930635,-0.5101515430617262,0.9025873648130485
2.738806801740646,-0.47454519624983954,-0.4736736092984604,-0.11384570873513637,-0.5609748304808925,0.8119223343984152,-0.2734755972512319,0.36526093570402607,0.18518743753380743,-0.2734755972512319,6.284902544988268,0.028032509820994887,2.289526152860138,3.567879731381688,0.20342812254316164,0.7376951317802901,-0.3075623426146228,0.6158384251930635,-0.5101515430617262,-1.1079259903080172
-1.1036853643239128,-0.47454519624983954,-0.4736736092984604,-0.4867562231804066,-0.5609748304808925,0.8119223343984152,-0.2734755972512319,-0.7865550587251358,-0.3318480522536815,-0.2734755972512319,-0.15911145683514602,-0.5878007721580649,-0.9968565508047034,-0.9009421750762581,-0.7723235979821633,-1.3555735383351195,3.2513733362117265,-1.6238025415294657,-0.5101515430617262,0.9025873648130485
-0.10463740114712752,-0.47454519624983954,-0.4736736092984604,-0.5029485386158568,-0.5609748304808925,0.8119223343984152,-0.2734755972512319,-0.8828741679067217,-0.35429848316849616,-0.2734755972512319,-0.15911145683514602,0.6130741277011017,-0.5288521239756584,-0.2764243136487601,-0.8360394239927292,-1.3555735383351195,-0.3075623426146228,-1.6238025415294657,-0.5101515430617262,0.9025873648130485
1.2786597786361138,-0.47454519624983954,-0.4736736092984604,0.9462455716384695,-0.5609748304808925,0.8119223343984152,-0.2734755972512319,1.4685301291949246,1.6549899588779877,-0.2734755972512319,-0.15911145683514602,-0.5570091080591119,2.040129087853779,1.211693381201736,1.5080874900838204,0.7376951317802901,-0.3075623426146228,-1.6238025415294657,-0.5101515430617262,-1.1079259903080172
-0.10463740114712752,-0.47454519624983954,-0.4736736092984604,0.29992211294914856,-0.5609748304808925,0.8119223343984152,-0.2734755972512319,0.940663265248102,0.7588710427308236,-0.2734755972512319,-0.15911145683514602,-1.1112590618402656,0.3614768875070356,-0.2764243136487601,0.8386896430828346,0.7376951317802901,-0.3075623426146228,0.6158384251930635,-0.5101515430617262,-1.1079259903080172
1.5860591519212783,-0.47454519624983954,0.7676298785983874,-0.12491978668775715,0.059159876663617626,-1.2316448970959013,-0.2734755972512319,0.3444394801955362,-0.19308082769342225,-0.2734755972512319,-0.15911145683514602,1.1057407532843495,1.3758381305658909,1.640700284221699,0.18228697133662133,-1.3555735383351195,-0.3075623426146228,0.6158384251930635,1.9602018529600023,-1.1079259903080172
-0.7962859910387481,0.4327933656785018,-0.4736736092984604,1.1854295476653287,0.059159876663617626,-1.2316448970959013,-0.2734755972512319,1.6111475224786775,0.7153101718038444,-0.2734755972512319,-0.15911145683514602,-1.3883840387308426,-0.04400819607656468,-0.7490022302566879,1.7031651838951611,-1.3555735383351195,-0.3075623426146228,-1.6238025415294657,-0.5101515430617262,-1.1079259903080172
-0.10463740114712752,0.4327933656785018,-0.4736736092984604,-0.1621689579829361,0.059159876663617626,-1.2316448970959013,-0.2734755972512319,0.2711522804976662,-0.21890356904657263,-0.2734755972512319,-0.15911145683514602,0.6130741277011017,0.034592973641664804,-0.2764243136487601,0.1089002898312741,-1.3555735383351195,3.2513733362117265,-1.6238025415294657,-0.5101515430617262,0.9025873648130485
-0.33518693111100106,0.4327933656785018,-0.4736736092984604,0.4678796330534696,0.059159876663617626,-1.2316448970959013,-0.2734755972512319,1.1057901177672143,0.21787344479146803,-0.2734755972512319,-0.15911145683514602,-1.2036340541371247,0.22425360551803059,-0.45405998443046347,1.0391814837834346,0.7376951317802901,-0.3075623426146228,-1.6238025415294657,-0.5101515430617262,-1.1079259903080172
2.5082572717767726,-0.47454519624983954,-0.4736736092984604,0.962353321387736,-0.5609748304808925,0.8119223343984152,-0.2734755972512319,1.4787785499834798,1.6773231405888203,-0.2734755972512319,6.284902544988268,-0.06434248247586408,3.314253199622843,3.142224444791569,1.5219039218528083,-1.3555735383351195,-0.3075623426146228,0.6158384251930635,-0.5101515430617262,-1.1079259903080172
-0.1814872444684187,0.4327933656785018,-0.4736736092984604,0.4207302360686478,0.059159876663617626,-1.2316448970959013,-0.2734755972512319,1.0620380556287106,0.18518743753380743,-0.2734755972512319,-0.15911145683514602,-1.1420507259392187,0.3488850770039352,-0.3378706148625569,0.9852692911996687,0.7376951317802901,-0.3075623426146228,0.6158384251930635,-0.5101515430617262,-1.1079259903080172
0.4333115021019107,0.4327933656785018,-0.4736736092984604,1.163700193253568,0.059159876663617626,-1.2316448970959013,-0.2734755972512319,1.5989745568795648,0.7002464407398876,-0.2734755972512319,-0.15911145683514602,-0.8957174131475948,1.2513967173457266,0.21626330153822848,1.6862783548369762,-1.3555735383351195,-0.3075623426146228,0.6158384251930635,-0.5101515430617262,-1.1079259903080172
-0.10463740114712752,-0.47454519624983954,-0.4736736092984604,-0.3443878770215141,-0.5609748304808925,0.8119223343984152,-0.2734755972512319,-0.1893914833819289,-0.1344562257024863,-0.2734755972512319,-0.15911145683514602,0.6130741277011017,-0.19026420043348116,-0.2764243136487601,-0.3157031303593932,0.7376951317802901,-0.3075623426146228,0.6158384251930635,-0.5101515430617262,0.9025873648130485
0.9712604053509489,-0.47454519624983954,-0.4736736092984604,-0.494391296561559,-0.5609748304808925,0.8119223343984152,-0.2734755972512319,-0.830854756854953,-0.34243398038461625,-0.2734755972512319,-0.15911145683514602,1.9063240198571272,0.040380822848096305,0.8184370534334368,-0.8019709250667245,0.7376951317802901,-0.3075623426146228,0.6158384251930635,-0.5101515430617262,0.9025873648130485
-0.10463740114712752,-0.47454519624983954,-0.4736736092984604,-0.4894421904510968,-0.5609748304808925,0.8119223343984152,-0.2734755972512319,-0.8019236166026618,-0.33557211030396283,-0.2734755972512319,-0.15911145683514602,0.6130741277011017,-0.4893286006242167,-0.2764243136487601,-0.7826750495741225,0.7376951317802901,-0.3075623426146228,-1.6238025415294657,-0.5101515430617262,0.9025873648130485
-0.10463740114712752,0.4327933656785018,-0.4736736092984604,0.395813560675251,0.059159876663617626,-1.2316448970959013,-0.2734755972512319,1.038145562232327,0.16791411730433517,-0.2734755972512319,-0.15911145683514602,-1.1112590618402656,0.4090719165604691,-0.2764243136487601,0.956068844491413,-1.3555735383351195,-0.3075623426146228,0.6158384251930635,-0.5101515430617262,-1.1079259903080172
-0.41203677443229225,-0.47454519624983954,-0.4736736092984604,-0.5064721088735089,-0.5609748304808925,0.8119223343984152,-0.2734755972512319,-0.9050797531497122,-0.35918386666774077,-0.2734755972512319,-0.15911145683514602,0.2435741585136658,-0.6898981079401968,-0.5088030527845733,-0.8503371457314686,0.7376951317802901,-0.3075623426146228,0.6158384251930635,-0.5101515430617262,0.9025873648130485
-0.41203677443229225,-0.47454519624983954,-0.4736736092984604,-0.5046257580584992,-0.5609748304808925,0.8119223343984152,-0.2734755972512319,-0.8933844909173265,-0.3566239257141366,-0.2734755972512319,-0.15911145683514602,0.2435741585136658,-0.6850037129317106,-0.5088030527845733,-0.8428250877724677,0.7376951317802901,-0.3075623426146228,0.6158384251930635,-0.5101515430617262,0.9025873648130485
-1.949033640858116,1.340131927606843,0.7676298785983874,0.13683114673782454,1.299429290952638,-1.2316448970959013,-0.2734755972512319,0.750263780890198,-0.28380937839368026,3.6566333890527614,-0.15911145683514602,-1.7270923438193253,-1.3254609353846691,-1.1344381196886857,0.6175803610410056,-1.3555735383351195,-0.3075623426146228,0.6158384251930635,1.9602018529600023,-1.1079259903080172
-0.10463740114712752,-0.47454519624983954,-0.4736736092984604,-0.3866707201133388,-0.5609748304808925,0.8119223343984152,-0.2734755972512319,-0.3336984726090332,-0.19308082769342225,-0.2734755972512319,-0.15911145683514602,-0.249092467069582,-0.2607210480597635,-0.2764243136487601,-0.4357668312169326,-1.3555735383351195,-0.3075623426146228,0.6158384251930635,1.9602018529600023,-1.1079259903080172
-0.8731358343600393,-0.47454519624983954,-0.4736736092984604,0.8314778546749452,-0.5609748304808925,0.8119223343984152,-0.2734755972512319,1.3924082286355355,1.4958660391883043,-0.2734755972512319,-0.15911145683514602,-0.8649257490486417,-0.19409111095210033,-0.7903388328914239,1.406441424049901,0.7376951317802901,-0.3075623426146228,0.6158384251930635,1.9602018529600023,-1.1079259903080172
-0.1814872444684187,-0.47454519624983954,2.0089333664952354,-0.4242561406845337,0.6792945838081278,-1.2316448970959013,-0.2734755972512319,-0.48145578049281285,-0.4523941921856151,-0.2734755972512319,-0.15911145683514602,0.5206991354042427,-0.3778003896546065,-0.3378706148625569,-0.5522828413619576,-1.3555735383351195,-0.3075623426146228,0.6158384251930635,-0.5101515430617262,0.9025873648130485
-0.10463740114712752,-0.47454519624983954,-0.4736736092984604,0.1489119590497745,-0.5609748304808925,0.8119223343984152,-0.2734755972512319,0.7656365698356679,0.5494974641917667,-0.2734755972512319,-0.15911145683514602,-1.1112590618402656,0.2760213646993475,-0.2764243136487601,0.6350324699822594,0.7376951317802901,-0.3075623426146228,-1.6238025415294657,-0.5101515430617262,-1.1079259903080172
-1.180535207645204,4.0621476133918675,2.0089333664952354,0.2958951755118318,3.779968119530679,-1.2316448970959013,3.6566333890527614,0.936361092700485,-0.3923346832697581,-0.2734755972512319,-0.15911145683514602,-0.6801757644549238,-0.6158736635328259,-0.9333411338980782,0.8335744910034938,0.7376951317802901,-0.3075623426146228,0.6158384251930635,-0.5101515430617262,0.9025873648130485
-0.10463740114712752,0.4327933656785018,-0.4736736092984604,-0.16518916106092355,0.059159876663617626,-1.2316448970959013,-0.2734755972512319,0.26497567234198965,-0.22099730483196317,-0.2734755972512319,-0.15911145683514602,-0.249092467069582,0.03157728921776731,-0.2764243136487601,0.10278829628565453,-1.3555735383351195,-0.3075623426146228,-1.6238025415294657,1.9602018529600023,-1.1079259903080172
-0.5657364610748746,-0.47454519624983954,-0.4736736092984604,-0.4601623283443675,-0.5609748304808925,0.8119223343984152,-0.2734755972512319,-0.6455926003653025,-0.2949759692490967,-0.2734755972512319,-0.15911145683514602,0.058824173919947875,-0.6654559516056712,-0.6115859566331061,-0.6741011856421901,0.7376951317802901,-0.3075623426146228,0.6158384251930635,-0.5101515430617262,0.9025873648130485
0.5870111887444931,0.4327933656785018,0.7676298785983874,0.40974072380221066,0.6792945838081278,-1.2316448970959013,-0.2734755972512319,1.0515683442816504,-0.06695232288301842,-0.2734755972512319,-0.15911145683514602,-0.8341340849496888,1.0606520227083533,0.37714089017071456,0.9724527287669706,0.7376951317802901,-0.3075623426146228,0.6158384251930635,-0.5101515430617262,-1.1079259903080172
1.3555096219574048,-0.47454519624983954,-0.4736736092984604,-0.5024451714361923,-0.5609748304808925,0.8119223343984152,-0.2734755972512319,-0.8797405693934278,-0.35360057124003264,-0.2734755972512319,-0.15911145683514602,2.368198981341422,0.19454316549526024,1.3155934905268833,-0.8340099545272707,0.7376951317802901,-0.3075623426146228,0.6158384251930635,-0.5101515430617262,0.9025873648130485
-0.10463740114712752,-0.47454519624983954,-0.4736736092984604,-0.35646868933346404,-0.5609748304808925,0.8119223343984152,-0.2734755972512319,-0.2286058134653583,-0.15120611198561085,-0.2734755972512319,-0.15911145683514602,0.6130741277011017,-0.20941031452159897,-0.2764243136487601,-0.34894246505542853,0.7376951317802901,-0.3075623426146228,0.6158384251930635,-0.5101515430617262,0.9025873648130485
-0.10463740114712752,-0.47454519624983954,-0.4736736092984604,-0.3866707201133388,-0.5609748304808925,0.8119223343984152,-0.2734755972512319,-0.3336984726090332,-0.19308082769342225,-0.2734755972512319,-0.15911145683514602,-0.249092467069582,-0.2607210480597635,-0.2764243136487601,-0.4357668312169326,0.7376951317802901,-0.3075623426146228,0.6158384251930635,1.9602018529600023,-1.1079259903080172
0.5101613454232019,0.4327933656785018,0.7676298785983874,-0.1621689579829361,0.6792945838081278,-1.2316448970959013,-0.2734755972512319,0.2711522804976662,-0.3312673895291999,-0.2734755972512319,-0.15911145683514602,1.3520740660759734,0.499083454632827,0.295584890377857,0.1089002898312741,0.7376951317802901,-0.3075623426146228,0.6158384251930635,-0.5101515430617262,0.9025873648130485
-0.719436147717457,-0.47454519624983954,-0.4736736092984604,-0.5028639729296732,-0.5609748304808925,0.8119223343984152,-0.2734755972512319,-0.8823470582632056,-0.3541812339645143,-0.2734755972512319,-0.15911145683514602,-0.12592581067377007,-0.8321744645867711,-0.705431216668723,-0.8356982467161812,0.7376951317802901,-0.3075623426146228,-1.6238025415294657,-0.5101515430617262,0.9025873648130485
1.9703083685277343,-0.47454519624983954,-0.4736736092984604,-0.3262666585535892,-0.5609748304808925,0.8119223343984152,-0.2734755972512319,-0.13322852057373055,-0.10933139627779945,-0.2734755972512319,-0.15911145683514602,1.4136573942738793,1.2144276087573416,2.2272331594443044,-0.2673008918138383,-1.3555735383351195,-0.3075623426146228,0.6158384251930635,1.9602018529600023,-1.1079259903080172
-0.10463740114712752,2.2474704895351842,0.7676298785983874,-0.13565761536436197,1.9195639980971482,-1.2316448970959013,3.6566333890527614,0.32384119624754826,-0.4138069208256383,-0.2734755972512319,-0.15911145683514602,0.6130741277011017,0.06031795708471365,-0.2764243136487601,0.16149931058410164,-1.3555735383351195,-0.3075623426146228,0.6158384251930635,-0.5101515430617262,0.9025873648130485
-0.5657364610748746,-0.47454519624983954,-0.4736736092984604,-0.5049620073345151,-0.5609748304808925,0.8119223343984152,-0.2734755972512319,-0.8955045384601199,-0.35709013088235025,-0.2734755972512319,-0.15911145683514602,0.058824173919947875,-0.7613270039083581,-0.6115859566331061,-0.844189848130866,0.7376951317802901,-0.3075623426146228,0.6158384251930635,-0.5101515430617262,0.9025873648130485
2.1240080551703167,-0.47454519624983954,-0.4736736092984604,-0.43700743807979686,-0.5609748304808925,0.8119223343984152,-0.2734755972512319,-0.5368057694182641,-0.2628720205397746,-0.2734755972512319,-0.15911145683514602,1.5368240506696913,0.9153230150811612,2.4774871862059493,-0.594257804840711,-1.3555735383351195,-0.3075623426146228,0.6158384251930635,1.9602018529600023,-1.1079259903080172
-0.027787557825836348,0.4327933656785018,-0.4736736092984604,-0.5065566745596926,0.059159876663617626,-1.2316448970959013,-0.2734755972512319,-0.9056185997745971,-0.45764807318308853,-0.2734755972512319,-0.15911145683514602,0.7054491199979606,-0.5024152581947601,-0.21274360148173435,-0.8506822752499785,0.7376951317802901,-0.3075623426146228,0.6158384251930635,-0.5101515430617262,0.9025873648130485
-0.2583370877897099,1.340131927606843,-0.4736736092984604,-0.47400492578514347,0.6792945838081278,-1.2316448970959013,-0.2734755972512319,-0.7165619336211217,-0.47538620275691745,-0.2734755972512319,-0.15911145683514602,0.4283241431073837,-0.529327969432478,-0.39708250512312465,-0.7242912951969392,0.7376951317802901,-0.3075623426146228,0.6158384251930635,-0.5101515430617262,0.9025873648130485
-0.10463740114712752,-0.47454519624983954,-0.4736736092984604,-0.4863374216869257,-0.5609748304808925,0.8119223343984152,-0.2734755972512319,-0.7841792430073967,-0.3312673895291999,-0.2734755972512319,-0.15911145683514602,0.6130741277011017,-0.4806650380807706,-0.2764243136487601,-0.7707171035377015,0.7376951317802901,-0.3075623426146228,0.6158384251930635,-0.5101515430617262,0.9025873648130485
0.7407108753870755,0.4327933656785018,-0.4736736092984604,0.4771073601910807,0.059159876663617626,-1.2316448970959013,-0.2734755972512319,1.1141402035210881,0.2242705055277647,-0.2734755972512319,-0.15911145683514602,-0.7725507567517828,1.2465433984962448,0.5469561226161165,1.0495353373475445,-1.3555735383351195,-0.3075623426146228,0.6158384251930635,-0.5101515430617262,-1.1079259903080172
0.20276197213803718,-0.47454519624983954,-0.4736736092984604,-0.4894421904510968,-0.5609748304808925,0.8119223343984152,-0.2734755972512319,-0.8019236166026618,-0.33557211030396283,-0.2734755972512319,-0.15911145683514602,0.9825740968885375,-0.33192929930947596,-0.008294999261283314,-0.7826750495741225,0.7376951317802901,-0.3075623426146228,0.6158384251930635,-0.5101515430617262,0.9025873648130485
0.04906228549545483,-0.47454519624983954,-0.4736736092984604,-0.397241430886295,-0.5609748304808925,0.8119223343984152,-0.2734755972512319,-0.37316263612134226,-0.20773697819115625,-0.2734755972512319,-0.15911145683514602,0.7978241122948195,-0.18633667235438559,-0.14682847836147966,-0.4675224521004633,-1.3555735383351195,-0.3075623426146228,0.6158384251930635,-0.5101515430617262,0.9025873648130485
0.6638610320657843,-0.47454519624983954,-0.4736736092984604,0.962353321387736,-0.5609748304808925,0.8119223343984152,-0.2734755972512319,1.4787785499834798,1.6773231405888203,-0.2734755972512319,-0.15911145683514602,-0.8033424208507358,1.4153976217711353,0.46093130091680107,1.5219039218528083,-1.3555735383351195,-0.3075623426146228,0.6158384251930635,-0.5101515430617262,-1.1079259903080172
-0.10463740114712752,-0.47454519624983954,-0.4736736092984604,-0.4894421904510968,-0.5609748304808925,0.8119223343984152,-0.2734755972512319,-0.8019236166026618,-0.33557211030396283,-0.2734755972512319,-0.15911145683514602,0.6130741277011017,-0.4893286006242167,-0.2764243136487601,-0.7826750495741225,0.7376951317802901,-0.3075623426146228,0.6158384251930635,-0.5101515430617262,0.9025873648130485
-0.8731358343600393,-0.47454519624983954,-0.4736736092984604,-0.4974960653257301,-0.5609748304808925,0.8119223343984152,-0.2734755972512319,-0.8494271027413144,-0.34673870115937927,-0.2734755972512319,-0.15911145683514602,-0.31067579526748795,-0.8977367905689374,-0.7903388328914239,-0.8142266959229124,-1.3555735383351195,-0.3075623426146228,0.6158384251930635,-0.5101515430617262,0.9025873648130485
-0.41203677443229225,0.4327933656785018,2.0089333664952354,0.6603330135889879,1.299429290952638,-1.2316448970959013,-0.2734755972512319,1.2673242399099218,-0.10235227699316421,-0.2734755972512319,-0.15911145683514602,-0.4954257798612059,0.21923954530570686,-0.5088030527845733,1.2431591322584712,-1.3555735383351195,-0.3075623426146228,0.6158384251930635,1.9602018529600023,-1.1079259903080172
-1.949033640858116,0.4327933656785018,0.7676298785983874,-0.312172377522981,0.6792945838081278,-1.2316448970959013,-0.2734755972512319,-0.09156500424402261,-0.40059330775657653,3.6566333890527614,-0.15911145683514602,-1.6039256874235135,-1.3841776265554389,-1.1344381196886857,-0.2307883431442127,-1.3555735383351195,-0.3075623426146228,0.6158384251930635,-0.5101515430617262,0.9025873648130485
-0.5657364610748746,-0.47454519624983954,-0.4736736092984604,-0.5024451714361923,-0.5609748304808925,0.8119223343984152,-0.2734755972512319,-0.8797405693934278,-0.35360057124003264,-0.2734755972512319,-0.15911145683514602,0.058824173919947875,-0.7552796405274325,-0.6115859566331061,-0.8340099545272707,-1.3555735383351195,-0.3075623426146228,0.6158384251930635,-0.5101515430617262,0.9025873648130485
-0.10463740114712752,-0.47454519624983954,-0.4736736092984604,-0.48977642625839407,-0.5609748304808925,0.8119223343984152,-0.2734755972512319,-0.8038521494426432,-0.3360355238244626,-0.2734755972512319,-0.15911145683514602,0.6130741277011017,-0.4902701928864946,-0.2764243136487601,-0.7839690464616976,-1.3555735383351195,3.2513733362117265,-1.6238025415294657,-0.5101515430617262,0.9025873648130485
-0.48888661775358344,-0.47454519624983954,-0.4736736092984604,-0.43700743807979686,-0.5609748304808925,0.8119223343984152,-0.2734755972512319,-0.5368057694182641,-0.2628720205397746,-0.2734755972512319,-0.15911145683514602,-0.5570091080591119,-0.5797504699520166,-0.5613117101854542,-0.594257804840711,0.7376951317802901,-0.3075623426146228,0.6158384251930635,1.9602018529600023,-1.1079259903080172
-0.8731358343600393,-0.47454519624983954,-0.4736736092984604,-0.49145565916975514,-0.5609748304808925,0.8119223343984152,-0.2734755972512319,-0.8135961720983267,-0.338363758017817,-0.2734755972512319,-0.15911145683514602,-0.31067579526748795,-0.886490523195631,-0.7903388328914239,-0.7904901237353718,0.7376951317802901,-0.3075623426146228,0.6158384251930635,-0.5101515430617262,0.9025873648130485
-0.10463740114712752,-0.47454519624983954,-0.4736736092984604,-0.024246350754841113,-0.5609748304808925,0.8119223343984152,-0.2734755972512319,0.5198636196706229,0.3094157608003146,-0.2734755972512319,-0.15911145683514602,-1.1112590618402656,0.15602449280017253,-0.2764243136487601,0.3644382952166449,0.7376951317802901,-0.3075623426146228,0.6158384251930635,-0.5101515430617262,-1.1079259903080172
0.27961181545932834,-0.47454519624983954,-0.4736736092984604,-0.4894421904510968,-0.5609748304808925,0.8119223343984152,-0.2734755972512319,-0.8019236166026618,-0.33557211030396283,-0.2734755972512319,-0.15911145683514602,1.0749490891853966,-0.2925794739807908,0.06432335671865831,-0.7826750495741225,0.7376951317802901,-0.3075623426146228,0.6158384251930635,-0.5101515430617262,0.9025873648130485
-1.6416342675729512,-0.47454519624983954,2.0089333664952354,-0.11988611489111134,0.6792945838081278,-1.2316448970959013,-0.2734755972512319,0.35395586016517094,-0.3117258555322212,3.6566333890527614,-0.15911145683514602,-1.4807590310277015,-1.115082299951346,-1.0808122568111904,0.19193346639430406,-1.3555735383351195,-0.3075623426146228,0.6158384251930635,1.9602018529600023,-1.1079259903080172
-0.5657364610748746,0.4327933656785018,-0.4736736092984604,-0.5024451714361923,0.059159876663617626,-1.2316448970959013,-0.2734755972512319,-0.8797405693934278,-0.45479780086724353,-0.2734755972512319,-0.15911145683514602,0.058824173919947875,-0.7552796405274325,-0.6115859566331061,-0.8340099545272707,0.7376951317802901,-0.3075623426146228,0.6158384251930635,-0.5101515430617262,0.9025873648130485
0.5101613454232019,-0.47454519624983954,-0.4736736092984604,-0.11711759540295616,-0.5609748304808925,0.8119223343984152,-0.2734755972512319,0.35915272270042775,0.1806510099987945,-0.2734755972512319,-0.15911145683514602,-0.8649257490486417,0.554324916923739,0.295584890377857,0.19721275658483883,0.7376951317802901,-0.3075623426146228,0.6158384251930635,-0.5101515430617262,-1.1079259903080172
-0.33518693111100106,-0.47454519624983954,-0.4736736092984604,-0.3866707201133388,-0.5609748304808925,0.8119223343984152,-0.2734755972512319,-0.3336984726090332,-0.19308082769342225,-0.2734755972512319,-0.15911145683514602,-0.43384245166329993,-0.4032641903920105,-0.45405998443046347,-0.4357668312169326,0.7376951317802901,-0.3075623426146228,0.6158384251930635,1.9602018529600023,-1.1079259903080172
-0.7962859910387481,-0.47454519624983954,-0.4736736092984604,-0.4863374216869257,-0.5609748304808925,0.8119223343984152,-0.2734755972512319,-0.7841792430073967,-0.3312673895291999,-0.2734755972512319,-0.15911145683514602,-0.218300802970629,-0.8375981825707591,-0.7490022302566879,-0.7707171035377015,0.7376951317802901,-0.3075623426146228,0.6158384251930635,-0.5101515430617262,0.9025873648130485
-0.10463740114712752,0.4327933656785018,2.0089333664952354,-0.17626323901354432,1.299429290952638,-1.2316448970959013,-0.2734755972512319,0.24200663802437702,-0.3923346832697581,-0.2734755972512319,-0.15911145683514602,0.6130741277011017,0.020362823725094348,-0.2764243136487601,0.08015911165840314,-1.3555735383351195,-0.3075623426146228,0.6158384251930635,-0.5101515430617262,0.9025873648130485
0.5101613454232019,0.4327933656785018,2.0089333664952354,1.7677408088510642,1.299429290952638,-1.2316448970959013,-0.2734755972512319,1.8931715298766851,0.2814992836617736,-0.2734755972512319,-0.15911145683514602,-0.8649257490486417,1.5172910108318205,0.295584890377857,2.1067404351900234,0.7376951317802901,-0.3075623426146228,0.6158384251930635,-0.5101515430617262,-1.1079259903080172
-0.48888661775358344,1.340131927606843,0.7676298785983874,-0.41687275089321363,1.299429290952638,-1.2316448970959013,-0.2734755972512319,-0.4507125974257932,-0.4757351587211492,-0.2734755972512319,-0.15911145683514602,-0.5570091080591119,-0.5452222367576858,-0.5613117101854542,-0.5285749284853629,0.7376951317802901,-0.3075623426146228,0.6158384251930635,1.9602018529600023,-1.1079259903080172
-0.027787557825836348,-0.47454519624983954,4.491540342288931,-0.22408312108167944,1.9195639980971482,-1.2316448970959013,3.6566333890527614,0.13649913806595457,-0.43832707935550436,-0.2734755972512319,-0.15911145683514602,0.7054491199979606,0.024562877754716658,-0.21274360148173435,-0.021771237636039588,-1.3555735383351195,-0.3075623426146228,0.6158384251930635,-0.5101515430617262,0.9025873648130485
-2.1795831708219895,0.4327933656785018,0.7676298785983874,-0.4242561406845337,0.6792945838081278,-1.2316448970959013,-0.2734755972512319,-0.48145578049281285,-0.4523941921856151,3.6566333890527614,-0.15911145683514602,-1.8810506643140903,-1.5461858090802614,-1.1511962018379032,-0.5522828413619576,-1.3555735383351195,-0.3075623426146228,0.6158384251930635,-0.5101515430617262,0.9025873648130485
0.4333115021019107,-0.47454519624983954,-0.4736736092984604,-0.4894421904510968,-0.5609748304808925,0.8119223343984152,-0.2734755972512319,-0.8019236166026618,-0.33557211030396283,-0.2734755972512319,-0.15911145683514602,1.2596990737791145,-0.21387982332342037,0.21626330153822848,-0.7826750495741225,0.7376951317802901,-0.3075623426146228,-1.6238025415294657,-0.5101515430617262,0.9025873648130485
-0.027787557825836348,0.4327933656785018,-0.4736736092984604,-0.22559322262067316,0.059159876663617626,-1.2316448970959013,-0.2734755972512319,0.1329851701219792,-0.2628720205397746,-0.2734755972512319,-0.15911145683514602,-0.18750913887167603,0.02278593431573476,-0.21274360148173435,-0.025109089273130138,0.7376951317802901,-0.3075623426146228,0.6158384251930635,1.9602018529600023,-1.1079259903080172
1.1249600919935314,0.4327933656785018,-0.4736736092984604,-0.12491978668775715,0.059159876663617626,-1.2316448970959013,-0.2734755972512319,0.3444394801955362,-0.19308082769342225,-0.2734755972512319,-0.15911145683514602,0.7362407840969136,1.019802709718696,1.0105963954111286,0.18228697133662133,0.7376951317802901,-0.3075623426146228,0.6158384251930635,1.9602018529600023,-1.1079259903080172
0.5101613454232019,0.4327933656785018,-0.4736736092984604,0.9391984311231651,0.059159876663617626,-1.2316448970959013,-0.2734755972512319,1.464014258564117,0.5446120806925219,-0.2734755972512319,-0.15911145683514602,-0.8649257490486417,1.247891509799086,0.295584890377857,1.502009325162194,0.7376951317802901,-0.3075623426146228,0.6158384251930635,-0.5101515430617262,-1.1079259903080172
-0.10463740114712752,-0.47454519624983954,-0.4736736092984604,-0.4894421904510968,-0.5609748304808925,0.8119223343984152,-0.2734755972512319,-0.8019236166026618,-0.33557211030396283,-0.2734755972512319,-0.15911145683514602,0.6130741277011017,-0.4893286006242167,-0.2764243136487601,-0.7826750495741225,0.7376951317802901,-0.3075623426146228,0.6158384251930635,-0.5101515430617262,0.9025873648130485
-0.10463740114712752,-0.47454519624983954,-0.4736736092984604,-0.5084855775921673,-0.5609748304808925,0.8119223343984152,-0.2734755972512319,-0.9179864201772276,-0.3619755143815949,-0.2734755972512319,-0.15911145683514602,0.6130741277011017,-0.5459954281308391,-0.2764243136487601,-0.8585800828944049,0.7376951317802901,3.2513733362117265,-1.6238025415294657,-0.5101515430617262,0.9025873648130485
-0.6425863043961658,-0.47454519624983954,-0.4736736092984604,-0.49145565916975514,-0.5609748304808925,0.8119223343984152,-0.2734755972512319,-0.8135961720983267,-0.338363758017817,-0.2734755972512319,-0.15911145683514602,-0.03355081837691109,-0.7690516587570025,-0.659625792127529,-0.7904901237353718,0.7376951317802901,-0.3075623426146228,0.6158384251930635,-0.5101515430617262,0.9025873648130485
-1.0268355210026217,-0.47454519624983954,-0.4736736092984604,-0.45714212526638004,-0.5609748304808925,0.8119223343984152,-0.2734755972512319,-0.6307359423566569,-0.2907884976783155,-0.2734755972512319,-0.15911145683514602,-0.4954257798612059,-0.9137658483473886,-0.866308805301209,-0.6634047891287582,0.7376951317802901,-0.3075623426146228,0.6158384251930635,-0.5101515430617262,0.9025873648130485
-1.7953339542155335,-0.47454519624983954,0.7676298785983874,0.016023023618325298,0.059159876663617626,-1.2316448970959013,-0.2734755972512319,0.5824597491940529,-0.09537315770852897,3.6566333890527614,-0.15911145683514602,-1.6039256874235135,-1.2101857858691831,-1.112094010156396,0.43165080928911126,-1.3555735383351195,-0.3075623426146228,0.6158384251930635,1.9602018529600023,-1.1079259903080172
0.20276197213803718,-0.47454519624983954,-0.4736736092984604,-0.4863374216869257,-0.5609748304808925,0.8119223343984152,-0.2734755972512319,-0.7841792430073967,-0.3312673895291999,-0.2734755972512319,-0.15911145683514602,0.9825740968885375,-0.322028084974109,-0.008294999261283314,-0.7707171035377015,0.7376951317802901,-0.3075623426146228,0.6158384251930635,-0.5101515430617262,0.9025873648130485
0.6638610320657843,-0.47454519624983954,-0.4736736092984604,-0.6484216535389205,-0.5609748304808925,0.8119223343984152,-0.2734755972512319,-3.0585777291682934,-0.5559950304944544,-0.2734755972512319,-0.15911145683514602,-0.8033424208507358,-1.5911237098274018,0.46093130091680107,-1.5400776793270476,0.7376951317802901,-0.3075623426146228,0.6158384251930635,-0.5101515430617262,-1.1079259903080172
-0.2583370877897099,0.4327933656785018,0.7676298785983874,-0.12491978668775715,0.6792945838081278,-1.2316448970959013,-0.2734755972512319,0.3444394801955362,-0.31405222862709964,-0.2734755972512319,-0.15911145683514602,-0.37225912346539397,-0.04830355282288948,-0.39708250512312465,0.18228697133662133,-1.3555735383351195,-0.3075623426146228,0.6158384251930635,1.9602018529600023,-1.1079259903080172
1.893458525206443,0.4327933656785018,-0.4736736092984604,0.9274538680872313,0.059159876663617626,-1.2316448970959013,-0.2734755972512319,1.4564440718289613,0.5364702401350665,-0.2734755972512319,-0.15911145683514602,-0.31067579526748795,2.6602709477316404,2.1054577624933253,1.4918337917741746,-1.3555735383351195,-0.3075623426146228,-1.6238025415294657,-0.5101515430617262,-1.1079259903080172
-0.10463740114712752,-0.47454519624983954,-0.4736736092984604,0.3583127057902398,-0.5609748304808925,0.8119223343984152,-0.2734755972512319,1.0011105492142125,0.8398288264325924,-0.2734755972512319,-0.15911145683514602,-1.1112590618402656,0.3909898383255185,-0.2764243136487601,0.9111417382562929,0.7376951317802901,-0.3075623426146228,0.6158384251930635,-0.5101515430617262,-1.1079259903080172
0.8175607187083667,-0.47454519624983954,-0.4736736092984604,-0.09027201697708476,-0.5609748304808925,0.8119223343984152,-0.2734755972512319,0.4082334475616762,0.21787204896761117,-0.2734755972512319,-0.15911145683514602,-0.7417590926528298,0.8269413980195643,0.6352153552686609,0.2474681655184986,0.7376951317802901,-0.3075623426146228,-1.6238025415294657,-0.5101515430617262,-1.1079259903080172
0.9712604053509489,-0.47454519624983954,-0.4736736092984604,-0.3866707201133388,-0.5609748304808925,0.8119223343984152,-0.2734755972512319,-0.3336984726090332,-0.19308082769342225,-0.2734755972512319,-0.15911145683514602,0.6130741277011017,0.40448028282405557,0.8184370534334368,-0.4357668312169326,0.7376951317802901,-0.3075623426146228,0.6158384251930635,1.9602018529600023,-1.1079259903080172
-0.10463740114712752,-0.47454519624983954,-0.4736736092984604,-0.4902797934380587,-0.5609748304808925,0.8119223343984152,-0.2734755972512319,-0.806763380796033,-0.33673343575292625,-0.2734755972512319,-0.15911145683514602,0.6130741277011017,-0.4916915806167024,-0.2764243136487601,-0.7859203137141989,0.7376951317802901,-0.3075623426146228,0.6158384251930635,-0.5101515430617262,0.9025873648130485
0.4333115021019107,0.4327933656785018,-0.4736736092984604,0.4207302360686478,0.059159876663617626,-1.2316448970959013,-0.2734755972512319,1.0620380556287106,0.18518743753380743,-0.2734755972512319,-0.15911145683514602,-0.8957174131475948,0.9237024953243316,0.21626330153822848,0.9852692911996687,-1.3555735383351195,-0.3075623426146228,0.6158384251930635,-0.5101515430617262,-1.1079259903080172
-0.8731358343600393,0.4327933656785018,-0.4736736092984604,-0.5176307525123133,0.059159876663617626,-1.2316448970959013,-0.2734755972512319,-0.9787286015064478,-0.46532510439618724,-0.2734755972512319,-0.15911145683514602,-0.31067579526748795,-0.9383206995209789,-0.7903388328914239,-0.8967081660505473,0.7376951317802901,-0.3075623426146228,0.6158384251930635,-0.5101515430617262,0.9025873648130485
-0.8731358343600393,-0.47454519624983954,-0.4736736092984604,-0.48130374989027985,-0.5609748304808925,0.8119223343984152,-0.2734755972512319,-0.7560434444325566,-0.32428827024456464,-0.2734755972512319,-0.15911145683514602,-0.31067579526748795,-0.8684264274052805,-0.7903388328914239,-0.7515643776869381,0.7376951317802901,-0.3075623426146228,0.6158384251930635,-0.5101515430617262,0.9025873648130485
-1.56478442425166,3.1548090514635256,2.0089333664952354,-0.016444159470040135,3.1598334123861687,-1.2316448970959013,3.6566333890527614,0.5322916934007406,-0.4308195410393182,3.6566333890527614,-0.15911145683514602,-1.1420507259392187,-1.027589956947545,-1.061819763708744,0.37769019186785885,0.7376951317802901,-0.3075623426146228,0.6158384251930635,-0.5101515430617262,0.9025873648130485
0.5101613454232019,-0.47454519624983954,-0.4736736092984604,-0.4894421904510968,-0.5609748304808925,0.8119223343984152,-0.2734755972512319,-0.8019236166026618,-0.33557211030396283,-0.2734755972512319,-0.15911145683514602,1.3520740660759734,-0.1745299979947353,0.295584890377857,-0.7826750495741225,0.7376951317802901,-0.3075623426146228,0.6158384251930635,-0.5101515430617262,0.9025873648130485
-2.1027333275006983,2.2474704895351842,2.0089333664952354,-0.08666388103324908,2.5396987052416584,-1.2316448970959013,3.6566333890527614,0.4146557174979072,-0.4261834118002391,3.6566333890527614,-0.15911145683514602,-1.7886756720172314,-1.4699964810766224,-1.1478445854080597,0.2540971596005704,-1.3555735383351195,-0.3075623426146228,0.6158384251930635,-0.5101515430617262,0.9025873648130485
-0.33518693111100106,-0.47454519624983954,-0.4736736092984604,-0.5064721088735089,-0.5609748304808925,0.8119223343984152,-0.2734755972512319,-0.9050797531497122,-0.35918386666774077,-0.2734755972512319,-0.15911145683514602,0.3359491508105248,-0.6523470411948966,-0.45405998443046347,-0.8503371457314686,0.7376951317802901,-0.3075623426146228,0.6158384251930635,-0.5101515430617262,0.9025873648130485
1.893458525206443,-0.47454519624983954,-0.4736736092984604,-0.12491978668775715,-0.5609748304808925,0.8119223343984152,-0.2734755972512319,0.3444394801955362,0.1698333751076099,-0.2734755972512319,-0.15911145683514602,1.3520740660759734,1.613195077797355,2.1054577624933253,0.18228697133662133,0.7376951317802901,-0.3075623426146228,0.6158384251930635,1.9602018529600023,-1.1079259903080172
-1.56478442425166,1.340131927606843,2.0089333664952354,0.04370821849987721,1.9195639980971482,-1.2316448970959013,3.6566333890527614,0.6233938271906204,-0.3640692501669855,3.6566333890527614,-0.15911145683514602,-1.1420507259392187,-1.013292826835461,-1.061819763708744,0.4762340255470369,-1.3555735383351195,-0.3075623426146228,0.6158384251930635,-0.5101515430617262,0.9025873648130485
3.8915544515600136,-0.47454519624983954,-0.4736736092984604,-0.04438103794142432,-0.5609748304808925,0.8119223343984152,-0.2734755972512319,0.4870824563024251,0.2814992836617736,-0.2734755972512319,6.284902544988268,0.4899074713052897,3.354999249690649,5.997801643018197,0.3297045770954021,0.7376951317802901,-0.3075623426146228,0.6158384251930635,-0.5101515430617262,-1.1079259903080172
0.8175607187083667,-0.47454519624983954,-0.4736736092984604,2.441497778832105,-0.5609748304808925,0.8119223343984152,-0.2734755972512319,2.14527242190355,3.728137342378884,-0.2734755972512319,-0.15911145683514602,-0.7417590926528298,2.038508201259257,0.6352153552686609,2.4875227388217573,-1.3555735383351195,-0.3075623426146228,0.6158384251930635,-0.5101515430617262,-1.1079259903080172
0.8944105620296577,-0.47454519624983954,-0.4736736092984604,2.059693773056521,-0.5609748304808925,0.8119223343984152,-0.2734755972512319,2.010033264475824,3.1987711446393017,-0.2734755972512319,-0.15911145683514602,-0.7109674285538768,2.032562880901331,0.7257089988744344,2.2809020636231456,-1.3555735383351195,-0.3075623426146228,-1.6238025415294657,-0.5101515430617262,-1.1079259903080172
-0.41203677443229225,0.4327933656785018,-0.4736736092984604,-0.12491978668775715,0.059159876663617626,-1.2316448970959013,-0.2734755972512319,0.3444394801955362,-0.19308082769342225,-0.2734755972512319,-0.15911145683514602,-0.4954257798612059,-0.1669820264386212,-0.5088030527845733,0.18228697133662133,-1.3555735383351195,-0.3075623426146228,0.6158384251930635,1.9602018529600023,-1.1079259903080172
-0.5657364610748746,-0.47454519624983954,-0.4736736092984604,-0.46720946885967163,-0.5609748304808925,0.8119223343984152,-0.2734755972512319,-0.6811127586453682,-0.30474673624758597,-0.2734755972512319,-0.15911145683514602,0.058824173919947875,-0.6790821712181808,-0.6115859566331061,-0.6994086145657414,0.7376951317802901,-0.3075623426146228,0.6158384251930635,-0.5101515430617262,0.9025873648130485
-0.9499856776813305,0.4327933656785018,-0.4736736092984604,0.49925551609632224,0.059159876663617626,-1.2316448970959013,-0.2734755972512319,1.1339105535671157,0.23962456795396225,-0.2734755972512319,-0.15911145683514602,-1.4499673669287485,-0.34833130673253293,-0.829441024572931,1.0741326591591556,-1.3555735383351195,-0.3075623426146228,0.6158384251930635,-0.5101515430617262,-1.1079259903080172
1.2018099353148226,0.4327933656785018,4.491540342288931,-0.08666388103324908,2.5396987052416584,-1.2316448970959013,3.6566333890527614,0.4146557174979072,-0.4261834118002391,-0.2734755972512319,-0.15911145683514602,2.183448996747704,1.1342389370651351,1.1100276828298177,0.2540971596005704,-1.3555735383351195,-0.3075623426146228,0.6158384251930635,-0.5101515430617262,0.9025873648130485
-0.719436147717457,-0.47454519624983954,-0.4736736092984604,-0.5064721088735089,-0.5609748304808925,0.8119223343984152,-0.2734755972512319,-0.9050797531497122,-0.35918386666774077,-0.2734755972512319,-0.15911145683514602,-0.12592581067377007,-0.8401023749213977,-0.705431216668723,-0.8503371457314686,0.7376951317802901,-0.3075623426146228,0.6158384251930635,-0.5101515430617262,0.9025873648130485
1.7397588385638607,0.4327933656785018,-0.4736736092984604,0.9274538680872313,0.059159876663617626,-1.2316448970959013,-0.2734755972512319,1.4564440718289613,0.5364702401350665,-0.2734755972512319,-0.15911145683514602,-0.37225912346539397,2.502811886340565,1.8686102014510542,1.4918337917741746,-1.3555735383351195,-0.3075623426146228,-1.6238025415294657,-0.5101515430617262,-1.1079259903080172
0.4333115021019107,-0.47454519624983954,-0.4736736092984604,-0.5064721088735089,-0.5609748304808925,0.8119223343984152,-0.2734755972512319,-0.9050797531497122,-0.35918386666774077,-0.2734755972512319,-0.15911145683514602,1.2596990737791145,-0.2768363737418945,0.21626330153822848,-0.8503371457314686,0.7376951317802901,-0.3075623426146228,0.6158384251930635,-0.5101515430617262,0.9025873648130485
0.04906228549545483,-0.47454519624983954,-0.4736736092984604,-0.5028639729296732,-0.5609748304808925,0.8119223343984152,-0.2734755972512319,-0.8823470582632056,-0.3541812339645143,-0.2734755972512319,-0.15911145683514602,0.7978241122948195,-0.4526998419664558,-0.14682847836147966,-0.8356982467161812,0.7376951317802901,-0.3075623426146228,-1.6238025415294657,-0.5101515430617262,0.9025873648130485
-0.10463740114712752,1.340131927606843,-0.4736736092984604,-0.21191774308354583,0.6792945838081278,-1.2316448970959013,-0.2734755972512319,0.1643797141666741,-0.35425940010050216,-0.2734755972512319,-0.15911145683514602,0.6130741277011017,-0.01753796247543955,-0.2764243136487601,0.004842176413098188,0.7376951317802901,-0.3075623426146228,-1.6238025415294657,-0.5101515430617262,0.9025873648130485
0.6638610320657843,0.4327933656785018,-0.4736736092984604,1.163700193253568,0.059159876663617626,-1.2316448970959013,-0.2734755972512319,1.5989745568795648,0.7002464407398876,-0.2734755972512319,-0.15911145683514602,-0.8033424208507358,1.4950413253891377,0.46093130091680107,1.6862783548369762,0.7376951317802901,-0.3075623426146228,0.6158384251930635,-0.5101515430617262,-1.1079259903080172
-0.10463740114712752,0.4327933656785018,-0.4736736092984604,-0.3573908580066095,0.059159876663617626,-1.2316448970959013,-0.2734755972512319,-0.23166125968823223,-0.3542398585665052,-0.2734755972512319,-0.15911145683514602,0.6130741277011017,-0.21090211412263227,-0.2764243136487601,-0.3515131512606226,-1.3555735383351195,-0.3075623426146228,-1.6238025415294657,-0.5101515430617262,0.9025873648130485
0.7407108753870755,-0.47454519624983954,-0.4736736092984604,-0.6484216535389205,-0.5609748304808925,0.8119223343984152,-0.2734755972512319,-3.0585777291682934,-0.5559950304944544,-0.2734755972512319,-0.15911145683514602,-0.7725507567517828,-1.5911237098274018,0.5469561226161165,-1.5400776793270476,0.7376951317802901,-0.3075623426146228,0.6158384251930635,-0.5101515430617262,-1.1079259903080172
0.12591212881674602,0.4327933656785018,-0.4736736092984604,1.6323350375212924,0.059159876663617626,-1.2316448970959013,-0.2734755972512319,1.834129231109428,1.0251244434396578,-0.2734755972512319,-0.15911145683514602,-1.0188840695434067,1.053651162484319,-0.07867894428799597,2.020293061687462,-1.3555735383351195,-0.3075623426146228,-1.6238025415294657,-0.5101515430617262,-1.1079259903080172
-0.5657364610748746,-0.47454519624983954,-0.4736736092984604,-0.4969926981460655,-0.5609748304808925,0.8119223343984152,-0.2734755972512319,-0.8463932397472813,-0.3460407892309157,-0.2734755972512319,-0.15911145683514602,0.058824173919947875,-0.7424869599975104,-0.6115859566331061,-0.8122316807132015,0.7376951317802901,-0.3075623426146228,0.6158384251930635,-0.5101515430617262,0.9025873648130485
-0.719436147717457,-0.47454519624983954,-0.4736736092984604,-0.4888542575852486,-0.5609748304808925,0.8119223343984152,-0.2734755972512319,-0.798539974052802,-0.3347569491715175,-0.2734755972512319,-0.15911145683514602,-0.12592581067377007,-0.8029471753303199,-0.705431216668723,-0.7804020374400552,0.7376951317802901,-0.3075623426146228,0.6158384251930635,-0.5101515430617262,0.9025873648130485
-0.5657364610748746,-0.47454519624983954,-0.4736736092984604,2.4029901895877646,-0.5609748304808925,0.8119223343984152,-0.2734755972512319,2.132408321022389,3.6747470798514246,-0.2734755972512319,-0.15911145683514602,-1.2960090464339835,0.4002389234035642,-0.6115859566331061,2.467634611104368,-1.3555735383351195,-0.3075623426146228,0.6158384251930635,-0.5101515430617262,-1.1079259903080172
-0.2583370877897099,-0.47454519624983954,-0.4736736092984604,-0.4902797934380587,-0.5609748304808925,0.8119223343984152,-0.2734755972512319,-0.806763380796033,-0.33673343575292625,-0.2734755972512319,-0.15911145683514602,0.4283241431073837,-0.5702224469888952,-0.39708250512312465,-0.7859203137141989,-1.3555735383351195,-0.3075623426146228,0.6158384251930635,-0.5101515430617262,0.9025873648130485
-1.1036853643239128,-0.47454519624983954,-0.4736736092984604,-0.5029485386158568,-0.5609748304808925,0.8119223343984152,-0.2734755972512319,-0.8828741679067217,-0.35429848316849616,-0.2734755972512319,-0.15911145683514602,-0.5878007721580649,-1.0220496459782535,-0.9009421750762581,-0.8360394239927292,-1.3555735383351195,-0.3075623426146228,-1.6238025415294657,-0.5101515430617262,0.9025873648130485
0.20276197213803718,0.4327933656785018,-0.4736736092984604,-0.32928686163157667,0.059159876663617626,-1.2316448970959013,-0.2734755972512319,-0.1423794216910609,-0.3347569491715175,-0.2734755972512319,-0.15911145683514602,0.9825740968885375,0.03609092988640597,-0.008294999261283314,-0.27525128466658394,0.7376951317802901,-0.3075623426146228,0.6158384251930635,-0.5101515430617262,0.9025873648130485
0.04906228549545483,-0.47454519624983954,-0.4736736092984604,1.093228788100527,-0.5609748304808925,0.8119223343984152,-0.2734755972512319,1.5584783893656837,1.8587802419893367,-0.2734755972512319,-0.15911145683514602,-1.0496757336423597,0.8241381256316459,-0.14682847836147966,1.6304176618773742,-1.3555735383351195,-0.3075623426146228,0.6158384251930635,-0.5101515430617262,-1.1079259903080172
0.35646165878061953,-0.47454519624983954,0.7676298785983874,-0.18532384824750675,0.059159876663617626,-1.2316448970959013,-0.2734755972512319,0.2228261499229997,-0.23495554340123365,-0.2734755972512319,-0.15911145683514602,0.12040750211785385,0.35430990257612033,0.1391761236518289,0.0613826579847014,-1.3555735383351195,-0.3075623426146228,0.6158384251930635,1.9602018529600023,-1.1079259903080172
-0.10463740114712752,-0.47454519624983954,-0.4736736092984604,-0.49237782784290063,-0.5609748304808925,0.8119223343984152,-0.2734755972512319,-0.8189865811572414,-0.33964233267076216,-0.2734755972512319,-0.15911145683514602,0.6130741277011017,-0.49765947011372363,-0.2764243136487601,-0.7940854607477059,-1.3555735383351195,3.2513733362117265,-1.6238025415294657,-0.5101515430617262,0.9025873648130485
-2.1795831708219895,0.4327933656785018,2.0089333664952354,-0.23415046467497105,1.299429290952638,-1.2316448970959013,-0.2734755972512319,0.11284358066326507,-0.4123996512130844,3.6566333890527614,-0.15911145683514602,-1.8810506643140903,-1.5358228669154768,-1.1511962018379032,-0.04417034017109106,0.7376951317802901,-0.3075623426146228,0.6158384251930635,-0.5101515430617262,0.9025873648130485
-0.10463740114712752,-0.47454519624983954,-0.4736736092984604,-0.3766033765200472,-0.5609748304808925,0.8119223343984152,-0.2734755972512319,-0.29746598596845064,-0.17912258912415177,-0.2734755972512319,-0.15911145683514602,-0.249092467069582,-0.24303079754570614,-0.2764243136487601,-0.40620372632086454,0.7376951317802901,-0.3075623426146228,0.6158384251930635,1.9602018529600023,-1.1079259903080172
0.04906228549545483,-0.47454519624983954,-0.4736736092984604,1.2341715984066093,-0.5609748304808925,0.8119223343984152,-0.2734755972512319,1.6379421972192298,2.054195581959123,-0.2734755972512319,-0.15911145683514602,-1.0496757336423597,0.8657070166049403,-0.14682847836147966,1.7404911299772599,-1.3555735383351195,-0.3075623426146228,0.6158384251930635,-0.5101515430617262,-1.1079259903080172
-0.5657364610748746,-0.47454519624983954,-0.4736736092984604,-0.5024451714361923,-0.5609748304808925,0.8119223343984152,-0.2734755972512319,-0.8797405693934278,-0.35360057124003264,-0.2734755972512319,-0.15911145683514602,0.058824173919947875,-0.7552796405274325,-0.6115859566331061,-0.8340099545272707,0.7376951317802901,-0.3075623426146228,0.6158384251930635,-0.5101515430617262,0.9025873648130485
-0.6425863043961658,1.340131927606843,2.0089333664952354,0.04370821849987721,1.9195639980971482,-1.2316448970959013,3.6566333890527614,0.6233938271906204,-0.3640692501669855,-0.2734755972512319,-0.15911145683514602,-0.03355081837691109,-0.2428516495128733,-0.659625792127529,0.4762340255470369,-1.3555735383351195,-0.3075623426146228,0.6158384251930635,-0.5101515430617262,0.9025873648130485
0.5101613454232019,-0.47454519624983954,-0.4736736092984604,-0.3891875560116617,-0.5609748304808925,0.8119223343984152,-0.2734755972512319,-0.3429588030007618,-0.19657038733573987,-0.2734755972512319,-0.15911145683514602,0.2435741585136658,0.11358091155077644,0.295584890377857,-0.4432599387331557,0.7376951317802901,-0.3075623426146228,-1.6238025415294657,1.9602018529600023,-1.1079259903080172
0.8175607187083667,-0.47454519624983954,-0.4736736092984604,-0.4894421904510968,-0.5609748304808925,0.8119223343984152,-0.2734755972512319,-0.8019236166026618,-0.33557211030396283,-0.2734755972512319,-0.15911145683514602,1.7215740352634092,-0.017130696679994385,0.6352153552686609,-0.7826750495741225,0.7376951317802901,-0.3075623426146228,0.6158384251930635,-0.5101515430617262,0.9025873648130485
-2.1795831708219895,-0.47454519624983954,2.0089333664952354,0.09664633805084172,0.6792945838081278,-1.2316448970959013,-0.2734755972512319,0.6974165471111633,-0.2116527293844556,3.6566333890527614,-0.15911145683514602,-1.9118423284130432,-1.5256295262552886,-1.1511962018379032,0.55812122732631,0.7376951317802901,-0.3075623426146228,-1.6238025415294657,1.9602018529600023,-1.1079259903080172
0.8175607187083667,0.4327933656785018,0.7676298785983874,-0.3363340021468808,0.6792945838081278,-1.2316448970959013,-0.2734755972512319,-0.16405229962564447,-0.41175989861199286,-0.2734755972512319,-0.15911145683514602,1.7215740352634092,0.4277779805596418,0.6352153552686609,-0.29398153689551876,0.7376951317802901,3.2513733362117265,-1.6238025415294657,-0.5101515430617262,0.9025873648130485
-0.10463740114712752,-0.47454519624983954,-0.4736736092984604,-0.4894421904510968,-0.5609748304808925,0.8119223343984152,-0.2734755972512319,-0.8019236166026618,-0.33557211030396283,-0.2734755972512319,-0.15911145683514602,0.6130741277011017,-0.4893286006242167,-0.2764243136487601,-0.7826750495741225,-1.3555735383351195,-0.3075623426146228,0.6158384251930635,-0.5101515430617262,0.9025873648130485
0.8175607187083667,-0.47454519624983954,-0.4736736092984604,-0.3866707201133388,-0.5609748304808925,0.8119223343984152,-0.2734755972512319,-0.3336984726090332,-0.19308082769342225,-0.2734755972512319,-0.15911145683514602,0.4899074713052897,0.30945152126922437,0.6352153552686609,-0.4357668312169326,-1.3555735383351195,-0.3075623426146228,0.6158384251930635,1.9602018529600023,-1.1079259903080172
-0.10463740114712752,-0.47454519624983954,-0.4736736092984604,-0.49271407711891657,-0.5609748304808925,0.8119223343984152,-0.2734755972512319,-0.8209591021193487,-0.34010853783897577,-0.2734755972512319,-0.15911145683514602,0.6130741277011017,-0.4986225392596546,-0.2764243136487601,-0.7953989480637645,-1.3555735383351195,3.2513733362117265,-1.6238025415294657,-0.5101515430617262,0.9025873648130485
-0.1814872444684187,-0.47454519624983954,-0.4736736092984604,-0.4894421904510968,-0.5609748304808925,0.8119223343984152,-0.2734755972512319,-0.8019236166026618,-0.33557211030396283,-0.2734755972512319,-0.15911145683514602,0.5206991354042427,-0.5286784259529018,-0.3378706148625569,-0.7826750495741225,0.7376951317802901,-0.3075623426146228,0.6158384251930635,-0.5101515430617262,0.9025873648130485
-0.41203677443229225,-0.47454519624983954,-0.4736736092984604,1.0259447039291216,-0.5609748304808925,0.8119223343984152,-0.2734755972512319,1.5182728441543658,1.7654917503354741,-0.2734755972512319,-0.15911145683514602,-1.2344257182360776,0.3242599861983812,-0.5088030527845733,1.5754404311067285,-1.3555735383351195,-0.3075623426146228,-1.6238025415294657,-0.5101515430617262,-1.1079259903080172
-1.8721837975368247,0.4327933656785018,2.0089333664952354,-0.08968408411123653,1.299429290952638,-1.2316448970959013,-0.2734755972512319,0.40928266156909443,-0.36232447034582665,3.6566333890527614,-0.15911145683514602,-1.6655090156214194,-1.288774094350357,-1.1243832703991554,0.2485503138398451,-1.3555735383351195,-0.3075623426146228,0.6158384251930635,1.9602018529600023,-1.1079259903080172
0.35646165878061953,-0.47454519624983954,-0.4736736092984604,-0.5176307525123133,-0.5609748304808925,0.8119223343984152,-0.2734755972512319,-0.9787286015064478,-0.3746551782979202,-0.2734755972512319,-0.15911145683514602,1.1673240814822554,-0.3580513570263807,0.1391761236518289,-0.8967081660505473,0.7376951317802901,-0.3075623426146228,0.6158384251930635,-0.5101515430617262,0.9025873648130485
-0.48888661775358344,0.4327933656785018,-0.4736736092984604,1.6323350375212924,0.059159876663617626,-1.2316448970959013,-0.2734755972512319,1.834129231109428,1.0251244434396578,-0.2734755972512319,-0.15911145683514602,-1.2652173823350306,0.37112861479097176,-0.5613117101854542,2.020293061687462,-1.3555735383351195,-0.3075623426146228,-1.6238025415294657,-0.5101515430617262,-1.1079259903080172
3.1614809400077477,-0.47454519624983954,-0.4736736092984604,-0.49237782784290063,-0.5609748304808925,0.8119223343984152,-0.2734755972512319,-0.8189865811572414,-0.33964233267076216,-0.2734755972512319,6.284902544988268,4.539011300317608,1.1620630365945381,4.400477112828634,-0.7940854607477059,0.7376951317802901,3.2513733362117265,-1.6238025415294657,-0.5101515430617262,0.9025873648130485
-0.9499856776813305,3.1548090514635256,2.0089333664952354,-0.4888542575852486,3.1598334123861687,-1.2316448970959013,3.6566333890527614,-0.798539974052802,-0.5243895903054634,-0.2734755972512319,-0.15911145683514602,-0.4030507875643469,-0.9211736555048822,-0.829441024572931,-0.7804020374400552,-1.3555735383351195,-0.3075623426146228,0.6158384251930635,-0.5101515430617262,0.9025873648130485
-1.0268355210026217,-0.47454519624983954,0.7676298785983874,0.5189714017894245,0.059159876663617626,-1.2316448970959013,-0.2734755972512319,1.1511968252901217,0.25329247516099185,-0.2734755972512319,-0.15911145683514602,-1.4807590310277015,-0.41661394357706827,-0.866308805301209,1.0957346815113462,-1.3555735383351195,-0.3075623426146228,-1.6238025415294657,-0.5101515430617262,-1.1079259903080172
-0.7962859910387481,-0.47454519624983954,-0.4736736092984604,-0.4841568350646187,-0.5609748304808925,0.8119223343984152,-0.2734755972512319,-0.7718965778779472,-0.32824403505509586,-0.2734755972512319,-0.15911145683514602,-0.218300802970629,-0.8335288421389478,-0.7490022302566879,-0.7623849535414248,0.7376951317802901,-0.3075623426146228,0.6158384251930635,-0.5101515430617262,0.9025873648130485
-0.33518693111100106,-0.47454519624983954,-0.4736736092984604,-0.5024451714361923,-0.5609748304808925,0.8119223343984152,-0.2734755972512319,-0.8797405693934278,-0.35360057124003264,-0.2734755972512319,-0.15911145683514602,0.3359491508105248,-0.6413009038047093,-0.45405998443046347,-0.8340099545272707,0.7376951317802901,-0.3075623426146228,0.6158384251930635,-0.5101515430617262,0.9025873648130485
-0.33518693111100106,0.4327933656785018,2.0089333664952354,2.4029901895877646,1.299429290952638,-1.2316448970959013,-0.2734755972512319,2.132408321022389,0.5016904970920153,-0.2734755972512319,-0.15911145683514602,-1.2036340541371247,0.671788373389605,-0.45405998443046347,2.467634611104368,-1.3555735383351195,-0.3075623426146228,0.6158384251930635,-0.5101515430617262,-1.1079259903080172
0.9712604053509489,0.4327933656785018,-0.4736736092984604,0.39858208016340624,0.059159876663617626,-1.2316448970959013,-0.2734755972512319,1.0408277503255374,0.1698333751076099,-0.2734755972512319,-0.15911145683514602,-0.6801757644549238,1.4111340682677416,0.8184370534334368,0.9593384459327382,0.7376951317802901,-0.3075623426146228,0.6158384251930635,-0.5101515430617262,-1.1079259903080172
-0.6425863043961658,-0.47454519624983954,-0.4736736092984604,-0.4888542575852486,-0.5609748304808925,0.8119223343984152,-0.2734755972512319,-0.798539974052802,-0.3347569491715175,-0.2734755972512319,-0.15911145683514602,-0.03355081837691109,-0.7635383486054659,-0.659625792127529,-0.7804020374400552,0.7376951317802901,-0.3075623426146228,0.6158384251930635,-0.5101515430617262,0.9025873648130485
-0.10463740114712752,-0.47454519624983954,-0.4736736092984604,-0.4894421904510968,-0.5609748304808925,0.8119223343984152,-0.2734755972512319,-0.8019236166026618,-0.33557211030396283,-0.2734755972512319,-0.15911145683514602,0.6130741277011017,-0.4893286006242167,-0.2764243136487601,-0.7826750495741225,0.7376951317802901,-0.3075623426146228,0.6158384251930635,-0.5101515430617262,0.9025873648130485
-0.10463740114712752,-0.47454519624983954,-0.4736736092984604,-0.6484216535389205,-0.5609748304808925,0.8119223343984152,-0.2734755972512319,-3.0585777291682934,-0.5559950304944544,-0.2734755972512319,-0.15911145683514602,-0.249092467069582,-1.5911237098274018,-0.2764243136487601,-1.5400776793270476,0.7376951317802901,-0.3075623426146228,0.6158384251930635,1.9602018529600023,-1.1079259903080172
-1.1036853643239128,-0.47454519624983954,0.7676298785983874,3.6067927997556075,0.059159876663617626,-1.2316448970959013,-0.2734755972512319,2.4738467350641637,2.3939042131387427,-0.2734755972512319,-0.15911145683514602,-1.5115506951266544,-0.14407029278300934,-0.9009421750762581,3.0121900816974234,-1.3555735383351195,-0.3075623426146228,0.6158384251930635,-0.5101515430617262,-1.1079259903080172
1.2018099353148226,-0.47454519624983954,-0.4736736092984604,-0.5079822104125026,-0.5609748304808925,0.8119223343984152,-0.2734755972512319,-0.9147445967366699,-0.3612776024531314,-0.2734755972512319,-0.15911145683514602,2.183448996747704,0.0910905236868854,1.1100276828298177,-0.8565143286241941,0.7376951317802901,-0.3075623426146228,0.6158384251930635,-0.5101515430617262,0.9025873648130485
-0.10463740114712752,0.4327933656785018,-0.4736736092984604,-0.2463983948905696,0.059159876663617626,-1.2316448970959013,-0.2734755972512319,0.0833137463231359,-0.27729506845340174,-0.2734755972512319,-0.15911145683514602,0.6130741277011017,-0.05711783712059962,-0.2764243136487601,-0.07189812210727807,0.7376951317802901,-0.3075623426146228,0.6158384251930635,-0.5101515430617262,0.9025873648130485
-0.33518693111100106,0.4327933656785018,-0.4736736092984604,-0.4918744606632361,0.059159876663617626,-1.2316448970959013,-0.2734755972512319,-0.8160407306065733,-0.44746972561837656,-0.2734755972512319,-0.15911145683514602,0.3359491508105248,-0.6135321651689248,-0.45405998443046347,-0.7921216854519817,0.7376951317802901,-0.3075623426146228,0.6158384251930635,-0.5101515430617262,0.9025873648130485
0.27961181545932834,-0.47454519624983954,-0.4736736092984604,-0.5477482176060045,-0.5609748304808925,0.8119223343984152,-0.2734755972512319,-1.208550389612567,-0.4164126448017497,-0.2734755972512319,-0.15911145683514602,-0.9573007413455007,-0.5265643143215206,0.06432335671865831,-1.0310362781374662,0.7376951317802901,-0.3075623426146228,0.6158384251930635,-0.5101515430617262,-1.1079259903080172
-0.10463740114712752,-0.47454519624983954,-0.4736736092984604,-0.3866707201133388,-0.5609748304808925,0.8119223343984152,-0.2734755972512319,-0.3336984726090332,-0.19308082769342225,-0.2734755972512319,-0.15911145683514602,-0.249092467069582,-0.2607210480597635,-0.2764243136487601,-0.4357668312169326,-1.3555735383351195,-0.3075623426146228,0.6158384251930635,1.9602018529600023,-1.1079259903080172
0.20276197213803718,1.340131927606843,-0.4736736092984604,0.8314778546749452,0.6792945838081278,-1.2316448970959013,-0.2734755972512319,1.3924082286355355,0.1279586593997985,-0.2734755972512319,-0.15911145683514602,-0.002759154277958102,0.8924897992842452,-0.008294999261283314,1.406441424049901,0.7376951317802901,-0.3075623426146228,0.6158384251930635,1.9602018529600023,-1.1079259903080172
-0.2583370877897099,-0.47454519624983954,-0.4736736092984604,-0.04438103794142432,-0.5609748304808925,0.8119223343984152,-0.2734755972512319,0.4870824563024251,0.2814992836617736,-0.2734755972512319,-0.15911145683514602,-1.1728423900381717,0.016366252015964693,-0.39708250512312465,0.3297045770954021,0.7376951317802901,-0.3075623426146228,-1.6238025415294657,-0.5101515430617262,-1.1079259903080172
0.5870111887444931,1.340131927606843,-0.4736736092984604,-0.4888542575852486,0.6792945838081278,-1.2316448970959013,-0.2734755972512319,-0.798539974052802,-0.48224900338680876,-0.2734755972512319,-0.15911145683514602,1.4444490583728322,-0.1329971210078002,0.37714089017071456,-0.7804020374400552,0.7376951317802901,-0.3075623426146228,0.6158384251930635,-0.5101515430617262,0.9025873648130485
1.5860591519212783,-0.47454519624983954,-0.4736736092984604,-0.07030444769415023,-0.5609748304808925,0.8119223343984152,-0.2734755972512319,0.4432836100273541,0.24555681934590215,-0.2734755972512319,-0.15911145683514602,-0.43384245166329993,1.4620165843659259,1.640700284221699,0.28379578200759153,-1.3555735383351195,-0.3075623426146228,-1.6238025415294657,-0.5101515430617262,-1.1079259903080172
1.5860591519212783,0.4327933656785018,-0.4736736092984604,1.4944124302931971,0.059159876663617626,-1.2316448970959013,-0.2734755972512319,1.7703041212742283,0.929510509240155,-0.2734755972512319,-0.15911145683514602,-0.43384245166329993,2.618995516901124,1.640700284221699,1.9280092271873317,0.7376951317802901,-0.3075623426146228,-1.6238025415294657,-0.5101515430617262,-1.1079259903080172
-0.10463740114712752,-0.47454519624983954,-0.4736736092984604,-0.48457563655809965,-0.5609748304808925,0.8119223343984152,-0.2734755972512319,-0.774244266805356,-0.32882469777957757,-0.2734755972512319,-0.15911145683514602,0.6130741277011017,-0.47581435754071494,-0.2764243136487601,-0.7639810163369396,-1.3555735383351195,3.2513733362117265,-1.6238025415294657,-0.5101515430617262,0.9025873648130485
0.35646165878061953,0.4327933656785018,-0.4736736092984604,-0.22559322262067316,0.059159876663617626,-1.2316448970959013,-0.2734755972512319,0.1329851701219792,-0.2628720205397746,-0.2734755972512319,-0.15911145683514602,0.12040750211785385,0.3010462177886893,0.1391761236518289,-0.025109089273130138,0.7376951317802901,-0.3075623426146228,0.6158384251930635,1.9602018529600023,-1.1079259903080172
-0.10463740114712752,-0.47454519624983954,-0.4736736092984604,-0.48977642625839407,-0.5609748304808925,0.8119223343984152,-0.2734755972512319,-0.8038521494426432,-0.3360355238244626,-0.2734755972512319,-0.15911145683514602,0.6130741277011017,-0.4902701928864946,-0.2764243136487601,-0.7839690464616976,-1.3555735383351195,3.2513733362117265,-1.6238025415294657,-0.5101515430617262,0.9025873648130485
0.4333115021019107,-0.47454519624983954,-0.4736736092984604,9.667166525013505,-0.5609748304808925,0.8119223343984152,-0.2734755972512319,3.3852937438182273,13.746431368712512,-0.2734755972512319,-0.15911145683514602,-0.8957174131475948,2.341593556044676,0.21626330153822848,4.635684335422185,-1.3555735383351195,-0.3075623426146228,-1.6238025415294657,-0.5101515430617262,-1.1079259903080172
1.432359465278696,0.4327933656785018,3.250236854392083,0.04370821849987721,1.9195639980971482,-1.2316448970959013,3.6566333890527614,0.6233938271906204,-0.3640692501669855,-0.2734755972512319,-0.15911145683514602,2.460573973638281,1.4906409994629493,1.4217280108052595,0.4762340255470369,-1.3555735383351195,-0.3075623426146228,0.6158384251930635,-0.5101515430617262,0.9025873648130485
1.3555096219574048,-0.47454519624983954,-0.4736736092984604,0.12676380314453292,-0.5609748304808925,0.8119223343984152,-0.2734755972512319,0.7372759377222563,0.5187893393393715,-0.2734755972512319,-0.15911145683514602,-0.5262174439601589,1.5197696977546893,1.3155934905268833,0.6028905686074085,0.7376951317802901,-0.3075623426146228,0.6158384251930635,-0.5101515430617262,-1.1079259903080172
-0.10463740114712752,-0.47454519624983954,-0.4736736092984604,-0.11384570873513637,-0.5609748304808925,0.8119223343984152,-0.2734755972512319,0.36526093570402607,0.18518743753380743,-0.2734755972512319,-0.15911145683514602,-1.1112590618402656,0.08054084640723068,-0.2764243136487601,0.20342812254316164,0.7376951317802901,-0.3075623426146228,0.6158384251930635,-0.5101515430617262,-1.1079259903080172
