Pclass,Age,SibSp,Parch,FamilySize,IsAlone,Fare_Log,Sex_male,Embarked_Q,Embarked_S
0.8273772438659699,-0.10463740114712752,-0.47454519624983954,-0.4736736092984604,-0.5609748304808925,0.8119223343984152,1.1248955097361595,0.7376951317802901,-0.3075623426146228,0.6158384251930635
-0.3693648410115938,-0.10463740114712752,-0.47454519624983954,-0.4736736092984604,-0.5609748304808925,0.8119223343984152,-3.0585777291682934,0.7376951317802901,-0.3075623426146228,0.6158384251930635
-1.5661069258891576,-0.10463740114712752,-0.47454519624983954,-0.4736736092984604,-0.5609748304808925,0.8119223343984152,2.523411982756633,0.7376951317802901,-0.3075623426146228,0.6158384251930635
0.8273772438659699,-0.8731358343600393,-0.47454519624983954,0.7676298785983874,0.059159876663617626,-1.2316448970959013,-0.6455926003653025,-1.3555735383351195,-0.3075623426146228,0.6158384251930635
-0.3693648410115938,0.12591212881674602,0.4327933656785018,0.7676298785983874,0.6792945838081278,-1.2316448970959013,0.35395586016517094,-1.3555735383351195,-0.3075623426146228,0.6158384251930635
0.8273772438659699,-0.6425863043961658,-0.47454519624983954,-0.4736736092984604,-0.5609748304808925,0.8119223343984152,-0.741349052303618,0.7376951317802901,-0.3075623426146228,0.6158384251930635
0.8273772438659699,-0.2583370877897099,-0.47454519624983954,-0.4736736092984604,-0.5609748304808925,0.8119223343984152,1.1248955097361595,0.7376951317802901,-0.3075623426146228,0.6158384251930635
-1.5661069258891576,-0.10463740114712752,-0.47454519624983954,-0.4736736092984604,-0.5609748304808925,0.8119223343984152,2.5497045522452972,0.7376951317802901,-0.3075623426146228,-1.6238025415294657
0.8273772438659699,-0.10463740114712752,-0.47454519624983954,-0.4736736092984604,-0.5609748304808925,0.8119223343984152,-0.8189865811572414,0.7376951317802901,3.2513733362117265,-1.6238025415294657
0.8273772438659699,0.12591212881674602,0.4327933656785018,-0.4736736092984604,0.059159876663617626,-1.2316448970959013,-0.01838583697289204,-1.3555735383351195,-0.3075623426146228,0.6158384251930635
-1.5661069258891576,2.0471582118490255,-0.47454519624983954,-0.4736736092984604,-0.5609748304808925,0.8119223343984152,0.6557188297748954,0.7376951317802901,-0.3075623426146228,-1.6238025415294657
0.8273772438659699,-0.6425863043961658,0.4327933656785018,-0.4736736092984604,0.059159876663617626,-1.2316448970959013,-0.5992616204389827,-1.3555735383351195,-0.3075623426146228,0.6158384251930635
0.8273772438659699,-0.10463740114712752,6.784163299176891,2.0089333664952354,5.64037224096421,-1.2316448970959013,1.3361591794576348,0.7376951317802901,-0.3075623426146228,0.6158384251930635
-1.5661069258891576,2.0471582118490255,-0.47454519624983954,-0.4736736092984604,-0.5609748304808925,0.8119223343984152,0.36526093570402607,0.7376951317802901,-0.3075623426146228,0.6158384251930635
0.8273772438659699,-0.6425863043961658,-0.47454519624983954,-0.4736736092984604,-0.5609748304808925,0.8119223343984152,-0.8131032608653792,0.7376951317802901,-0.3075623426146228,0.6158384251930635
-1.5661069258891576,0.27961181545932834,0.4327933656785018,-0.4736736092984604,0.059159876663617626,-1.2316448970959013,1.5989745568795648,-1.3555735383351195,3.2513733362117265,-1.6238025415294657
0.8273772438659699,-0.6425863043961658,-0.47454519624983954,-0.4736736092984604,-0.5609748304808925,0.8119223343984152,-0.8209591021193487,0.7376951317802901,3.2513733362117265,-1.6238025415294657
0.8273772438659699,-0.10463740114712752,-0.47454519624983954,-0.4736736092984604,-0.5609748304808925,0.8119223343984152,-0.8797405693934278,0.7376951317802901,-0.3075623426146228,0.6158384251930635
0.8273772438659699,1.0481102486722402,-0.47454519624983954,-0.4736736092984604,-0.5609748304808925,0.8119223343984152,-0.9850567418873891,0.7376951317802901,-0.3075623426146228,0.6158384251930635
0.8273772438659699,-0.10463740114712752,2.2474704895351842,0.7676298785983874,1.9195639980971482,-1.2316448970959013,0.32384119624754826,-1.3555735383351195,-0.3075623426146228,0.6158384251930635
0.8273772438659699,0.04906228549545483,0.4327933656785018,-0.4736736092984604,0.059159876663617626,-1.2316448970959013,-0.12717266791993012,0.7376951317802901,-0.3075623426146228,0.6158384251930635
-1.5661069258891576,0.20276197213803718,-0.47454519624983954,-0.4736736092984604,-0.5609748304808925,0.8119223343984152,1.4303920040723752,-1.3555735383351195,-0.3075623426146228,-1.6238025415294657
-1.5661069258891576,-0.10463740114712752,-0.47454519624983954,-0.4736736092984604,-0.5609748304808925,0.8119223343984152,1.4685301291949246,-1.3555735383351195,-0.3075623426146228,-1.6238025415294657
-0.3693648410115938,-0.7962859910387481,-0.47454519624983954,-0.4736736092984604,-0.5609748304808925,0.8119223343984152,-0.5368057694182641,0.7376951317802901,-0.3075623426146228,0.6158384251930635
0.8273772438659699,-0.41203677443229225,-0.47454519624983954,-0.4736736092984604,-0.5609748304808925,0.8119223343984152,-0.8019236166026618,0.7376951317802901,-0.3075623426146228,0.6158384251930635
-0.3693648410115938,1.2018099353148226,-0.47454519624983954,-0.4736736092984604,-0.5609748304808925,0.8119223343984152,-0.29746598596845064,-1.3555735383351195,-0.3075623426146228,0.6158384251930635
0.8273772438659699,-0.48888661775358344,-0.47454519624983954,-0.4736736092984604,-0.5609748304808925,0.8119223343984152,-0.8019236166026618,0.7376951317802901,-0.3075623426146228,0.6158384251930635
0.8273772438659699,0.9712604053509489,-0.47454519624983954,0.7676298785983874,0.059159876663617626,-1.2316448970959013,-0.7445391097425902,0.7376951317802901,-0.3075623426146228,0.6158384251930635
-1.5661069258891576,0.7407108753870755,0.4327933656785018,0.7676298785983874,0.6792945838081278,-1.2316448970959013,1.5182728441543658,-1.3555735383351195,-0.3075623426146228,-1.6238025415294657
0.8273772438659699,-1.0268355210026217,-0.47454519624983954,-0.4736736092984604,-0.5609748304808925,0.8119223343984152,-0.7841792430073967,0.7376951317802901,-0.3075623426146228,0.6158384251930635
0.8273772438659699,-0.10463740114712752,-0.47454519624983954,-0.4736736092984604,-0.5609748304808925,0.8119223343984152,-0.8019236166026618,0.7376951317802901,-0.3075623426146228,0.6158384251930635
-0.3693648410115938,2.8156566450619374,-0.47454519624983954,-0.4736736092984604,-0.5609748304808925,0.8119223343984152,-0.5368057694182641,0.7376951317802901,-0.3075623426146228,0.6158384251930635
-1.5661069258891576,-0.10463740114712752,-0.47454519624983954,-0.4736736092984604,-0.5609748304808925,0.8119223343984152,0.36526093570402607,0.7376951317802901,-0.3075623426146228,0.6158384251930635
-0.3693648410115938,1.6629089952425695,-0.47454519624983954,-0.4736736092984604,-0.5609748304808925,0.8119223343984152,-0.3693384839068557,0.7376951317802901,-0.3075623426146228,0.6158384251930635
-0.3693648410115938,1.3555096219574048,-0.47454519624983954,-0.4736736092984604,-0.5609748304808925,0.8119223343984152,-0.19582465009716046,0.7376951317802901,-0.3075623426146228,0.6158384251930635
0.8273772438659699,-0.8731358343600393,-0.47454519624983954,-0.4736736092984604,-0.5609748304808925,0.8119223343984152,-0.7841792430073967,0.7376951317802901,-0.3075623426146228,0.6158384251930635
-0.3693648410115938,0.5101613454232019,-0.47454519624983954,-0.4736736092984604,-0.5609748304808925,0.8119223343984152,-0.3336984726090332,0.7376951317802901,-0.3075623426146228,0.6158384251930635
-0.3693648410115938,0.04906228549545483,-0.47454519624983954,-0.4736736092984604,-0.5609748304808925,0.8119223343984152,-0.3336984726090332,-1.3555735383351195,-0.3075623426146228,0.6158384251930635
-0.3693648410115938,-0.5657364610748746,0.4327933656785018,0.7676298785983874,0.6792945838081278,-1.2316448970959013,0.4532263111425748,-1.3555735383351195,-0.3075623426146228,0.6158384251930635
0.8273772438659699,-0.10463740114712752,-0.47454519624983954,-0.4736736092984604,-0.5609748304808925,0.8119223343984152,-0.8189865811572414,-1.3555735383351195,3.2513733362117265,-1.6238025415294657
-0.3693648410115938,-0.33518693111100106,-0.47454519624983954,-0.4736736092984604,-0.5609748304808925,0.8119223343984152,-0.3336984726090332,0.7376951317802901,-0.3075623426146228,0.6158384251930635
0.8273772438659699,-0.10463740114712752,-0.47454519624983954,-0.4736736092984604,-0.5609748304808925,0.8119223343984152,-0.8823470582632056,0.7376951317802901,-0.3075623426146228,-1.6238025415294657
-0.3693648410115938,0.20276197213803718,-0.47454519624983954,-0.4736736092984604,-0.5609748304808925,0.8119223343984152,-0.3336984726090332,-1.3555735383351195,-0.3075623426146228,0.6158384251930635
0.8273772438659699,-0.10463740114712752,-0.47454519624983954,-0.4736736092984604,-0.5609748304808925,0.8119223343984152,-0.8160407306065733,0.7376951317802901,-0.3075623426146228,0.6158384251930635
0.8273772438659699,-0.7962859910387481,0.4327933656785018,-0.4736736092984604,0.059159876663617626,-1.2316448970959013,-0.806763380796033,-1.3555735383351195,-0.3075623426146228,0.6158384251930635
-1.5661069258891576,1.7397588385638607,-0.47454519624983954,-0.4736736092984604,-0.5609748304808925,0.8119223343984152,0.5036031274312862,0.7376951317802901,-0.3075623426146228,0.6158384251930635
-1.5661069258891576,3.1999058616683933,-0.47454519624983954,-0.4736736092984604,-0.5609748304808925,0.8119223343984152,0.6315110816648204,0.7376951317802901,-0.3075623426146228,-1.6238025415294657
0.8273772438659699,0.20276197213803718,-0.47454519624983954,-0.4736736092984604,-0.5609748304808925,0.8119223343984152,-0.798539974052802,0.7376951317802901,-0.3075623426146228,0.6158384251930635
0.8273772438659699,-0.7962859910387481,-0.47454519624983954,-0.4736736092984604,-0.5609748304808925,0.8119223343984152,-0.830854756854953,0.7376951317802901,-0.3075623426146228,0.6158384251930635
0.8273772438659699,-0.10463740114712752,0.4327933656785018,-0.4736736092984604,0.059159876663617626,-1.2316448970959013,-0.16405229962564447,0.7376951317802901,3.2513733362117265,-1.6238025415294657
0.8273772438659699,-0.5657364610748746,-0.47454519624983954,-0.4736736092984604,-0.5609748304808925,0.8119223343984152,-0.5980700220174994,-1.3555735383351195,-0.3075623426146228,0.6158384251930635
-1.5661069258891576,1.5860591519212783,0.4327933656785018,-0.4736736092984604,0.059159876663617626,-1.2316448970959013,1.1141402035210881,0.7376951317802901,-0.3075623426146228,0.6158384251930635
0.8273772438659699,-1.949033640858116,2.2474704895351842,2.0089333664952354,2.5396987052416584,-1.2316448970959013,0.4146557174979072,0.7376951317802901,-0.3075623426146228,0.6158384251930635
-1.5661069258891576,0.5101613454232019,0.4327933656785018,2.0089333664952354,1.299429290952638,-1.2316448970959013,1.8931715298766851,-1.3555735383351195,-0.3075623426146228,0.6158384251930635
-1.5661069258891576,-0.7962859910387481,0.4327933656785018,-0.4736736092984604,0.059159876663617626,-1.2316448970959013,1.0620380556287106,0.7376951317802901,-0.3075623426146228,0.6158384251930635
-1.5661069258891576,0.04906228549545483,-0.47454519624983954,-0.4736736092984604,-0.5609748304808925,0.8119223343984152,0.5198636196706229,-1.3555735383351195,-0.3075623426146228,-1.6238025415294657
0.8273772438659699,-0.10463740114712752,-0.47454519624983954,-0.4736736092984604,-0.5609748304808925,0.8119223343984152,1.1248955097361595,0.7376951317802901,-0.3075623426146228,0.6158384251930635
0.8273772438659699,0.04906228549545483,-0.47454519624983954,-0.4736736092984604,-0.5609748304808925,0.8119223343984152,-0.8797405693934278,0.7376951317802901,-0.3075623426146228,0.6158384251930635
0.8273772438659699,-0.6425863043961658,-0.47454519624983954,-0.4736736092984604,-0.5609748304808925,0.8119223343984152,-0.7841792430073967,0.7376951317802901,-0.3075623426146228,0.6158384251930635
-0.3693648410115938,0.04906228549545483,0.4327933656785018,-0.4736736092984604,0.059159876663617626,-1.2316448970959013,0.26497567234198965,0.7376951317802901,-0.3075623426146228,-1.6238025415294657
-0.3693648410115938,-0.8731358343600393,-0.47454519624983954,0.7676298785983874,0.059159876663617626,-1.2316448970959013,0.2228261499229997,-1.3555735383351195,-0.3075623426146228,0.6158384251930635
0.8273772438659699,-0.7962859910387481,-0.47454519624983954,-0.4736736092984604,-0.5609748304808925,0.8119223343984152,-3.0585777291682934,0.7376951317802901,-0.3075623426146228,0.6158384251930635
-1.5661069258891576,0.6638610320657843,-0.47454519624983954,-0.4736736092984604,-0.5609748304808925,0.8119223343984152,2.5497045522452972,-1.3555735383351195,-0.3075623426146228,-1.6238025415294657
0.8273772438659699,-1.4879345809303688,2.2474704895351842,2.0089333664952354,2.5396987052416584,-1.2316448970959013,0.4146557174979072,0.7376951317802901,-0.3075623426146228,0.6158384251930635
-0.3693648410115938,-0.10463740114712752,-0.47454519624983954,-0.4736736092984604,-0.5609748304808925,0.8119223343984152,-3.0585777291682934,0.7376951317802901,-0.3075623426146228,0.6158384251930635
0.8273772438659699,-0.027787557825836348,0.4327933656785018,0.7676298785983874,0.6792945838081278,-1.2316448970959013,-0.5401781836878246,-1.3555735383351195,-0.3075623426146228,0.6158384251930635
0.8273772438659699,-0.10463740114712752,-0.47454519624983954,-0.4736736092984604,-0.5609748304808925,0.8119223343984152,-0.8719479292525482,0.7376951317802901,-0.3075623426146228,0.6158384251930635
0.8273772438659699,-0.10463740114712752,0.4327933656785018,-0.4736736092984604,0.059159876663617626,-1.2316448970959013,-0.1423794216910609,0.7376951317802901,-0.3075623426146228,0.6158384251930635
0.8273772438659699,0.7407108753870755,0.4327933656785018,5.73284383018578,3.1598334123861687,-1.2316448970959013,0.5286989276421437,-1.3555735383351195,-0.3075623426146228,0.6158384251930635
0.8273772438659699,-2.1027333275006983,-0.47454519624983954,0.7676298785983874,0.059159876663617626,-1.2316448970959013,-0.5401781836878246,-1.3555735383351195,-0.3075623426146228,0.6158384251930635
-0.3693648410115938,0.04906228549545483,-0.47454519624983954,-0.4736736092984604,-0.5609748304808925,0.8119223343984152,-0.5368057694182641,0.7376951317802901,-0.3075623426146228,0.6158384251930635
0.8273772438659699,-0.33518693111100106,-0.47454519624983954,-0.4736736092984604,-0.5609748304808925,0.8119223343984152,-0.8828741679067217,0.7376951317802901,-0.3075623426146228,-1.6238025415294657
0.8273772438659699,-1.180535207645204,3.1548090514635256,0.7676298785983874,2.5396987052416584,-1.2316448970959013,0.7678594338107121,0.7376951317802901,-0.3075623426146228,0.6158384251930635
-1.5661069258891576,0.4333115021019107,0.4327933656785018,-0.4736736092984604,0.059159876663617626,-1.2316448970959013,1.0408277503255374,-1.3555735383351195,-0.3075623426146228,0.6158384251930635
-1.5661069258891576,-0.9499856776813305,-0.47454519624983954,2.0089333664952354,0.6792945838081278,-1.2316448970959013,1.812289926928167,0.7376951317802901,-0.3075623426146228,-1.6238025415294657
0.8273772438659699,-0.10463740114712752,-0.47454519624983954,-0.4736736092984604,-0.5609748304808925,0.8119223343984152,-0.8219408604763344,0.7376951317802901,3.2513733362117265,-1.6238025415294657
0.8273772438659699,-0.8731358343600393,-0.47454519624983954,-0.4736736092984604,-0.5609748304808925,0.8119223343984152,-0.9442940832331417,-1.3555735383351195,3.2513733362117265,-1.6238025415294657
0.8273772438659699,-0.48888661775358344,-0.47454519624983954,-0.4736736092984604,-0.5609748304808925,0.8119223343984152,-0.8428609376877135,-1.3555735383351195,-0.3075623426146228,0.6158384251930635
0.8273772438659699,1.5860591519212783,-0.47454519624983954,-0.4736736092984604,-0.5609748304808925,0.8119223343984152,-0.7841792430073967,0.7376951317802901,-0.3075623426146228,0.6158384251930635
-1.5661069258891576,-0.6425863043961658,1.340131927606843,2.0089333664952354,1.9195639980971482,-1.2316448970959013,2.6962534687059603,-1.3555735383351195,-0.3075623426146228,-1.6238025415294657
-1.5661069258891576,2.200857898491608,-0.47454519624983954,-0.4736736092984604,-0.5609748304808925,0.8119223343984152,2.097794920021772,-1.3555735383351195,-0.3075623426146228,-1.6238025415294657
-0.3693648410115938,-2.025883484179407,0.4327933656785018,2.0089333664952354,1.299429290952638,-1.2316448970959013,0.8147822510349934,-1.3555735383351195,-0.3075623426146228,-1.6238025415294657
-0.3693648410115938,-1.2573850509664952,-0.47454519624983954,0.7676298785983874,0.059159876663617626,-1.2316448970959013,0.06007112543995847,-1.3555735383351195,-0.3075623426146228,0.6158384251930635
-0.3693648410115938,2.1240080551703167,-0.47454519624983954,-0.4736736092984604,-0.5609748304808925,0.8119223343984152,-0.38278544498532663,0.7376951317802901,3.2513733362117265,-1.6238025415294657
-0.3693648410115938,-1.0268355210026217,-0.47454519624983954,-0.4736736092984604,-0.5609748304808925,0.8119223343984152,0.3444394801955362,0.7376951317802901,-0.3075623426146228,0.6158384251930635
0.8273772438659699,-0.10463740114712752,-0.47454519624983954,-0.4736736092984604,-0.5609748304808925,0.8119223343984152,-0.8189865811572414,-1.3555735383351195,3.2513733362117265,-1.6238025415294657
-0.3693648410115938,2.3545575851341902,0.4327933656785018,0.7676298785983874,0.6792945838081278,-1.2316448970959013,0.750263780890198,0.7376951317802901,-0.3075623426146228,0.6158384251930635
-1.5661069258891576,-0.5657364610748746,-0.47454519624983954,-0.4736736092984604,-0.5609748304808925,0.8119223343984152,2.0186331792044068,0.7376951317802901,-0.3075623426146228,-1.6238025415294657
-0.3693648410115938,0.04906228549545483,-0.47454519624983954,-0.4736736092984604,-0.5609748304808925,0.8119223343984152,-0.3336984726090332,0.7376951317802901,-0.3075623426146228,0.6158384251930635
0.8273772438659699,-0.9499856776813305,-0.47454519624983954,-0.4736736092984604,-0.5609748304808925,0.8119223343984152,-0.7165619336211217,0.7376951317802901,-0.3075623426146228,0.6158384251930635
0.8273772438659699,-0.33518693111100106,-0.47454519624983954,-0.4736736092984604,-0.5609748304808925,0.8119223343984152,-0.8019236166026618,0.7376951317802901,-0.3075623426146228,0.6158384251930635
0.8273772438659699,-0.1814872444684187,-0.47454519624983954,-0.4736736092984604,-0.5609748304808925,0.8119223343984152,-0.7165619336211217,0.7376951317802901,-0.3075623426146228,0.6158384251930635
0.8273772438659699,0.5101613454232019,-0.47454519624983954,-0.4736736092984604,-0.5609748304808925,0.8119223343984152,-3.0585777291682934,0.7376951317802901,-0.3075623426146228,0.6158384251930635
0.8273772438659699,-0.10463740114712752,-0.47454519624983954,-0.4736736092984604,-0.5609748304808925,0.8119223343984152,-0.7841792430073967,-1.3555735383351195,-0.3075623426146228,0.6158384251930635
0.8273772438659699,-0.10463740114712752,-0.47454519624983954,-0.4736736092984604,-0.5609748304808925,0.8119223343984152,-0.8823470582632056,-1.3555735383351195,-0.3075623426146228,-1.6238025415294657
0.8273772438659699,-0.027787557825836348,-0.47454519624983954,-0.4736736092984604,-0.5609748304808925,0.8119223343984152,-0.6323794480268654,0.7376951317802901,-0.3075623426146228,0.6158384251930635
-1.5661069258891576,0.04906228549545483,-0.47454519624983954,-0.4736736092984604,-0.5609748304808925,0.8119223343984152,1.7703041212742283,-1.3555735383351195,-0.3075623426146228,-1.6238025415294657
0.8273772438659699,-0.10463740114712752,-0.47454519624983954,-0.4736736092984604,-0.5609748304808925,0.8119223343984152,-0.7841792430073967,0.7376951317802901,-0.3075623426146228,0.6158384251930635
-1.5661069258891576,1.6629089952425695,-0.47454519624983954,0.7676298785983874,0.059159876663617626,-1.2316448970959013,1.2090665177433995,0.7376951317802901,-0.3075623426146228,-1.6238025415294657
0.8273772438659699,-1.0268355210026217,-0.47454519624983954,-0.4736736092984604,-0.5609748304808925,0.8119223343984152,-0.8209591021193487,-1.3555735383351195,3.2513733362117265,-1.6238025415294657
0.8273772438659699,-0.10463740114712752,-0.47454519624983954,-0.4736736092984604,-0.5609748304808925,0.8119223343984152,-0.8189865811572414,-1.3555735383351195,3.2513733362117265,-1.6238025415294657
0.8273772438659699,-2.1795831708219895,-0.47454519624983954,2.0089333664952354,0.6792945838081278,-1.2316448970959013,-0.14903715526900022,-1.3555735383351195,-0.3075623426146228,-1.6238025415294657
0.8273772438659699,-0.5657364610748746,-0.47454519624983954,-0.4736736092984604,-0.5609748304808925,0.8119223343984152,-0.8135961720983267,0.7376951317802901,-0.3075623426146228,0.6158384251930635
0.8273772438659699,-0.10463740114712752,0.4327933656785018,0.7676298785983874,0.6792945838081278,-1.2316448970959013,0.19484336402527688,-1.3555735383351195,-0.3075623426146228,-1.6238025415294657
0.8273772438659699,-1.7184841108942424,3.1548090514635256,0.7676298785983874,2.5396987052416584,-1.2316448970959013,0.457519539438721,0.7376951317802901,3.2513733362117265,-1.6238025415294657
-1.5661069258891576,-0.10463740114712752,-0.47454519624983954,-0.4736736092984604,-0.5609748304808925,0.8119223343984152,0.5036031274312862,0.7376951317802901,-0.3075623426146228,0.6158384251930635
0.8273772438659699,-0.10463740114712752,0.4327933656785018,-0.4736736092984604,0.059159876663617626,-1.2316448970959013,-0.8189865811572414,0.7376951317802901,3.2513733362117265,-1.6238025415294657
-1.5661069258891576,0.27961181545932834,0.4327933656785018,-0.4736736092984604,0.059159876663617626,-1.2316448970959013,1.0620380556287106,-1.3555735383351195,-0.3075623426146228,0.6158384251930635
0.8273772438659699,-1.7184841108942424,3.1548090514635256,0.7676298785983874,2.5396987052416584,-1.2316448970959013,0.7678594338107121,0.7376951317802901,-0.3075623426146228,0.6158384251930635
0.8273772438659699,0.20276197213803718,-0.47454519624983954,-0.4736736092984604,-0.5609748304808925,0.8119223343984152,-0.8189865811572414,0.7376951317802901,3.2513733362117265,-1.6238025415294657
-0.3693648410115938,1.5860591519212783,-0.47454519624983954,-0.4736736092984604,-0.5609748304808925,0.8119223343984152,-0.3336984726090332,0.7376951317802901,-0.3075623426146228,0.6158384251930635
-0.3693648410115938,2.277707741812899,-0.47454519624983954,-0.4736736092984604,-0.5609748304808925,0.8119223343984152,-0.29746598596845064,0.7376951317802901,-0.3075623426146228,0.6158384251930635
-1.5661069258891576,-0.10463740114712752,0.4327933656785018,-0.4736736092984604,0.059159876663617626,-1.2316448970959013,1.5060857797883969,0.7376951317802901,-0.3075623426146228,-1.6238025415294657
0.8273772438659699,-0.10463740114712752,-0.47454519624983954,-0.4736736092984604,-0.5609748304808925,0.8119223343984152,-0.7841792430073967,0.7376951317802901,-0.3075623426146228,0.6158384251930635
-1.5661069258891576,2.3545575851341902,-0.47454519624983954,-0.4736736092984604,-0.5609748304808925,0.8119223343984152,0.36526093570402607,0.7376951317802901,-0.3075623426146228,0.6158384251930635
0.8273772438659699,-0.9499856776813305,-0.47454519624983954,-0.4736736092984604,-0.5609748304808925,0.8119223343984152,-0.23138736843472296,-1.3555735383351195,-0.3075623426146228,-1.6238025415294657
-0.3693648410115938,0.24118689379868277,0.4327933656785018,-0.4736736092984604,0.059159876663617626,-1.2316448970959013,0.4894379098126231,0.7376951317802901,-0.3075623426146228,-1.6238025415294657
-1.5661069258891576,-0.6425863043961658,-0.47454519624983954,-0.4736736092984604,-0.5609748304808925,0.8119223343984152,1.452419049919151,-1.3555735383351195,-0.3075623426146228,0.6158384251930635
0.8273772438659699,-2.025883484179407,3.1548090514635256,2.0089333664952354,3.1598334123861687,-1.2316448970959013,0.5322916934007406,0.7376951317802901,-0.3075623426146228,0.6158384251930635
-0.3693648410115938,-0.7962859910387481,-0.47454519624983954,-0.4736736092984604,-0.5609748304808925,0.8119223343984152,-0.5368057694182641,0.7376951317802901,-0.3075623426146228,0.6158384251930635
-0.3693648410115938,-0.41203677443229225,1.340131927606843,3.250236854392083,2.5396987052416584,-1.2316448970959013,0.021587667954472933,-1.3555735383351195,-0.3075623426146228,0.6158384251930635
-1.5661069258891576,-0.8731358343600393,-0.47454519624983954,2.0089333664952354,0.6792945838081278,-1.2316448970959013,1.4743073772537167,-1.3555735383351195,-0.3075623426146228,0.6158384251930635
-1.5661069258891576,1.5092093085999871,-0.47454519624983954,-0.4736736092984604,-0.5609748304808925,0.8119223343984152,0.3417284274758476,-1.3555735383351195,-0.3075623426146228,0.6158384251930635
0.8273772438659699,0.8944105620296577,-0.47454519624983954,2.0089333664952354,0.6792945838081278,-1.2316448970959013,0.09534793704965058,-1.3555735383351195,-0.3075623426146228,0.6158384251930635
0.8273772438659699,0.04906228549545483,-0.47454519624983954,-0.4736736092984604,-0.5609748304808925,0.8119223343984152,-0.6307359423566569,0.7376951317802901,-0.3075623426146228,0.6158384251930635
0.8273772438659699,2.277707741812899,-0.47454519624983954,-0.4736736092984604,-0.5609748304808925,0.8119223343984152,-0.8797405693934278,0.7376951317802901,-0.3075623426146228,0.6158384251930635
0.8273772438659699,-1.949033640858116,-0.47454519624983954,0.7676298785983874,0.059159876663617626,-1.2316448970959013,-0.3034147385612252,-1.3555735383351195,-0.3075623426146228,-1.6238025415294657
0.8273772438659699,-0.10463740114712752,-0.47454519624983954,2.0089333664952354,0.6792945838081278,-1.2316448970959013,-0.1800831698720664,-1.3555735383351195,-0.3075623426146228,-1.6238025415294657
0.8273772438659699,1.6629089952425695,-0.47454519624983954,-0.4736736092984604,-0.5609748304808925,0.8119223343984152,-0.8189865811572414,0.7376951317802901,-0.3075623426146228,0.6158384251930635
-0.3693648410115938,1.2018099353148226,0.4327933656785018,0.7676298785983874,0.6792945838081278,-1.2316448970959013,0.35395586016517094,-1.3555735383351195,-0.3075623426146228,0.6158384251930635
0.8273772438659699,-0.8731358343600393,0.4327933656785018,0.7676298785983874,0.6792945838081278,-1.2316448970959013,0.09534793704965058,0.7376951317802901,-0.3075623426146228,0.6158384251930635
0.8273772438659699,-0.10463740114712752,6.784163299176891,2.0089333664952354,5.64037224096421,-1.2316448970959013,1.3361591794576348,-1.3555735383351195,-0.3075623426146228,0.6158384251930635
0.8273772438659699,-0.10463740114712752,0.4327933656785018,-0.4736736092984604,0.059159876663617626,-1.2316448970959013,-0.16405229962564447,-1.3555735383351195,3.2513733362117265,-1.6238025415294657
-0.3693648410115938,-0.10463740114712752,-0.47454519624983954,0.7676298785983874,0.059159876663617626,-1.2316448970959013,0.5824597491940529,0.7376951317802901,-0.3075623426146228,0.6158384251930635
0.8273772438659699,2.00873329018838,-0.47454519624983954,-0.4736736092984604,-0.5609748304808925,0.8119223343984152,-0.7841792430073967,0.7376951317802901,-0.3075623426146228,0.6158384251930635
-1.5661069258891576,-0.41203677443229225,-0.47454519624983954,0.7676298785983874,0.059159876663617626,-1.2316448970959013,2.6363132839087284,0.7376951317802901,-0.3075623426146228,-1.6238025415294657
-1.5661069258891576,-0.10463740114712752,-0.47454519624983954,-0.4736736092984604,-0.5609748304808925,0.8119223343984152,-3.0585777291682934,0.7376951317802901,-0.3075623426146228,0.6158384251930635
0.8273772438659699,-0.10463740114712752,0.4327933656785018,-0.4736736092984604,0.059159876663617626,-1.2316448970959013,-0.12717266791993012,-1.3555735383351195,-0.3075623426146228,0.6158384251930635
0.8273772438659699,-0.10463740114712752,0.4327933656785018,2.0089333664952354,1.299429290952638,-1.2316448970959013,0.24200663802437702,0.7376951317802901,-0.3075623426146228,0.6158384251930635
0.8273772438659699,-0.10463740114712752,6.784163299176891,2.0089333664952354,5.64037224096421,-1.2316448970959013,1.3361591794576348,0.7376951317802901,-0.3075623426146228,0.6158384251930635
-0.3693648410115938,-0.027787557825836348,0.4327933656785018,-0.4736736092984604,0.059159876663617626,-1.2316448970959013,0.3444394801955362,-1.3555735383351195,-0.3075623426146228,0.6158384251930635
-1.5661069258891576,2.200857898491608,-0.47454519624983954,0.7676298785983874,0.059159876663617626,-1.2316448970959013,2.14527242190355,-1.3555735383351195,-0.3075623426146228,0.6158384251930635
0.8273772438659699,-0.2583370877897099,-0.47454519624983954,-0.4736736092984604,-0.5609748304808925,0.8119223343984152,-0.798539974052802,-1.3555735383351195,-0.3075623426146228,0.6158384251930635
-1.5661069258891576,1.1249600919935314,-0.47454519624983954,0.7676298785983874,0.059159876663617626,-1.2316448970959013,1.1511968252901217,-1.3555735383351195,-0.3075623426146228,-1.6238025415294657
0.8273772438659699,-0.10463740114712752,-0.47454519624983954,-0.4736736092984604,-0.5609748304808925,0.8119223343984152,-0.8828741679067217,0.7376951317802901,-0.3075623426146228,-1.6238025415294657
0.8273772438659699,0.20276197213803718,-0.47454519624983954,-0.4736736092984604,-0.5609748304808925,0.8119223343984152,-0.7491276790090223,0.7376951317802901,-0.3075623426146228,0.6158384251930635
-0.3693648410115938,-0.2583370877897099,-0.47454519624983954,-0.4736736092984604,-0.5609748304808925,0.8119223343984152,-0.5368057694182641,0.7376951317802901,-0.3075623426146228,0.6158384251930635
0.8273772438659699,-1.0268355210026217,-0.47454519624983954,-0.4736736092984604,-0.5609748304808925,0.8119223343984152,-0.7841792430073967,0.7376951317802901,-0.3075623426146228,0.6158384251930635
0.8273772438659699,-0.7962859910387481,-0.47454519624983954,-0.4736736092984604,-0.5609748304808925,0.8119223343984152,-0.8160407306065733,0.7376951317802901,-0.3075623426146228,0.6158384251930635
0.8273772438659699,-0.10463740114712752,-0.47454519624983954,-0.4736736092984604,-0.5609748304808925,0.8119223343984152,-0.8019236166026618,0.7376951317802901,-0.3075623426146228,0.6158384251930635
0.8273772438659699,1.432359465278696,-0.47454519624983954,-0.4736736092984604,-0.5609748304808925,0.8119223343984152,-0.806763380796033,0.7376951317802901,-0.3075623426146228,0.6158384251930635
0.8273772438659699,-0.10463740114712752,-0.47454519624983954,-0.4736736092984604,-0.5609748304808925,0.8119223343984152,-0.8189865811572414,0.7376951317802901,3.2513733362117265,-1.6238025415294657
0.8273772438659699,-1.56478442425166,4.0621476133918675,2.0089333664952354,3.779968119530679,-1.2316448970959013,0.936361092700485,0.7376951317802901,-0.3075623426146228,0.6158384251930635
-1.5661069258891576,0.4333115021019107,0.4327933656785018,-0.4736736092984604,0.059159876663617626,-1.2316448970959013,1.5221510751129648,-1.3555735383351195,-0.3075623426146228,0.6158384251930635
0.8273772438659699,-1.3342348942877864,0.4327933656785018,-0.4736736092984604,0.059159876663617626,-1.2316448970959013,-0.47227211715402734,0.7376951317802901,-0.3075623426146228,-1.6238025415294657
0.8273772438659699,0.12591212881674602,-0.47454519624983954,-0.4736736092984604,-0.5609748304808925,0.8119223343984152,-0.806763380796033,-1.3555735383351195,-0.3075623426146228,0.6158384251930635
-0.3693648410115938,-0.1814872444684187,0.4327933656785018,-0.4736736092984604,0.059159876663617626,-1.2316448970959013,-0.272262193114855,-1.3555735383351195,-0.3075623426146228,-1.6238025415294657
-1.5661069258891576,1.0481102486722402,-0.47454519624983954,0.7676298785983874,0.059159876663617626,-1.2316448970959013,2.4738467350641637,-1.3555735383351195,-0.3075623426146228,0.6158384251930635
0.8273772438659699,0.08748720715610042,-0.47454519624983954,-0.4736736092984604,-0.5609748304808925,0.8119223343984152,-0.8189865811572414,-1.3555735383351195,3.2513733362117265,-1.6238025415294657
0.8273772438659699,0.35646165878061953,-0.47454519624983954,-0.4736736092984604,-0.5609748304808925,0.8119223343984152,-0.7841792430073967,0.7376951317802901,-0.3075623426146228,0.6158384251930635
-0.3693648410115938,-0.10463740114712752,-0.47454519624983954,-0.4736736092984604,-0.5609748304808925,0.8119223343984152,-3.0585777291682934,0.7376951317802901,-0.3075623426146228,0.6158384251930635
-0.3693648410115938,-0.48888661775358344,-0.47454519624983954,-0.4736736092984604,-0.5609748304808925,0.8119223343984152,-0.3336984726090332,0.7376951317802901,-0.3075623426146228,0.6158384251930635
0.8273772438659699,-0.41203677443229225,-0.47454519624983954,2.0089333664952354,0.6792945838081278,-1.2316448970959013,-0.09156500424402261,-1.3555735383351195,-0.3075623426146228,0.6158384251930635
-0.3693648410115938,0.7407108753870755,-0.47454519624983954,-0.4736736092984604,-0.5609748304808925,0.8119223343984152,0.3444394801955362,0.7376951317802901,-0.3075623426146228,0.6158384251930635
-0.3693648410115938,-0.41203677443229225,-0.47454519624983954,-0.4736736092984604,-0.5609748304808925,0.8119223343984152,-0.3336984726090332,-1.3555735383351195,-0.3075623426146228,0.6158384251930635
0.8273772438659699,-0.10463740114712752,-0.47454519624983954,-0.4736736092984604,-0.5609748304808925,0.8119223343984152,-0.809682843697731,0.7376951317802901,3.2513733362117265,-1.6238025415294657
0.8273772438659699,-2.1987956316523123,1.340131927606843,0.7676298785983874,1.299429290952638,-1.2316448970959013,0.047825129435189045,-1.3555735383351195,-0.3075623426146228,-1.6238025415294657
-0.3693648410115938,0.35646165878061953,-0.47454519624983954,-0.4736736092984604,-0.5609748304808925,0.8119223343984152,-0.3336984726090332,0.7376951317802901,-0.3075623426146228,0.6158384251930635
0.8273772438659699,-0.48888661775358344,-0.47454519624983954,-0.4736736092984604,-0.5609748304808925,0.8119223343984152,-0.658138561741074,0.7376951317802901,-0.3075623426146228,0.6158384251930635
-0.3693648410115938,0.9712604053509489,0.4327933656785018,-0.4736736092984604,0.059159876663617626,-1.2316448970959013,0.3444394801955362,-1.3555735383351195,-0.3075623426146228,0.6158384251930635
0.8273772438659699,-0.10463740114712752,-0.47454519624983954,-0.4736736092984604,-0.5609748304808925,0.8119223343984152,-0.7386163019798164,0.7376951317802901,3.2513733362117265,-1.6238025415294657
0.8273772438659699,-0.5657364610748746,-0.47454519624983954,-0.4736736092984604,-0.5609748304808925,0.8119223343984152,-0.7841792430073967,0.7376951317802901,-0.3075623426146228,0.6158384251930635
-0.3693648410115938,-2.192647644186609,-0.47454519624983954,2.0089333664952354,0.6792945838081278,-1.2316448970959013,0.4532263111425748,0.7376951317802901,-0.3075623426146228,0.6158384251930635
0.8273772438659699,-0.10463740114712752,-0.47454519624983954,-0.4736736092984604,-0.5609748304808925,0.8119223343984152,-0.8428609376877135,-1.3555735383351195,-0.3075623426146228,0.6158384251930635
-0.3693648410115938,1.7397588385638607,-0.47454519624983954,-0.4736736092984604,-0.5609748304808925,0.8119223343984152,-0.29746598596845064,0.7376951317802901,-0.3075623426146228,0.6158384251930635
0.8273772438659699,-0.9499856776813305,0.4327933656785018,-0.4736736092984604,0.059159876663617626,-1.2316448970959013,-0.9045411875888885,0.7376951317802901,-0.3075623426146228,0.6158384251930635
-1.5661069258891576,1.5092093085999871,0.4327933656785018,-0.4736736092984604,0.059159876663617626,-1.2316448970959013,1.588760118059578,0.7376951317802901,-0.3075623426146228,-1.6238025415294657
0.8273772438659699,1.1249600919935314,-0.47454519624983954,-0.4736736092984604,-0.5609748304808925,0.8119223343984152,-0.798539974052802,0.7376951317802901,-0.3075623426146228,0.6158384251930635
0.8273772438659699,-1.7953339542155335,-0.47454519624983954,0.7676298785983874,0.059159876663617626,-1.2316448970959013,-0.37316263612134226,0.7376951317802901,-0.3075623426146228,0.6158384251930635
-1.5661069258891576,2.661956958419355,-0.47454519624983954,-0.4736736092984604,-0.5609748304808925,0.8119223343984152,0.3444394801955362,0.7376951317802901,-0.3075623426146228,0.6158384251930635
0.8273772438659699,-0.8731358343600393,-0.47454519624983954,-0.4736736092984604,-0.5609748304808925,0.8119223343984152,-0.8160407306065733,-1.3555735383351195,-0.3075623426146228,0.6158384251930635
0.8273772438659699,-0.7962859910387481,-0.47454519624983954,-0.4736736092984604,-0.5609748304808925,0.8119223343984152,-0.2286058134653583,0.7376951317802901,-0.3075623426146228,0.6158384251930635
0.8273772438659699,-0.2583370877897099,0.4327933656785018,2.0089333664952354,1.299429290952638,-1.2316448970959013,0.11284358066326507,0.7376951317802901,-0.3075623426146228,0.6158384251930635
-0.3693648410115938,1.0481102486722402,0.4327933656785018,0.7676298785983874,0.6792945838081278,-1.2316448970959013,0.35395586016517094,0.7376951317802901,-0.3075623426146228,0.6158384251930635
0.8273772438659699,-0.10463740114712752,-0.47454519624983954,-0.4736736092984604,-0.5609748304808925,0.8119223343984152,0.2711522804976662,0.7376951317802901,3.2513733362117265,-1.6238025415294657
0.8273772438659699,-0.48888661775358344,-0.47454519624983954,-0.4736736092984604,-0.5609748304808925,0.8119223343984152,-0.798539974052802,-1.3555735383351195,-0.3075623426146228,0.6158384251930635
0.8273772438659699,-1.0268355210026217,3.1548090514635256,0.7676298785983874,2.5396987052416584,-1.2316448970959013,0.7678594338107121,0.7376951317802901,-0.3075623426146228,0.6158384251930635
-1.5661069258891576,0.5101613454232019,-0.47454519624983954,2.0089333664952354,0.6792945838081278,-1.2316448970959013,1.3571652197109427,-1.3555735383351195,-0.3075623426146228,0.6158384251930635
-1.5661069258891576,-0.5657364610748746,-0.47454519624983954,0.7676298785983874,0.059159876663617626,-1.2316448970959013,1.0976780669265336,-1.3555735383351195,-0.3075623426146228,0.6158384251930635
0.8273772438659699,-0.7962859910387481,-0.47454519624983954,-0.4736736092984604,-0.5609748304808925,0.8119223343984152,-0.8019236166026618,0.7376951317802901,-0.3075623426146228,0.6158384251930635
0.8273772438659699,-0.10463740114712752,-0.47454519624983954,-0.4736736092984604,-0.5609748304808925,0.8119223343984152,-0.8038521494426432,-1.3555735383351195,3.2513733362117265,-1.6238025415294657
0.8273772438659699,1.3555096219574048,-0.47454519624983954,-0.4736736092984604,-0.5609748304808925,0.8119223343984152,-0.6811127586453682,0.7376951317802901,-0.3075623426146228,0.6158384251930635
-0.3693648410115938,0.8175607187083667,-0.47454519624983954,-0.4736736092984604,-0.5609748304808925,0.8119223343984152,-0.1485253917280838,-1.3555735383351195,-0.3075623426146228,0.6158384251930635
0.8273772438659699,-0.719436147717457,0.4327933656785018,-0.4736736092984604,0.059159876663617626,-1.2316448970959013,-0.5992616204389827,-1.3555735383351195,-0.3075623426146228,0.6158384251930635
-0.3693648410115938,0.5101613454232019,0.4327933656785018,-0.4736736092984604,0.059159876663617626,-1.2316448970959013,0.3444394801955362,-1.3555735383351195,-0.3075623426146228,0.6158384251930635
0.8273772438659699,-0.8731358343600393,0.4327933656785018,0.7676298785983874,0.6792945838081278,-1.2316448970959013,-0.806763380796033,0.7376951317802901,-0.3075623426146228,0.6158384251930635
-0.3693648410115938,-0.8731358343600393,-0.47454519624983954,-0.4736736092984604,-0.5609748304808925,0.8119223343984152,-0.4507125974257932,0.7376951317802901,-0.3075623426146228,0.6158384251930635
0.8273772438659699,0.20276197213803718,-0.47454519624983954,-0.4736736092984604,-0.5609748304808925,0.8119223343984152,1.1248955097361595,0.7376951317802901,-0.3075623426146228,0.6158384251930635
0.8273772438659699,0.27961181545932834,-0.47454519624983954,-0.4736736092984604,-0.5609748304808925,0.8119223343984152,-0.8019236166026618,0.7376951317802901,-0.3075623426146228,-1.6238025415294657
-1.5661069258891576,0.4333115021019107,-0.47454519624983954,-0.4736736092984604,-0.5609748304808925,0.8119223343984152,0.36526093570402607,0.7376951317802901,-0.3075623426146228,-1.6238025415294657
-1.5661069258891576,2.661956958419355,0.4327933656785018,4.491540342288931,2.5396987052416584,-1.2316448970959013,2.6987007794454887,0.7376951317802901,-0.3075623426146228,0.6158384251930635
-1.5661069258891576,1.7397588385638607,0.4327933656785018,0.7676298785983874,0.6792945838081278,-1.2316448970959013,1.4743073772537167,0.7376951317802901,-0.3075623426146228,0.6158384251930635
0.8273772438659699,-0.41203677443229225,-0.47454519624983954,3.250236854392083,1.299429290952638,-1.2316448970959013,0.047825129435189045,-1.3555735383351195,-0.3075623426146228,-1.6238025415294657
0.8273772438659699,2.4314074284554814,-0.47454519624983954,-0.4736736092984604,-0.5609748304808925,0.8119223343984152,-1.0149359989180027,0.7376951317802901,-0.3075623426146228,0.6158384251930635
-0.3693648410115938,-0.41203677443229225,-0.47454519624983954,-0.4736736092984604,-0.5609748304808925,0.8119223343984152,-0.5368057694182641,0.7376951317802901,-0.3075623426146228,0.6158384251930635
0.8273772438659699,1.0481102486722402,-0.47454519624983954,-0.4736736092984604,-0.5609748304808925,0.8119223343984152,-0.7841792430073967,0.7376951317802901,-0.3075623426146228,0.6158384251930635
-0.3693648410115938,0.35646165878061953,-0.47454519624983954,-0.4736736092984604,-0.5609748304808925,0.8119223343984152,-0.5368057694182641,-1.3555735383351195,-0.3075623426146228,0.6158384251930635
0.8273772438659699,2.585107115098064,-0.47454519624983954,-0.4736736092984604,-0.5609748304808925,0.8119223343984152,-0.6221672631581132,-1.3555735383351195,-0.3075623426146228,0.6158384251930635
-1.5661069258891576,-0.41203677443229225,-0.47454519624983954,-0.4736736092984604,-0.5609748304808925,0.8119223343984152,1.3324938581871215,-1.3555735383351195,-0.3075623426146228,-1.6238025415294657
-1.5661069258891576,0.6638610320657843,0.4327933656785018,-0.4736736092984604,0.059159876663617626,-1.2316448970959013,1.3612199269233833,-1.3555735383351195,-0.3075623426146228,-1.6238025415294657
0.8273772438659699,-0.6425863043961658,-0.47454519624983954,-0.4736736092984604,-0.5609748304808925,0.8119223343984152,-0.8797405693934278,0.7376951317802901,-0.3075623426146228,0.6158384251930635
-1.5661069258891576,1.2018099353148226,0.4327933656785018,0.7676298785983874,0.6792945838081278,-1.2316448970959013,2.218822021910339,-1.3555735383351195,-0.3075623426146228,0.6158384251930635
0.8273772438659699,-1.0268355210026217,0.4327933656785018,3.250236854392083,1.9195639980971482,-1.2316448970959013,0.6233938271906204,0.7376951317802901,-0.3075623426146228,0.6158384251930635
0.8273772438659699,-0.719436147717457,0.4327933656785018,-0.4736736092984604,0.059159876663617626,-1.2316448970959013,-0.798539974052802,0.7376951317802901,-0.3075623426146228,0.6158384251930635
-0.3693648410115938,-0.10463740114712752,-0.47454519624983954,-0.4736736092984604,-0.5609748304808925,0.8119223343984152,-0.19260305647698941,0.7376951317802901,-0.3075623426146228,-1.6238025415294657
0.8273772438659699,0.8944105620296577,-0.47454519624983954,5.73284383018578,2.5396987052416584,-1.2316448970959013,0.7678594338107121,-1.3555735383351195,-0.3075623426146228,0.6158384251930635
-0.3693648410115938,0.04906228549545483,-0.47454519624983954,-0.4736736092984604,-0.5609748304808925,0.8119223343984152,-0.3336984726090332,0.7376951317802901,-0.3075623426146228,0.6158384251930635
0.8273772438659699,-0.027787557825836348,-0.47454519624983954,-0.4736736092984604,-0.5609748304808925,0.8119223343984152,-0.7841792430073967,0.7376951317802901,-0.3075623426146228,0.6158384251930635
0.8273772438659699,-2.025883484179407,2.2474704895351842,0.7676298785983874,1.9195639980971482,-1.2316448970959013,0.13649913806595457,-1.3555735383351195,-0.3075623426146228,0.6158384251930635
-0.3693648410115938,-2.025883484179407,0.4327933656785018,0.7676298785983874,0.6792945838081278,-1.2316448970959013,0.3444394801955362,0.7376951317802901,-0.3075623426146228,0.6158384251930635
-0.3693648410115938,1.893458525206443,0.4327933656785018,-0.4736736092984604,0.059159876663617626,-1.2316448970959013,0.3444394801955362,0.7376951317802901,-0.3075623426146228,0.6158384251930635
0.8273772438659699,-0.10463740114712752,1.340131927606843,-0.4736736092984604,0.6792945838081278,-1.2316448970959013,-0.798539974052802,0.7376951317802901,-0.3075623426146228,0.6158384251930635
0.8273772438659699,0.5101613454232019,-0.47454519624983954,-0.4736736092984604,-0.5609748304808925,0.8119223343984152,-0.8494271027413144,0.7376951317802901,-0.3075623426146228,0.6158384251930635
-1.5661069258891576,1.432359465278696,-0.47454519624983954,-0.4736736092984604,-0.5609748304808925,0.8119223343984152,0.36526093570402607,0.7376951317802901,-0.3075623426146228,0.6158384251930635
0.8273772438659699,0.12591212881674602,-0.47454519624983954,-0.4736736092984604,-0.5609748304808925,0.8119223343984152,-0.7143416664249429,-1.3555735383351195,-0.3075623426146228,0.6158384251930635
0.8273772438659699,-0.2583370877897099,-0.47454519624983954,-0.4736736092984604,-0.5609748304808925,0.8119223343984152,-0.8019236166026618,0.7376951317802901,-0.3075623426146228,0.6158384251930635
0.8273772438659699,-0.10463740114712752,2.2474704895351842,0.7676298785983874,1.9195639980971482,-1.2316448970959013,0.32384119624754826,0.7376951317802901,-0.3075623426146228,0.6158384251930635
0.8273772438659699,-2.224156079948338,-0.47454519624983954,0.7676298785983874,0.059159876663617626,-1.2316448970959013,-0.7322606388880221,0.7376951317802901,-0.3075623426146228,-1.6238025415294657
0.8273772438659699,-0.33518693111100106,-0.47454519624983954,-0.4736736092984604,-0.5609748304808925,0.8119223343984152,-0.8160407306065733,-1.3555735383351195,-0.3075623426146228,0.6158384251930635
-1.5661069258891576,-0.10463740114712752,-0.47454519624983954,-0.4736736092984604,-0.5609748304808925,0.8119223343984152,1.0408277503255374,0.7376951317802901,-0.3075623426146228,0.6158384251930635
0.8273772438659699,0.6638610320657843,-0.47454519624983954,-0.4736736092984604,-0.5609748304808925,0.8119223343984152,-0.7165619336211217,0.7376951317802901,-0.3075623426146228,0.6158384251930635
0.8273772438659699,-0.10463740114712752,-0.47454519624983954,-0.4736736092984604,-0.5609748304808925,0.8119223343984152,-0.7841792430073967,0.7376951317802901,-0.3075623426146228,0.6158384251930635
0.8273772438659699,-0.10463740114712752,0.4327933656785018,0.7676298785983874,0.6792945838081278,-1.2316448970959013,-0.1800831698720664,0.7376951317802901,-0.3075623426146228,-1.6238025415294657
0.8273772438659699,-1.1036853643239128,0.4327933656785018,0.7676298785983874,0.6792945838081278,-1.2316448970959013,-0.8823470582632056,0.7376951317802901,-0.3075623426146228,-1.6238025415294657
-0.3693648410115938,0.4333115021019107,-0.47454519624983954,-0.4736736092984604,-0.5609748304808925,0.8119223343984152,0.3444394801955362,0.7376951317802901,-0.3075623426146228,0.6158384251930635
0.8273772438659699,-0.10463740114712752,-0.47454519624983954,-0.4736736092984604,-0.5609748304808925,0.8119223343984152,-0.8160407306065733,0.7376951317802901,-0.3075623426146228,0.6158384251930635
-1.5661069258891576,-0.41203677443229225,-0.47454519624983954,-0.4736736092984604,-0.5609748304808925,0.8119223343984152,1.4685301291949246,0.7376951317802901,-0.3075623426146228,-1.6238025415294657
-1.5661069258891576,0.5101613454232019,-0.47454519624983954,-0.4736736092984604,-0.5609748304808925,0.8119223343984152,0.7789025328484201,0.7376951317802901,-0.3075623426146228,-1.6238025415294657
0.8273772438659699,-0.5657364610748746,-0.47454519624983954,-0.4736736092984604,-0.5609748304808925,0.8119223343984152,-0.8160407306065733,-1.3555735383351195,-0.3075623426146228,0.6158384251930635
-1.5661069258891576,1.5860591519212783,1.340131927606843,-0.4736736092984604,0.6792945838081278,-1.2316448970959013,2.003535801391161,0.7376951317802901,-0.3075623426146228,0.6158384251930635
0.8273772438659699,-0.10463740114712752,-0.47454519624983954,-0.4736736092984604,-0.5609748304808925,0.8119223343984152,-0.8189865811572414,0.7376951317802901,3.2513733362117265,-1.6238025415294657
0.8273772438659699,1.2402348569754682,-0.47454519624983954,-0.4736736092984604,-0.5609748304808925,0.8119223343984152,-0.8828741679067217,0.7376951317802901,-0.3075623426146228,-1.6238025415294657
0.8273772438659699,0.27961181545932834,-0.47454519624983954,-0.4736736092984604,-0.5609748304808925,0.8119223343984152,-0.8160407306065733,0.7376951317802901,-0.3075623426146228,0.6158384251930635
0.8273772438659699,-0.7962859910387481,-0.47454519624983954,-0.4736736092984604,-0.5609748304808925,0.8119223343984152,-0.8019236166026618,0.7376951317802901,-0.3075623426146228,0.6158384251930635
-0.3693648410115938,-0.8731358343600393,-0.47454519624983954,-0.4736736092984604,-0.5609748304808925,0.8119223343984152,-0.3336984726090332,0.7376951317802901,-0.3075623426146228,0.6158384251930635
0.8273772438659699,-1.0268355210026217,-0.47454519624983954,-0.4736736092984604,-0.5609748304808925,0.8119223343984152,-0.8189865811572414,-1.3555735383351195,3.2513733362117265,-1.6238025415294657
-1.5661069258891576,-0.10463740114712752,-0.47454519624983954,-0.4736736092984604,-0.5609748304808925,0.8119223343984152,0.4870824563024251,0.7376951317802901,-0.3075623426146228,0.6158384251930635
-1.5661069258891576,-0.10463740114712752,-0.47454519624983954,-0.4736736092984604,-0.5609748304808925,0.8119223343984152,0.4770416648490861,0.7376951317802901,-0.3075623426146228,-1.6238025415294657
-1.5661069258891576,1.432359465278696,0.4327933656785018,-0.4736736092984604,0.059159876663617626,-1.2316448970959013,1.4362199751817062,0.7376951317802901,-0.3075623426146228,-1.6238025415294657
0.8273772438659699,-0.5657364610748746,-0.47454519624983954,-0.4736736092984604,-0.5609748304808925,0.8119223343984152,-0.8019236166026618,0.7376951317802901,-0.3075623426146228,0.6158384251930635
-1.5661069258891576,-0.027787557825836348,-0.47454519624983954,-0.4736736092984604,-0.5609748304808925,0.8119223343984152,0.4870824563024251,0.7376951317802901,-0.3075623426146228,0.6158384251930635
-1.5661069258891576,-0.10463740114712752,-0.47454519624983954,-0.4736736092984604,-0.5609748304808925,0.8119223343984152,0.34156737843370105,0.7376951317802901,-0.3075623426146228,0.6158384251930635
-1.5661069258891576,0.6638610320657843,-0.47454519624983954,0.7676298785983874,0.059159876663617626,-1.2316448970959013,2.14527242190355,0.7376951317802901,-0.3075623426146228,0.6158384251930635
0.8273772438659699,1.1249600919935314,-0.47454519624983954,-0.4736736092984604,-0.5609748304808925,0.8119223343984152,-0.7841792430073967,0.7376951317802901,-0.3075623426146228,0.6158384251930635
-0.3693648410115938,-2.025883484179407,0.4327933656785018,0.7676298785983874,0.6792945838081278,-1.2316448970959013,0.021587667954472933,0.7376951317802901,-0.3075623426146228,0.6158384251930635
-1.5661069258891576,-0.8731358343600393,0.4327933656785018,-0.4736736092984604,0.059159876663617626,-1.2316448970959013,2.5497045522452972,-1.3555735383351195,-0.3075623426146228,-1.6238025415294657
-1.5661069258891576,-0.8731358343600393,0.4327933656785018,-0.4736736092984604,0.059159876663617626,-1.2316448970959013,1.7938227894866787,0.7376951317802901,-0.3075623426146228,-1.6238025415294657
0.8273772438659699,-0.10463740114712752,0.4327933656785018,-0.4736736092984604,0.059159876663617626,-1.2316448970959013,0.2711522804976662,0.7376951317802901,3.2513733362117265,-1.6238025415294657
0.8273772438659699,-2.1027333275006983,2.2474704895351842,0.7676298785983874,1.9195639980971482,-1.2316448970959013,0.13649913806595457,0.7376951317802901,-0.3075623426146228,0.6158384251930635
-1.5661069258891576,0.4333115021019107,-0.47454519624983954,-0.4736736092984604,-0.5609748304808925,0.8119223343984152,3.3852937438182273,0.7376951317802901,-0.3075623426146228,-1.6238025415294657
0.8273772438659699,3.430455391632267,-0.47454519624983954,-0.4736736092984604,-0.5609748304808925,0.8119223343984152,-0.8160407306065733,0.7376951317802901,-0.3075623426146228,0.6158384251930635
-0.3693648410115938,0.12591212881674602,-0.47454519624983954,-0.4736736092984604,-0.5609748304808925,0.8119223343984152,-0.3336984726090332,0.7376951317802901,-0.3075623426146228,0.6158384251930635
0.8273772438659699,-0.06621247948648194,-0.47454519624983954,-0.4736736092984604,-0.5609748304808925,0.8119223343984152,-0.12717266791993012,0.7376951317802901,-0.3075623426146228,0.6158384251930635
-1.5661069258891576,2.0471582118490255,-0.47454519624983954,-0.4736736092984604,-0.5609748304808925,0.8119223343984152,0.5100012756239033,0.7376951317802901,-0.3075623426146228,-1.6238025415294657
0.8273772438659699,-0.2583370877897099,0.4327933656785018,-0.4736736092984604,0.059159876663617626,-1.2316448970959013,-0.806763380796033,0.7376951317802901,-0.3075623426146228,0.6158384251930635
0.8273772438659699,0.20276197213803718,-0.47454519624983954,-0.4736736092984604,-0.5609748304808925,0.8119223343984152,-0.806763380796033,0.7376951317802901,-0.3075623426146228,0.6158384251930635
0.8273772438659699,-0.10463740114712752,-0.47454519624983954,-0.4736736092984604,-0.5609748304808925,0.8119223343984152,-0.8823470582632056,0.7376951317802901,-0.3075623426146228,-1.6238025415294657
-1.5661069258891576,0.8175607187083667,-0.47454519624983954,-0.4736736092984604,-0.5609748304808925,0.8119223343984152,0.5198636196706229,0.7376951317802901,-0.3075623426146228,-1.6238025415294657
-1.5661069258891576,-0.1814872444684187,-0.47454519624983954,-0.4736736092984604,-0.5609748304808925,0.8119223343984152,1.4362199751817062,0.7376951317802901,-0.3075623426146228,-1.6238025415294657
0.8273772438659699,-0.10463740114712752,-0.47454519624983954,-0.4736736092984604,-0.5609748304808925,0.8119223343984152,-0.16405229962564447,0.7376951317802901,3.2513733362117265,-1.6238025415294657
0.8273772438659699,0.6638610320657843,-0.47454519624983954,-0.4736736092984604,-0.5609748304808925,0.8119223343984152,-0.8019236166026618,0.7376951317802901,-0.3075623426146228,0.6158384251930635
0.8273772438659699,-2.1795831708219895,3.1548090514635256,0.7676298785983874,2.5396987052416584,-1.2316448970959013,0.7678594338107121,0.7376951317802901,-0.3075623426146228,0.6158384251930635
-0.3693648410115938,-0.10463740114712752,-0.47454519624983954,-0.4736736092984604,-0.5609748304808925,0.8119223343984152,-3.0585777291682934,0.7376951317802901,-0.3075623426146228,0.6158384251930635
0.8273772438659699,-0.10463740114712752,-0.47454519624983954,-0.4736736092984604,-0.5609748304808925,0.8119223343984152,-0.8214439504217126,0.7376951317802901,3.2513733362117265,-1.6238025415294657
-0.3693648410115938,-2.204943619118015,0.4327933656785018,0.7676298785983874,0.6792945838081278,-1.2316448970959013,-0.2286058134653583,0.7376951317802901,-0.3075623426146228,0.6158384251930635
0.8273772438659699,-0.10463740114712752,0.4327933656785018,-0.4736736092984604,0.059159876663617626,-1.2316448970959013,-0.16405229962564447,0.7376951317802901,3.2513733362117265,-1.6238025415294657
0.8273772438659699,-2.1027333275006983,-0.47454519624983954,0.7676298785983874,0.059159876663617626,-1.2316448970959013,-0.38763069046803694,-1.3555735383351195,-0.3075623426146228,0.6158384251930635
0.8273772438659699,-0.8731358343600393,-0.47454519624983954,-0.4736736092984604,-0.5609748304808925,0.8119223343984152,-0.597669953407196,-1.3555735383351195,-0.3075623426146228,0.6158384251930635
-1.5661069258891576,1.6629089952425695,0.4327933656785018,-0.4736736092984604,0.059159876663617626,-1.2316448970959013,1.452419049919151,-1.3555735383351195,-0.3075623426146228,0.6158384251930635
-0.3693648410115938,-0.027787557825836348,0.4327933656785018,-0.4736736092984604,0.059159876663617626,-1.2316448970959013,0.4082334475616762,0.7376951317802901,-0.3075623426146228,-1.6238025415294657
0.8273772438659699,1.5092093085999871,-0.47454519624983954,-0.4736736092984604,-0.5609748304808925,0.8119223343984152,-3.0585777291682934,0.7376951317802901,-0.3075623426146228,0.6158384251930635
0.8273772438659699,-0.41203677443229225,-0.47454519624983954,-0.4736736092984604,-0.5609748304808925,0.8119223343984152,-0.6307359423566569,0.7376951317802901,-0.3075623426146228,0.6158384251930635
0.8273772438659699,0.12591212881674602,0.4327933656785018,0.7676298785983874,0.6792945838081278,-1.2316448970959013,0.11044794172866994,-1.3555735383351195,-0.3075623426146228,0.6158384251930635
0.8273772438659699,1.2018099353148226,-0.47454519624983954,-0.4736736092984604,-0.5609748304808925,0.8119223343984152,-0.8189865811572414,-1.3555735383351195,-0.3075623426146228,0.6158384251930635
0.8273772438659699,0.20276197213803718,-0.47454519624983954,-0.4736736092984604,-0.5609748304808925,0.8119223343984152,-0.798539974052802,0.7376951317802901,-0.3075623426146228,0.6158384251930635
0.8273772438659699,-0.8731358343600393,-0.47454519624983954,0.7676298785983874,0.059159876663617626,-1.2316448970959013,-0.23166125968823223,-1.3555735383351195,-0.3075623426146228,-1.6238025415294657
-0.3693648410115938,1.1249600919935314,0.4327933656785018,-0.4736736092984604,0.059159876663617626,-1.2316448970959013,0.3444394801955362,-1.3555735383351195,-0.3075623426146228,0.6158384251930635
-1.5661069258891576,1.3555096219574048,0.4327933656785018,0.7676298785983874,0.6792945838081278,-1.2316448970959013,1.0515683442816504,-1.3555735383351195,-0.3075623426146228,0.6158384251930635
-0.3693648410115938,0.5485862670838475,-0.47454519624983954,2.0089333664952354,0.6792945838081278,-1.2316448970959013,0.3444394801955362,0.7376951317802901,-0.3075623426146228,0.6158384251930635
-0.3693648410115938,0.04906228549545483,-0.47454519624983954,-0.4736736092984604,-0.5609748304808925,0.8119223343984152,-0.3336984726090332,0.7376951317802901,-0.3075623426146228,0.6158384251930635
-0.3693648410115938,-0.1814872444684187,-0.47454519624983954,-0.4736736092984604,-0.5609748304808925,0.8119223343984152,-0.5368057694182641,-1.3555735383351195,-0.3075623426146228,0.6158384251930635
0.8273772438659699,-0.027787557825836348,-0.47454519624983954,-0.4736736092984604,-0.5609748304808925,0.8119223343984152,-0.6307359423566569,0.7376951317802901,-0.3075623426146228,0.6158384251930635
-1.5661069258891576,3.1999058616683933,-0.47454519624983954,-0.4736736092984604,-0.5609748304808925,0.8119223343984152,0.9910237262754293,0.7376951317802901,-0.3075623426146228,-1.6238025415294657
-1.5661069258891576,1.7397588385638607,0.4327933656785018,0.7676298785983874,0.6792945838081278,-1.2316448970959013,1.6379421972192298,-1.3555735383351195,-0.3075623426146228,0.6158384251930635
0.8273772438659699,1.0481102486722402,0.4327933656785018,6.974147318082627,3.779968119530679,-1.2316448970959013,0.936361092700485,-1.3555735383351195,-0.3075623426146228,0.6158384251930635
0.8273772438659699,-0.5657364610748746,-0.47454519624983954,-0.4736736092984604,-0.5609748304808925,0.8119223343984152,-0.8019236166026618,0.7376951317802901,-0.3075623426146228,0.6158384251930635
0.8273772438659699,-0.10463740114712752,1.340131927606843,-0.4736736092984604,0.6792945838081278,-1.2316448970959013,0.23352593393921808,-1.3555735383351195,3.2513733362117265,-1.6238025415294657
-1.5661069258891576,-0.10463740114712752,-0.47454519624983954,0.7676298785983874,0.059159876663617626,-1.2316448970959013,1.0976780669265336,-1.3555735383351195,-0.3075623426146228,0.6158384251930635
0.8273772438659699,-0.2583370877897099,-0.47454519624983954,-0.4736736092984604,-0.5609748304808925,0.8119223343984152,-0.8019236166026618,0.7376951317802901,-0.3075623426146228,0.6158384251930635
0.8273772438659699,-0.33518693111100106,0.4327933656785018,-0.4736736092984604,0.059159876663617626,-1.2316448970959013,-0.798539974052802,-1.3555735383351195,-0.3075623426146228,0.6158384251930635
-1.5661069258891576,-0.10463740114712752,-0.47454519624983954,-0.4736736092984604,-0.5609748304808925,0.8119223343984152,-3.0585777291682934,0.7376951317802901,-0.3075623426146228,0.6158384251930635
-1.5661069258891576,0.12591212881674602,-0.47454519624983954,2.0089333664952354,0.6792945838081278,-1.2316448970959013,2.218822021910339,-1.3555735383351195,-0.3075623426146228,0.6158384251930635
0.8273772438659699,1.2018099353148226,-0.47454519624983954,-0.4736736092984604,-0.5609748304808925,0.8119223343984152,-0.7841792430073967,0.7376951317802901,-0.3075623426146228,0.6158384251930635
0.8273772438659699,-0.5657364610748746,-0.47454519624983954,-0.4736736092984604,-0.5609748304808925,0.8119223343984152,-0.8797405693934278,0.7376951317802901,-0.3075623426146228,0.6158384251930635
-1.5661069258891576,1.5092093085999871,0.4327933656785018,-0.4736736092984604,0.059159876663617626,-1.2316448970959013,1.4362199751817062,-1.3555735383351195,-0.3075623426146228,-1.6238025415294657
-0.3693648410115938,-0.5657364610748746,0.4327933656785018,2.0089333664952354,1.299429290952638,-1.2316448970959013,0.8147822510349934,-1.3555735383351195,-0.3075623426146228,-1.6238025415294657
0.8273772438659699,-1.949033640858116,-0.47454519624983954,2.0089333664952354,0.6792945838081278,-1.2316448970959013,0.1800041951014629,-1.3555735383351195,-0.3075623426146228,0.6158384251930635
0.8273772438659699,-0.027787557825836348,-0.47454519624983954,2.0089333664952354,0.6792945838081278,-1.2316448970959013,-0.1800831698720664,-1.3555735383351195,-0.3075623426146228,-1.6238025415294657
-0.3693648410115938,0.35646165878061953,-0.47454519624983954,-0.4736736092984604,-0.5609748304808925,0.8119223343984152,-0.3336984726090332,0.7376951317802901,-0.3075623426146228,0.6158384251930635
-1.5661069258891576,1.432359465278696,-0.47454519624983954,-0.4736736092984604,-0.5609748304808925,0.8119223343984152,0.3417284274758476,-1.3555735383351195,-0.3075623426146228,0.6158384251930635
-0.3693648410115938,-0.1814872444684187,0.4327933656785018,-0.4736736092984604,0.059159876663617626,-1.2316448970959013,0.1329851701219792,-1.3555735383351195,-0.3075623426146228,0.6158384251930635
-1.5661069258891576,1.893458525206443,0.4327933656785018,-0.4736736092984604,0.059159876663617626,-1.2316448970959013,1.1757752036108362,-1.3555735383351195,-0.3075623426146228,-1.6238025415294657
-0.3693648410115938,-0.10463740114712752,-0.47454519624983954,-0.4736736092984604,-0.5609748304808925,0.8119223343984152,-0.27197037165090676,0.7376951317802901,-0.3075623426146228,-1.6238025415294657
-0.3693648410115938,-0.7962859910387481,0.4327933656785018,-0.4736736092984604,0.059159876663617626,-1.2316448970959013,0.3444394801955362,-1.3555735383351195,-0.3075623426146228,0.6158384251930635
-1.5661069258891576,-0.5657364610748746,0.4327933656785018,-0.4736736092984604,0.059159876663617626,-1.2316448970959013,1.2920564383571118,-1.3555735383351195,-0.3075623426146228,0.6158384251930635
-1.5661069258891576,1.2402348569754682,-0.47454519624983954,-0.4736736092984604,-0.5609748304808925,0.8119223343984152,0.4358726267231761,0.7376951317802901,-0.3075623426146228,0.6158384251930635
-1.5661069258891576,-0.10463740114712752,-0.47454519624983954,-0.4736736092984604,-0.5609748304808925,0.8119223343984152,0.4082334475616762,0.7376951317802901,-0.3075623426146228,-1.6238025415294657
0.8273772438659699,-0.48888661775358344,-0.47454519624983954,-0.4736736092984604,-0.5609748304808925,0.8119223343984152,-0.806763380796033,0.7376951317802901,-0.3075623426146228,0.6158384251930635
0.8273772438659699,0.04906228549545483,-0.47454519624983954,-0.4736736092984604,-0.5609748304808925,0.8119223343984152,-0.7841792430073967,0.7376951317802901,-0.3075623426146228,0.6158384251930635
0.8273772438659699,-0.10463740114712752,-0.47454519624983954,-0.4736736092984604,-0.5609748304808925,0.8119223343984152,-0.8823470582632056,0.7376951317802901,-0.3075623426146228,-1.6238025415294657
-0.3693648410115938,0.35646165878061953,0.4327933656785018,-0.4736736092984604,0.059159876663617626,-1.2316448970959013,0.1329851701219792,0.7376951317802901,-0.3075623426146228,0.6158384251930635
0.8273772438659699,0.12591212881674602,-0.47454519624983954,-0.4736736092984604,-0.5609748304808925,0.8119223343984152,-0.798539974052802,0.7376951317802901,-0.3075623426146228,0.6158384251930635
0.8273772438659699,-0.10463740114712752,6.784163299176891,2.0089333664952354,5.64037224096421,-1.2316448970959013,1.3361591794576348,0.7376951317802901,-0.3075623426146228,0.6158384251930635
0.8273772438659699,0.8175607187083667,0.4327933656785018,4.491540342288931,2.5396987052416584,-1.2316448970959013,0.4146557174979072,0.7376951317802901,-0.3075623426146228,0.6158384251930635
0.8273772438659699,-0.10463740114712752,-0.47454519624983954,-0.4736736092984604,-0.5609748304808925,0.8119223343984152,-0.8189865811572414,-1.3555735383351195,3.2513733362117265,-1.6238025415294657
-0.3693648410115938,0.20276197213803718,-0.47454519624983954,-0.4736736092984604,-0.5609748304808925,0.8119223343984152,-0.5368057694182641,0.7376951317802901,-0.3075623426146228,0.6158384251930635
0.8273772438659699,-0.719436147717457,-0.47454519624983954,-0.4736736092984604,-0.5609748304808925,0.8119223343984152,-0.658138561741074,0.7376951317802901,-0.3075623426146228,0.6158384251930635
-1.5661069258891576,-0.1814872444684187,-0.47454519624983954,2.0089333664952354,0.6792945838081278,-1.2316448970959013,2.4746366111687697,0.7376951317802901,-0.3075623426146228,-1.6238025415294657
-0.3693648410115938,0.24118689379868277,-0.47454519624983954,-0.4736736092984604,-0.5609748304808925,0.8119223343984152,-0.3336984726090332,-1.3555735383351195,-0.3075623426146228,0.6158384251930635
-1.5661069258891576,1.1249600919935314,-0.47454519624983954,-0.4736736092984604,-0.5609748304808925,0.8119223343984152,0.4082334475616762,-1.3555735383351195,-0.3075623426146228,-1.6238025415294657
-0.3693648410115938,-0.48888661775358344,-0.47454519624983954,-0.4736736092984604,-0.5609748304808925,0.8119223343984152,-0.19287328396337328,0.7376951317802901,-0.3075623426146228,-1.6238025415294657
0.8273772438659699,0.35646165878061953,0.4327933656785018,0.7676298785983874,0.6792945838081278,-1.2316448970959013,-0.23528881360946907,0.7376951317802901,-0.3075623426146228,0.6158384251930635
-0.3693648410115938,0.20276197213803718,0.4327933656785018,-0.4736736092984604,0.059159876663617626,-1.2316448970959013,0.3444394801955362,0.7376951317802901,-0.3075623426146228,0.6158384251930635
-1.5661069258891576,-1.949033640858116,-0.47454519624983954,2.0089333664952354,0.6792945838081278,-1.2316448970959013,1.5021989568725875,0.7376951317802901,-0.3075623426146228,0.6158384251930635
0.8273772438659699,-2.1027333275006983,3.1548090514635256,2.0089333664952354,3.1598334123861687,-1.2316448970959013,0.5286989276421437,-1.3555735383351195,-0.3075623426146228,0.6158384251930635
-0.3693648410115938,-0.10463740114712752,-0.47454519624983954,-0.4736736092984604,-0.5609748304808925,0.8119223343984152,-3.0585777291682934,0.7376951317802901,-0.3075623426146228,0.6158384251930635
-0.3693648410115938,-0.33518693111100106,-0.47454519624983954,-0.4736736092984604,-0.5609748304808925,0.8119223343984152,-0.3336984726090332,0.7376951317802901,-0.3075623426146228,0.6158384251930635
0.8273772438659699,-0.41203677443229225,-0.47454519624983954,-0.4736736092984604,-0.5609748304808925,0.8119223343984152,-0.7841792430073967,0.7376951317802901,-0.3075623426146228,0.6158384251930635
0.8273772438659699,-0.6425863043961658,-0.47454519624983954,-0.4736736092984604,-0.5609748304808925,0.8119223343984152,-0.7165619336211217,0.7376951317802901,-0.3075623426146228,0.6158384251930635
-0.3693648410115938,0.12591212881674602,-0.47454519624983954,-0.4736736092984604,-0.5609748304808925,0.8119223343984152,-0.5368057694182641,0.7376951317802901,-0.3075623426146228,0.6158384251930635
-0.3693648410115938,1.893458525206443,-0.47454519624983954,-0.4736736092984604,-0.5609748304808925,0.8119223343984152,-0.2624619586252086,0.7376951317802901,-0.3075623426146228,0.6158384251930635
0.8273772438659699,0.27961181545932834,2.2474704895351842,-0.4736736092984604,1.299429290952638,-1.2316448970959013,-0.1423794216910609,-1.3555735383351195,-0.3075623426146228,0.6158384251930635
-0.3693648410115938,-0.48888661775358344,-0.47454519624983954,-0.4736736092984604,-0.5609748304808925,0.8119223343984152,-0.3336984726090332,0.7376951317802901,-0.3075623426146228,0.6158384251930635
-0.3693648410115938,-0.7962859910387481,0.4327933656785018,0.7676298785983874,0.6792945838081278,-1.2316448970959013,0.6904870950626278,0.7376951317802901,-0.3075623426146228,0.6158384251930635
0.8273772438659699,2.738806801740646,-0.47454519624983954,-0.4736736092984604,-0.5609748304808925,0.8119223343984152,-0.8189865811572414,0.7376951317802901,3.2513733362117265,-1.6238025415294657
0.8273772438659699,-0.10463740114712752,0.4327933656785018,-0.4736736092984604,0.059159876663617626,-1.2316448970959013,0.0833137463231359,0.7376951317802901,-0.3075623426146228,0.6158384251930635
-0.3693648410115938,0.9712604053509489,-0.47454519624983954,-0.4736736092984604,-0.5609748304808925,0.8119223343984152,-0.3336984726090332,-1.3555735383351195,-0.3075623426146228,0.6158384251930635
-0.3693648410115938,-0.8731358343600393,-0.47454519624983954,-0.4736736092984604,-0.5609748304808925,0.8119223343984152,-0.4507125974257932,0.7376951317802901,-0.3075623426146228,0.6158384251930635
-0.3693648410115938,-0.1814872444684187,-0.47454519624983954,-0.4736736092984604,-0.5609748304808925,0.8119223343984152,-0.3336984726090332,0.7376951317802901,-0.3075623426146228,0.6158384251930635
-1.5661069258891576,1.893458525206443,-0.47454519624983954,0.7676298785983874,0.059159876663617626,-1.2316448970959013,1.443609675522841,0.7376951317802901,-0.3075623426146228,0.6158384251930635
0.8273772438659699,-0.10463740114712752,-0.47454519624983954,-0.4736736092984604,-0.5609748304808925,0.8119223343984152,-0.8823470582632056,0.7376951317802901,-0.3075623426146228,-1.6238025415294657
-1.5661069258891576,1.3555096219574048,-0.47454519624983954,-0.4736736092984604,-0.5609748304808925,0.8119223343984152,1.0408277503255374,0.7376951317802901,-0.3075623426146228,0.6158384251930635
0.8273772438659699,-1.4110847376090776,4.0621476133918675,2.0089333664952354,3.779968119530679,-1.2316448970959013,0.936361092700485,0.7376951317802901,-0.3075623426146228,0.6158384251930635
-0.3693648410115938,-0.6425863043961658,1.340131927606843,-0.4736736092984604,0.6792945838081278,-1.2316448970959013,1.3924082286355355,0.7376951317802901,-0.3075623426146228,0.6158384251930635
-0.3693648410115938,-0.027787557825836348,-0.47454519624983954,-0.4736736092984604,-0.5609748304808925,0.8119223343984152,-0.5368057694182641,0.7376951317802901,-0.3075623426146228,0.6158384251930635
0.8273772438659699,0.7407108753870755,-0.47454519624983954,-0.4736736092984604,-0.5609748304808925,0.8119223343984152,0.2711522804976662,0.7376951317802901,-0.3075623426146228,0.6158384251930635
0.8273772438659699,0.7407108753870755,-0.47454519624983954,5.73284383018578,2.5396987052416584,-1.2316448970959013,0.457519539438721,-1.3555735383351195,3.2513733362117265,-1.6238025415294657
0.8273772438659699,0.5101613454232019,0.4327933656785018,-0.4736736092984604,0.059159876663617626,-1.2316448970959013,-0.16092818251417132,0.7376951317802901,-0.3075623426146228,0.6158384251930635
-1.5661069258891576,-0.9499856776813305,0.4327933656785018,-0.4736736092984604,0.059159876663617626,-1.2316448970959013,1.7938227894866787,-1.3555735383351195,-0.3075623426146228,-1.6238025415294657
0.8273772438659699,-0.10463740114712752,-0.47454519624983954,-0.4736736092984604,-0.5609748304808925,0.8119223343984152,-0.7165619336211217,0.7376951317802901,-0.3075623426146228,0.6158384251930635
0.8273772438659699,-1.4110847376090776,3.1548090514635256,2.0089333664952354,3.1598334123861687,-1.2316448970959013,0.5286989276421437,-1.3555735383351195,-0.3075623426146228,0.6158384251930635
0.8273772438659699,1.3555096219574048,0.4327933656785018,-0.4736736092984604,0.059159876663617626,-1.2316448970959013,-0.2286058134653583,-1.3555735383351195,-0.3075623426146228,0.6158384251930635
-1.5661069258891576,-0.10463740114712752,-0.47454519624983954,-0.4736736092984604,-0.5609748304808925,0.8119223343984152,0.3444394801955362,0.7376951317802901,-0.3075623426146228,0.6158384251930635
0.8273772438659699,0.6638610320657843,0.4327933656785018,5.73284383018578,3.1598334123861687,-1.2316448970959013,0.5322916934007406,-1.3555735383351195,-0.3075623426146228,0.6158384251930635
-0.3693648410115938,-0.10463740114712752,-0.47454519624983954,-0.4736736092984604,-0.5609748304808925,0.8119223343984152,-0.38278544498532663,-1.3555735383351195,3.2513733362117265,-1.6238025415294657
-1.5661069258891576,-0.7962859910387481,-0.47454519624983954,-0.4736736092984604,-0.5609748304808925,0.8119223343984152,0.4870824563024251,-1.3555735383351195,-0.3075623426146228,0.6158384251930635
-1.5661069258891576,1.432359465278696,0.4327933656785018,-0.4736736092984604,0.059159876663617626,-1.2316448970959013,0.7656365698356679,-1.3555735383351195,-0.3075623426146228,-1.6238025415294657
0.8273772438659699,-0.10463740114712752,-0.47454519624983954,-0.4736736092984604,-0.5609748304808925,0.8119223343984152,-0.8204626642072291,0.7376951317802901,3.2513733362117265,-1.6238025415294657
-1.5661069258891576,-0.10463740114712752,0.4327933656785018,-0.4736736092984604,0.059159876663617626,-1.2316448970959013,2.097794920021772,-1.3555735383351195,-0.3075623426146228,-1.6238025415294657
-1.5661069258891576,0.8175607187083667,-0.47454519624983954,-0.4736736092984604,-0.5609748304808925,0.8119223343984152,-3.0585777291682934,0.7376951317802901,-0.3075623426146228,0.6158384251930635
0.8273772438659699,0.12591212881674602,-0.47454519624983954,-0.4736736092984604,-0.5609748304808925,0.8119223343984152,-0.8160407306065733,0.7376951317802901,-0.3075623426146228,0.6158384251930635
0.8273772438659699,-1.6416342675729512,2.2474704895351842,0.7676298785983874,1.9195639980971482,-1.2316448970959013,0.13649913806595457,-1.3555735383351195,-0.3075623426146228,0.6158384251930635
0.8273772438659699,-0.2583370877897099,-0.47454519624983954,-0.4736736092984604,-0.5609748304808925,0.8119223343984152,0.023546289947323752,0.7376951317802901,-0.3075623426146228,-1.6238025415294657
-0.3693648410115938,-0.41203677443229225,1.340131927606843,-0.4736736092984604,0.6792945838081278,-1.2316448970959013,1.3924082286355355,0.7376951317802901,-0.3075623426146228,0.6158384251930635
0.8273772438659699,-0.5657364610748746,-0.47454519624983954,-0.4736736092984604,-0.5609748304808925,0.8119223343984152,-0.8823470582632056,0.7376951317802901,-0.3075623426146228,-1.6238025415294657
-0.3693648410115938,-1.949033640858116,0.4327933656785018,0.7676298785983874,0.6792945838081278,-1.2316448970959013,0.2228261499229997,-1.3555735383351195,-0.3075623426146228,0.6158384251930635
-1.5661069258891576,1.2018099353148226,-0.47454519624983954,-0.4736736092984604,-0.5609748304808925,0.8119223343984152,0.36526093570402607,0.7376951317802901,-0.3075623426146228,0.6158384251930635
-1.5661069258891576,0.9712604053509489,-0.47454519624983954,-0.4736736092984604,-0.5609748304808925,0.8119223343984152,2.5497045522452972,-1.3555735383351195,-0.3075623426146228,-1.6238025415294657
-1.5661069258891576,0.20276197213803718,-0.47454519624983954,-0.4736736092984604,-0.5609748304808925,0.8119223343984152,0.5036031274312862,0.7376951317802901,-0.3075623426146228,-1.6238025415294657
0.8273772438659699,1.6629089952425695,-0.47454519624983954,-0.4736736092984604,-0.5609748304808925,0.8119223343984152,-0.7841792430073967,0.7376951317802901,-0.3075623426146228,0.6158384251930635
0.8273772438659699,-1.1421102859845584,0.4327933656785018,-0.4736736092984604,0.059159876663617626,-1.2316448970959013,-0.23166125968823223,-1.3555735383351195,-0.3075623426146228,-1.6238025415294657
0.8273772438659699,-0.10463740114712752,-0.47454519624983954,-0.4736736092984604,-0.5609748304808925,0.8119223343984152,-0.9050797531497122,0.7376951317802901,-0.3075623426146228,0.6158384251930635
0.8273772438659699,-0.1814872444684187,0.4327933656785018,-0.4736736092984604,0.059159876663617626,-1.2316448970959013,-0.23166125968823223,0.7376951317802901,-0.3075623426146228,-1.6238025415294657
-1.5661069258891576,-0.10463740114712752,-0.47454519624983954,-0.4736736092984604,-0.5609748304808925,0.8119223343984152,0.36526093570402607,0.7376951317802901,-0.3075623426146228,0.6158384251930635
0.8273772438659699,-1.6416342675729512,3.1548090514635256,0.7676298785983874,2.5396987052416584,-1.2316448970959013,0.457519539438721,0.7376951317802901,3.2513733362117265,-1.6238025415294657
-0.3693648410115938,0.9712604053509489,0.4327933656785018,-0.4736736092984604,0.059159876663617626,-1.2316448970959013,0.3819897971587497,0.7376951317802901,-0.3075623426146228,0.6158384251930635
-1.5661069258891576,0.8175607187083667,0.4327933656785018,0.7676298785983874,0.6792945838081278,-1.2316448970959013,2.010033264475824,-1.3555735383351195,-0.3075623426146228,-1.6238025415294657
0.8273772438659699,-1.8721837975368247,3.1548090514635256,2.0089333664952354,3.1598334123861687,-1.2316448970959013,0.5322916934007406,-1.3555735383351195,-0.3075623426146228,0.6158384251930635
0.8273772438659699,0.04906228549545483,-0.47454519624983954,-0.4736736092984604,-0.5609748304808925,0.8119223343984152,-0.8019236166026618,0.7376951317802901,-0.3075623426146228,0.6158384251930635
0.8273772438659699,-0.10463740114712752,-0.47454519624983954,-0.4736736092984604,-0.5609748304808925,0.8119223343984152,-0.8189865811572414,-1.3555735383351195,3.2513733362117265,-1.6238025415294657
0.8273772438659699,-1.949033640858116,3.1548090514635256,0.7676298785983874,2.5396987052416584,-1.2316448970959013,0.457519539438721,0.7376951317802901,3.2513733362117265,-1.6238025415294657
-0.3693648410115938,-2.192647644186609,0.4327933656785018,0.7676298785983874,0.6792945838081278,-1.2316448970959013,0.021587667954472933,0.7376951317802901,-0.3075623426146228,0.6158384251930635
-0.3693648410115938,-0.10463740114712752,0.4327933656785018,-0.4736736092984604,0.059159876663617626,-1.2316448970959013,0.3444394801955362,-1.3555735383351195,-0.3075623426146228,0.6158384251930635
0.8273772438659699,-0.719436147717457,-0.47454519624983954,-0.4736736092984604,-0.5609748304808925,0.8119223343984152,-1.3942229498762084,0.7376951317802901,-0.3075623426146228,-1.6238025415294657
0.8273772438659699,-0.10463740114712752,-0.47454519624983954,-0.4736736092984604,-0.5609748304808925,0.8119223343984152,-0.8828741679067217,0.7376951317802901,-0.3075623426146228,-1.6238025415294657
-1.5661069258891576,-0.10463740114712752,-0.47454519624983954,-0.4736736092984604,-0.5609748304808925,0.8119223343984152,0.5100012756239033,0.7376951317802901,-0.3075623426146228,-1.6238025415294657
0.8273772438659699,-0.9499856776813305,-0.47454519624983954,-0.4736736092984604,-0.5609748304808925,0.8119223343984152,-0.7165619336211217,0.7376951317802901,-0.3075623426146228,0.6158384251930635
0.8273772438659699,-0.10463740114712752,-0.47454519624983954,-0.4736736092984604,-0.5609748304808925,0.8119223343984152,-0.71123278673221,0.7376951317802901,-0.3075623426146228,-1.6238025415294657
0.8273772438659699,-0.027787557825836348,-0.47454519624983954,-0.4736736092984604,-0.5609748304808925,0.8119223343984152,-0.8160407306065733,0.7376951317802901,-0.3075623426146228,0.6158384251930635
0.8273772438659699,0.4333115021019107,-0.47454519624983954,-0.4736736092984604,-0.5609748304808925,0.8119223343984152,-0.8955045384601199,0.7376951317802901,-0.3075623426146228,0.6158384251930635
0.8273772438659699,-1.7953339542155335,3.1548090514635256,2.0089333664952354,3.1598334123861687,-1.2316448970959013,0.5286989276421437,-1.3555735383351195,-0.3075623426146228,0.6158384251930635
0.8273772438659699,-0.7962859910387481,-0.47454519624983954,-0.4736736092984604,-0.5609748304808925,0.8119223343984152,-0.8038521494426432,-1.3555735383351195,3.2513733362117265,-1.6238025415294657
0.8273772438659699,-0.6425863043961658,-0.47454519624983954,-0.4736736092984604,-0.5609748304808925,0.8119223343984152,-0.806763380796033,0.7376951317802901,-0.3075623426146228,0.6158384251930635
0.8273772438659699,-0.719436147717457,-0.47454519624983954,-0.4736736092984604,-0.5609748304808925,0.8119223343984152,-0.5972795597045875,0.7376951317802901,-0.3075623426146228,0.6158384251930635
-0.3693648410115938,-1.7184841108942424,-0.47454519624983954,2.0089333664952354,0.6792945838081278,-1.2316448970959013,0.35395586016517094,-1.3555735383351195,-0.3075623426146228,0.6158384251930635
0.8273772438659699,0.7407108753870755,-0.47454519624983954,-0.4736736092984604,-0.5609748304808925,0.8119223343984152,-0.798539974052802,0.7376951317802901,-0.3075623426146228,0.6158384251930635
0.8273772438659699,-0.2583370877897099,0.4327933656785018,-0.4736736092984604,0.059159876663617626,-1.2316448970959013,-0.23166125968823223,0.7376951317802901,-0.3075623426146228,-1.6238025415294657
0.8273772438659699,1.2018099353148226,-0.47454519624983954,0.7676298785983874,0.059159876663617626,-1.2316448970959013,-0.23166125968823223,-1.3555735383351195,-0.3075623426146228,-1.6238025415294657
0.8273772438659699,0.27961181545932834,0.4327933656785018,0.7676298785983874,0.6792945838081278,-1.2316448970959013,0.11044794172866994,0.7376951317802901,-0.3075623426146228,0.6158384251930635
-0.3693648410115938,-2.1027333275006983,0.4327933656785018,0.7676298785983874,0.6792945838081278,-1.2316448970959013,0.3444394801955362,0.7376951317802901,-0.3075623426146228,0.6158384251930635
-1.5661069258891576,-0.10463740114712752,0.4327933656785018,-0.4736736092984604,0.059159876663617626,-1.2316448970959013,1.588760118059578,-1.3555735383351195,-0.3075623426146228,-1.6238025415294657
0.8273772438659699,-0.2583370877897099,0.4327933656785018,-0.4736736092984604,0.059159876663617626,-1.2316448970959013,-0.12717266791993012,-1.3555735383351195,-0.3075623426146228,0.6158384251930635
0.8273772438659699,0.20276197213803718,-0.47454519624983954,-0.4736736092984604,-0.5609748304808925,0.8119223343984152,1.1248955097361595,0.7376951317802901,-0.3075623426146228,0.6158384251930635
-1.5661069258891576,0.4333115021019107,-0.47454519624983954,-0.4736736092984604,-0.5609748304808925,0.8119223343984152,2.0186331792044068,-1.3555735383351195,-0.3075623426146228,0.6158384251930635
0.8273772438659699,-0.10463740114712752,0.4327933656785018,0.7676298785983874,0.6792945838081278,-1.2316448970959013,-0.23528881360946907,-1.3555735383351195,-0.3075623426146228,0.6158384251930635
0.8273772438659699,0.7407108753870755,0.4327933656785018,5.73284383018578,3.1598334123861687,-1.2316448970959013,0.5286989276421437,0.7376951317802901,-0.3075623426146228,0.6158384251930635
0.8273772438659699,-0.10463740114712752,-0.47454519624983954,-0.4736736092984604,-0.5609748304808925,0.8119223343984152,-0.6307359423566569,0.7376951317802901,-0.3075623426146228,0.6158384251930635
-1.5661069258891576,0.5870111887444931,-0.47454519624983954,0.7676298785983874,0.059159876663617626,-1.2316448970959013,0.4770416648490861,0.7376951317802901,-0.3075623426146228,-1.6238025415294657
0.8273772438659699,-0.10463740114712752,-0.47454519624983954,-0.4736736092984604,-0.5609748304808925,0.8119223343984152,-0.8797405693934278,0.7376951317802901,-0.3075623426146228,0.6158384251930635
0.8273772438659699,-1.949033640858116,3.1548090514635256,2.0089333664952354,3.1598334123861687,-1.2316448970959013,0.5286989276421437,0.7376951317802901,-0.3075623426146228,0.6158384251930635
-1.5661069258891576,-0.48888661775358344,-0.47454519624983954,0.7676298785983874,0.059159876663617626,-1.2316448970959013,1.241316266924983,0.7376951317802901,-0.3075623426146228,-1.6238025415294657
0.8273772438659699,0.6638610320657843,-0.47454519624983954,-0.4736736092984604,-0.5609748304808925,0.8119223343984152,-0.9050797531497122,0.7376951317802901,-0.3075623426146228,0.6158384251930635
0.8273772438659699,-0.33518693111100106,-0.47454519624983954,-0.4736736092984604,-0.5609748304808925,0.8119223343984152,-0.9050797531497122,0.7376951317802901,-0.3075623426146228,0.6158384251930635
-0.3693648410115938,-0.027787557825836348,-0.47454519624983954,-0.4736736092984604,-0.5609748304808925,0.8119223343984152,-0.5368057694182641,-1.3555735383351195,-0.3075623426146228,0.6158384251930635
-1.5661069258891576,1.893458525206443,-0.47454519624983954,-0.4736736092984604,-0.5609748304808925,0.8119223343984152,1.038145562232327,0.7376951317802901,-0.3075623426146228,0.6158384251930635
-0.3693648410115938,-0.41203677443229225,-0.47454519624983954,2.0089333664952354,0.6792945838081278,-1.2316448970959013,-0.2286058134653583,-1.3555735383351195,-0.3075623426146228,0.6158384251930635
0.8273772438659699,-0.10463740114712752,-0.47454519624983954,-0.4736736092984604,-0.5609748304808925,0.8119223343984152,-0.8019236166026618,0.7376951317802901,-0.3075623426146228,0.6158384251930635
0.8273772438659699,-0.10463740114712752,-0.47454519624983954,2.0089333664952354,0.6792945838081278,-1.2316448970959013,0.19484336402527688,-1.3555735383351195,-0.3075623426146228,-1.6238025415294657
0.8273772438659699,-1.180535207645204,-0.47454519624983954,-0.4736736092984604,-0.5609748304808925,0.8119223343984152,-0.806763380796033,-1.3555735383351195,-0.3075623426146228,0.6158384251930635
-0.3693648410115938,0.8944105620296577,-0.47454519624983954,0.7676298785983874,0.059159876663617626,-1.2316448970959013,0.06007112543995847,-1.3555735383351195,-0.3075623426146228,0.6158384251930635
0.8273772438659699,-0.10463740114712752,-0.47454519624983954,-0.4736736092984604,-0.5609748304808925,0.8119223343984152,-0.2286058134653583,0.7376951317802901,-0.3075623426146228,0.6158384251930635
-0.3693648410115938,1.5860591519212783,-0.47454519624983954,-0.4736736092984604,-0.5609748304808925,0.8119223343984152,-0.5368057694182641,-1.3555735383351195,-0.3075623426146228,0.6158384251930635
0.8273772438659699,-0.10463740114712752,-0.47454519624983954,-0.4736736092984604,-0.5609748304808925,0.8119223343984152,-0.8823470582632056,0.7376951317802901,-0.3075623426146228,-1.6238025415294657
0.8273772438659699,-0.6425863043961658,-0.47454519624983954,-0.4736736092984604,-0.5609748304808925,0.8119223343984152,-0.8160407306065733,0.7376951317802901,-0.3075623426146228,0.6158384251930635
-1.5661069258891576,-0.5657364610748746,-0.47454519624983954,2.0089333664952354,0.6792945838081278,-1.2316448970959013,0.9909378569025421,-1.3555735383351195,-0.3075623426146228,-1.6238025415294657
0.8273772438659699,-0.41203677443229225,-0.47454519624983954,-0.4736736092984604,-0.5609748304808925,0.8119223343984152,-0.8494271027413144,0.7376951317802901,-0.3075623426146228,0.6158384251930635
-0.3693648410115938,-0.6425863043961658,-0.47454519624983954,-0.4736736092984604,-0.5609748304808925,0.8119223343984152,-0.5368057694182641,-1.3555735383351195,-0.3075623426146228,0.6158384251930635
0.8273772438659699,1.6629089952425695,-0.47454519624983954,-0.4736736092984604,-0.5609748304808925,0.8119223343984152,-0.9045411875888885,0.7376951317802901,-0.3075623426146228,0.6158384251930635
-0.3693648410115938,-0.41203677443229225,1.340131927606843,0.7676298785983874,1.299429290952638,-1.2316448970959013,0.3819897971587497,-1.3555735383351195,-0.3075623426146228,0.6158384251930635
-0.3693648410115938,-0.7962859910387481,-0.47454519624983954,-0.4736736092984604,-0.5609748304808925,0.8119223343984152,-0.3336984726090332,0.7376951317802901,-0.3075623426146228,0.6158384251930635
0.8273772438659699,-0.5657364610748746,-0.47454519624983954,-0.4736736092984604,-0.5609748304808925,0.8119223343984152,-0.7841792430073967,0.7376951317802901,-0.3075623426146228,0.6158384251930635
-1.5661069258891576,2.4314074284554814,-0.47454519624983954,-0.4736736092984604,-0.5609748304808925,0.8119223343984152,0.5975333003696796,0.7376951317802901,-0.3075623426146228,0.6158384251930635
0.8273772438659699,-0.10463740114712752,-0.47454519624983954,-0.4736736092984604,-0.5609748304808925,0.8119223343984152,-0.7841792430073967,0.7376951317802901,-0.3075623426146228,0.6158384251930635
0.8273772438659699,-0.7962859910387481,-0.47454519624983954,-0.4736736092984604,-0.5609748304808925,0.8119223343984152,-0.5667940759868451,0.7376951317802901,-0.3075623426146228,0.6158384251930635
0.8273772438659699,-0.10463740114712752,-0.47454519624983954,-0.4736736092984604,-0.5609748304808925,0.8119223343984152,-0.7841792430073967,0.7376951317802901,-0.3075623426146228,0.6158384251930635
0.8273772438659699,-0.5657364610748746,-0.47454519624983954,-0.4736736092984604,-0.5609748304808925,0.8119223343984152,-0.8189865811572414,-1.3555735383351195,3.2513733362117265,-1.6238025415294657
0.8273772438659699,-0.10463740114712752,-0.47454519624983954,-0.4736736092984604,-0.5609748304808925,0.8119223343984152,0.20218592718197398,0.7376951317802901,-0.3075623426146228,0.6158384251930635
-0.3693648410115938,1.893458525206443,0.4327933656785018,3.250236854392083,1.9195639980971482,-1.2316448970959013,0.2228261499229997,-1.3555735383351195,-0.3075623426146228,0.6158384251930635
0.8273772438659699,0.8944105620296577,-0.47454519624983954,-0.4736736092984604,-0.5609748304808925,0.8119223343984152,-0.8955045384601199,0.7376951317802901,-0.3075623426146228,0.6158384251930635
0.8273772438659699,-0.06621247948648194,-0.47454519624983954,-0.4736736092984604,-0.5609748304808925,0.8119223343984152,-0.8823470582632056,0.7376951317802901,-0.3075623426146228,-1.6238025415294657
0.8273772438659699,-0.10463740114712752,-0.47454519624983954,-0.4736736092984604,-0.5609748304808925,0.8119223343984152,-0.8019236166026618,0.7376951317802901,-0.3075623426146228,-1.6238025415294657
-0.3693648410115938,-0.6425863043961658,0.4327933656785018,-0.4736736092984604,0.059159876663617626,-1.2316448970959013,-0.4507125974257932,0.7376951317802901,-0.3075623426146228,0.6158384251930635
-0.3693648410115938,0.8175607187083667,0.4327933656785018,0.7676298785983874,0.6792945838081278,-1.2316448970959013,0.750263780890198,-1.3555735383351195,-0.3075623426146228,0.6158384251930635
-0.3693648410115938,0.5101613454232019,-0.47454519624983954,-0.4736736092984604,-0.5609748304808925,0.8119223343984152,-0.5368057694182641,0.7376951317802901,-0.3075623426146228,0.6158384251930635
-0.3693648410115938,-0.027787557825836348,0.4327933656785018,-0.4736736092984604,0.059159876663617626,-1.2316448970959013,0.3444394801955362,-1.3555735383351195,-0.3075623426146228,0.6158384251930635
0.8273772438659699,-1.1036853643239128,0.4327933656785018,-0.4736736092984604,0.059159876663617626,-1.2316448970959013,-0.23166125968823223,-1.3555735383351195,-0.3075623426146228,-1.6238025415294657
0.8273772438659699,0.8559856403690123,-0.47454519624983954,-0.4736736092984604,-0.5609748304808925,0.8119223343984152,-0.8189865811572414,0.7376951317802901,3.2513733362117265,-1.6238025415294657
0.8273772438659699,-0.027787557825836348,-0.47454519624983954,-0.4736736092984604,-0.5609748304808925,0.8119223343984152,-0.8189865811572414,0.7376951317802901,3.2513733362117265,-1.6238025415294657
-0.3693648410115938,0.27961181545932834,-0.47454519624983954,2.0089333664952354,0.6792945838081278,-1.2316448970959013,0.3444394801955362,-1.3555735383351195,-0.3075623426146228,0.6158384251930635
0.8273772438659699,-0.7962859910387481,-0.47454519624983954,-0.4736736092984604,-0.5609748304808925,0.8119223343984152,-0.7841792430073967,0.7376951317802901,-0.3075623426146228,0.6158384251930635
-0.3693648410115938,0.4333115021019107,-0.47454519624983954,-0.4736736092984604,-0.5609748304808925,0.8119223343984152,-0.5368057694182641,0.7376951317802901,-0.3075623426146228,0.6158384251930635
-1.5661069258891576,-0.8731358343600393,1.340131927606843,2.0089333664952354,1.9195639980971482,-1.2316448970959013,2.6962534687059603,-1.3555735383351195,-0.3075623426146228,-1.6238025415294657
0.8273772438659699,-0.8731358343600393,0.4327933656785018,-0.4736736092984604,0.059159876663617626,-1.2316448970959013,-0.0293120756270656,-1.3555735383351195,-0.3075623426146228,0.6158384251930635
-1.5661069258891576,-0.10463740114712752,-0.47454519624983954,-0.4736736092984604,-0.5609748304808925,0.8119223343984152,0.8344967423387601,0.7376951317802901,-0.3075623426146228,0.6158384251930635
0.8273772438659699,-0.10463740114712752,-0.47454519624983954,-0.4736736092984604,-0.5609748304808925,0.8119223343984152,-0.8209591021193487,0.7376951317802901,3.2513733362117265,-1.6238025415294657
0.8273772438659699,-0.10463740114712752,-0.47454519624983954,-0.4736736092984604,-0.5609748304808925,0.8119223343984152,-0.7841792430073967,0.7376951317802901,-0.3075623426146228,0.6158384251930635
-1.5661069258891576,-0.6425863043961658,-0.47454519624983954,0.7676298785983874,0.059159876663617626,-1.2316448970959013,1.443609675522841,0.7376951317802901,-0.3075623426146228,0.6158384251930635
0.8273772438659699,-0.10463740114712752,-0.47454519624983954,-0.4736736092984604,-0.5609748304808925,0.8119223343984152,-0.809682843697731,-1.3555735383351195,3.2513733362117265,-1.6238025415294657
-1.5661069258891576,0.7407108753870755,0.4327933656785018,0.7676298785983874,0.6792945838081278,-1.2316448970959013,1.812289926928167,-1.3555735383351195,-0.3075623426146228,-1.6238025415294657
0.8273772438659699,-0.719436147717457,-0.47454519624983954,-0.4736736092984604,-0.5609748304808925,0.8119223343984152,-0.806763380796033,0.7376951317802901,-0.3075623426146228,0.6158384251930635
-1.5661069258891576,2.200857898491608,-0.47454519624983954,-0.4736736092984604,-0.5609748304808925,0.8119223343984152,0.4770416648490861,0.7376951317802901,-0.3075623426146228,-1.6238025415294657
-1.5661069258891576,1.5092093085999871,0.4327933656785018,-0.4736736092984604,0.059159876663617626,-1.2316448970959013,1.1326493972880125,0.7376951317802901,-0.3075623426146228,-1.6238025415294657
0.8273772438659699,-1.8721837975368247,1.340131927606843,0.7676298785983874,1.299429290952638,-1.2316448970959013,0.047825129435189045,-1.3555735383351195,-0.3075623426146228,-1.6238025415294657
-1.5661069258891576,0.7407108753870755,0.4327933656785018,0.7676298785983874,0.6792945838081278,-1.2316448970959013,1.4743073772537167,-1.3555735383351195,-0.3075623426146228,0.6158384251930635
0.8273772438659699,-0.9499856776813305,-0.47454519624983954,-0.4736736092984604,-0.5609748304808925,0.8119223343984152,-0.7165619336211217,0.7376951317802901,-0.3075623426146228,0.6158384251930635
-1.5661069258891576,2.738806801740646,-0.47454519624983954,0.7676298785983874,0.059159876663617626,-1.2316448970959013,1.2189504454470093,0.7376951317802901,-0.3075623426146228,-1.6238025415294657
-1.5661069258891576,-0.10463740114712752,0.4327933656785018,-0.4736736092984604,0.059159876663617626,-1.2316448970959013,2.003535801391161,-1.3555735383351195,-0.3075623426146228,0.6158384251930635
-1.5661069258891576,-0.10463740114712752,-0.47454519624983954,-0.4736736092984604,-0.5609748304808925,0.8119223343984152,1.812289926928167,-1.3555735383351195,-0.3075623426146228,-1.6238025415294657
0.8273772438659699,-0.6425863043961658,-0.47454519624983954,-0.4736736092984604,-0.5609748304808925,0.8119223343984152,-0.7841792430073967,0.7376951317802901,-0.3075623426146228,0.6158384251930635
-1.5661069258891576,0.12591212881674602,-0.47454519624983954,-0.4736736092984604,-0.5609748304808925,0.8119223343984152,1.0110997852233976,0.7376951317802901,-0.3075623426146228,0.6158384251930635
0.8273772438659699,0.20276197213803718,-0.47454519624983954,-0.4736736092984604,-0.5609748304808925,0.8119223343984152,-0.798539974052802,0.7376951317802901,-0.3075623426146228,0.6158384251930635
-0.3693648410115938,0.7407108753870755,-0.47454519624983954,-0.4736736092984604,-0.5609748304808925,0.8119223343984152,-0.3336984726090332,0.7376951317802901,-0.3075623426146228,0.6158384251930635
0.8273772438659699,-0.719436147717457,-0.47454519624983954,-0.4736736092984604,-0.5609748304808925,0.8119223343984152,-0.7841792430073967,0.7376951317802901,-0.3075623426146228,0.6158384251930635
-0.3693648410115938,0.35646165878061953,-0.47454519624983954,-0.4736736092984604,-0.5609748304808925,0.8119223343984152,-0.3336984726090332,0.7376951317802901,-0.3075623426146228,0.6158384251930635
-1.5661069258891576,1.3555096219574048,-0.47454519624983954,-0.4736736092984604,-0.5609748304808925,0.8119223343984152,0.32854312829417104,0.7376951317802901,-0.3075623426146228,0.6158384251930635
-1.5661069258891576,0.5101613454232019,-0.47454519624983954,-0.4736736092984604,-0.5609748304808925,0.8119223343984152,0.3553757823476229,0.7376951317802901,-0.3075623426146228,0.6158384251930635
0.8273772438659699,-0.6425863043961658,-0.47454519624983954,-0.4736736092984604,-0.5609748304808925,0.8119223343984152,-0.12717266791993012,0.7376951317802901,-0.3075623426146228,0.6158384251930635
0.8273772438659699,-0.10463740114712752,-0.47454519624983954,-0.4736736092984604,-0.5609748304808925,0.8119223343984152,-0.7841792430073967,0.7376951317802901,-0.3075623426146228,0.6158384251930635
0.8273772438659699,-0.10463740114712752,-0.47454519624983954,-0.4736736092984604,-0.5609748304808925,0.8119223343984152,-0.8019236166026618,0.7376951317802901,-0.3075623426146228,0.6158384251930635
0.8273772438659699,0.04906228549545483,-0.47454519624983954,-0.4736736092984604,-0.5609748304808925,0.8119223343984152,-0.7165619336211217,-1.3555735383351195,-0.3075623426146228,0.6158384251930635
0.8273772438659699,-0.10463740114712752,-0.47454519624983954,-0.4736736092984604,-0.5609748304808925,0.8119223343984152,-0.8019236166026618,0.7376951317802901,-0.3075623426146228,0.6158384251930635
0.8273772438659699,-0.10463740114712752,-0.47454519624983954,-0.4736736092984604,-0.5609748304808925,0.8119223343984152,-0.8828741679067217,0.7376951317802901,-0.3075623426146228,-1.6238025415294657
0.8273772438659699,0.27961181545932834,-0.47454519624983954,-0.4736736092984604,-0.5609748304808925,0.8119223343984152,-0.7174492400289059,0.7376951317802901,-0.3075623426146228,0.6158384251930635
-1.5661069258891576,0.04906228549545483,-0.47454519624983954,-0.4736736092984604,-0.5609748304808925,0.8119223343984152,1.1326493972880125,-1.3555735383351195,-0.3075623426146228,-1.6238025415294657
-0.3693648410115938,-2.1795831708219895,1.340131927606843,0.7676298785983874,1.299429290952638,-1.2316448970959013,0.750263780890198,0.7376951317802901,-0.3075623426146228,0.6158384251930635
0.8273772438659699,-0.719436147717457,-0.47454519624983954,-0.4736736092984604,-0.5609748304808925,0.8119223343984152,-0.7165619336211217,-1.3555735383351195,-0.3075623426146228,0.6158384251930635
-0.3693648410115938,0.35646165878061953,0.4327933656785018,0.7676298785983874,0.6792945838081278,-1.2316448970959013,0.5671628780396996,-1.3555735383351195,-0.3075623426146228,0.6158384251930635
-1.5661069258891576,1.2018099353148226,-0.47454519624983954,-0.4736736092984604,-0.5609748304808925,0.8119223343984152,0.6557188297748954,0.7376951317802901,-0.3075623426146228,0.6158384251930635
-0.3693648410115938,0.5101613454232019,-0.47454519624983954,-0.4736736092984604,-0.5609748304808925,0.8119223343984152,-0.3336984726090332,-1.3555735383351195,-0.3075623426146228,0.6158384251930635
0.8273772438659699,0.7407108753870755,-0.47454519624983954,-0.4736736092984604,-0.5609748304808925,0.8119223343984152,-0.798539974052802,0.7376951317802901,-0.3075623426146228,0.6158384251930635
0.8273772438659699,-0.719436147717457,0.4327933656785018,0.7676298785983874,0.6792945838081278,-1.2316448970959013,-0.14903715526900022,0.7376951317802901,-0.3075623426146228,-1.6238025415294657
0.8273772438659699,0.3948865804412651,-0.47454519624983954,-0.4736736092984604,-0.5609748304808925,0.8119223343984152,-0.9867906128533871,0.7376951317802901,-0.3075623426146228,-1.6238025415294657
0.8273772438659699,-0.10463740114712752,-0.47454519624983954,-0.4736736092984604,-0.5609748304808925,0.8119223343984152,-0.6307359423566569,0.7376951317802901,-0.3075623426146228,0.6158384251930635
0.8273772438659699,-0.10463740114712752,1.340131927606843,-0.4736736092984604,0.6792945838081278,-1.2316448970959013,0.23352593393921808,0.7376951317802901,3.2513733362117265,-1.6238025415294657
0.8273772438659699,-0.10463740114712752,-0.47454519624983954,-0.4736736092984604,-0.5609748304808925,0.8119223343984152,-0.7841792430073967,0.7376951317802901,-0.3075623426146228,0.6158384251930635
0.8273772438659699,-1.4879345809303688,-0.47454519624983954,2.0089333664952354,0.6792945838081278,-1.2316448970959013,0.2711522804976662,-1.3555735383351195,-0.3075623426146228,0.6158384251930635
0.8273772438659699,-1.56478442425166,0.4327933656785018,0.7676298785983874,0.6792945838081278,-1.2316448970959013,-0.1800831698720664,-1.3555735383351195,-0.3075623426146228,-1.6238025415294657
0.8273772438659699,-0.10463740114712752,-0.47454519624983954,-0.4736736092984604,-0.5609748304808925,0.8119223343984152,-0.8019236166026618,0.7376951317802901,-0.3075623426146228,0.6158384251930635
0.8273772438659699,-0.6810112260568114,-0.47454519624983954,-0.4736736092984604,-0.5609748304808925,0.8119223343984152,-0.8797405693934278,0.7376951317802901,-0.3075623426146228,0.6158384251930635
-1.5661069258891576,-0.10463740114712752,0.4327933656785018,-0.4736736092984604,0.059159876663617626,-1.2316448970959013,1.0408277503255374,-1.3555735383351195,-0.3075623426146228,0.6158384251930635
-1.5661069258891576,0.5101613454232019,-0.47454519624983954,-0.4736736092984604,-0.5609748304808925,0.8119223343984152,2.0186331792044068,-1.3555735383351195,-0.3075623426146228,-1.6238025415294657
0.8273772438659699,-0.10463740114712752,-0.47454519624983954,-0.4736736092984604,-0.5609748304808925,0.8119223343984152,-0.7841792430073967,0.7376951317802901,-0.3075623426146228,0.6158384251930635
0.8273772438659699,-0.10463740114712752,-0.47454519624983954,-0.4736736092984604,-0.5609748304808925,0.8119223343984152,-0.8428609376877135,0.7376951317802901,-0.3075623426146228,0.6158384251930635
0.8273772438659699,-0.719436147717457,-0.47454519624983954,-0.4736736092984604,-0.5609748304808925,0.8119223343984152,-0.7165619336211217,0.7376951317802901,-0.3075623426146228,0.6158384251930635
0.8273772438659699,-0.5657364610748746,-0.47454519624983954,-0.4736736092984604,-0.5609748304808925,0.8119223343984152,-0.5353074585700541,-1.3555735383351195,-0.3075623426146228,0.6158384251930635
-0.3693648410115938,0.7407108753870755,-0.47454519624983954,-0.4736736092984604,-0.5609748304808925,0.8119223343984152,-0.3336984726090332,0.7376951317802901,-0.3075623426146228,0.6158384251930635
0.8273772438659699,0.5870111887444931,-0.47454519624983954,-0.4736736092984604,-0.5609748304808925,0.8119223343984152,-0.6221672631581132,-1.3555735383351195,-0.3075623426146228,0.6158384251930635
-0.3693648410115938,1.432359465278696,0.4327933656785018,2.0089333664952354,1.299429290952638,-1.2316448970959013,1.2673242399099218,-1.3555735383351195,-0.3075623426146228,0.6158384251930635
-0.3693648410115938,-0.48888661775358344,-0.47454519624983954,-0.4736736092984604,-0.5609748304808925,0.8119223343984152,-0.3336984726090332,0.7376951317802901,-0.3075623426146228,0.6158384251930635
0.8273772438659699,-0.10463740114712752,-0.47454519624983954,-0.4736736092984604,-0.5609748304808925,0.8119223343984152,-0.8204626642072291,-1.3555735383351195,3.2513733362117265,-1.6238025415294657
-0.3693648410115938,3.123056018347102,-0.47454519624983954,-0.4736736092984604,-0.5609748304808925,0.8119223343984152,-0.5368057694182641,0.7376951317802901,-0.3075623426146228,0.6158384251930635
0.8273772438659699,0.20276197213803718,0.4327933656785018,0.7676298785983874,0.6792945838081278,-1.2316448970959013,-0.16405229962564447,-1.3555735383351195,3.2513733362117265,-1.6238025415294657
0.8273772438659699,-1.0268355210026217,0.4327933656785018,0.7676298785983874,0.6792945838081278,-1.2316448970959013,0.0971716406458445,0.7376951317802901,-0.3075623426146228,0.6158384251930635
-0.3693648410115938,-0.6425863043961658,-0.47454519624983954,-0.4736736092984604,-0.5609748304808925,0.8119223343984152,1.3924082286355355,0.7376951317802901,-0.3075623426146228,0.6158384251930635
0.8273772438659699,-0.10463740114712752,-0.47454519624983954,-0.4736736092984604,-0.5609748304808925,0.8119223343984152,-0.8797405693934278,0.7376951317802901,-0.3075623426146228,0.6158384251930635
-0.3693648410115938,0.9712604053509489,-0.47454519624983954,-0.4736736092984604,-0.5609748304808925,0.8119223343984152,-0.3336984726090332,0.7376951317802901,-0.3075623426146228,0.6158384251930635
0.8273772438659699,-0.41203677443229225,-0.47454519624983954,-0.4736736092984604,-0.5609748304808925,0.8119223343984152,-0.8135961720983267,0.7376951317802901,-0.3075623426146228,0.6158384251930635
0.8273772438659699,-0.5657364610748746,-0.47454519624983954,-0.4736736092984604,-0.5609748304808925,0.8119223343984152,-0.8189865811572414,-1.3555735383351195,-0.3075623426146228,0.6158384251930635
0.8273772438659699,0.8175607187083667,-0.47454519624983954,-0.4736736092984604,-0.5609748304808925,0.8119223343984152,-0.8828741679067217,0.7376951317802901,-0.3075623426146228,-1.6238025415294657
-1.5661069258891576,-2.1857311582876924,0.4327933656785018,2.0089333664952354,1.299429290952638,-1.2316448970959013,2.132408321022389,0.7376951317802901,-0.3075623426146228,0.6158384251930635
0.8273772438659699,0.27961181545932834,-0.47454519624983954,-0.4736736092984604,-0.5609748304808925,0.8119223343984152,-0.7165619336211217,0.7376951317802901,-0.3075623426146228,-1.6238025415294657
0.8273772438659699,-0.8731358343600393,-0.47454519624983954,-0.4736736092984604,-0.5609748304808925,0.8119223343984152,-0.8160407306065733,0.7376951317802901,-0.3075623426146228,0.6158384251930635
0.8273772438659699,-0.10463740114712752,-0.47454519624983954,-0.4736736092984604,-0.5609748304808925,0.8119223343984152,1.1248955097361595,0.7376951317802901,-0.3075623426146228,0.6158384251930635
-0.3693648410115938,0.5870111887444931,0.4327933656785018,-0.4736736092984604,0.059159876663617626,-1.2316448970959013,0.3444394801955362,0.7376951317802901,-0.3075623426146228,0.6158384251930635
0.8273772438659699,-1.8721837975368247,-0.47454519624983954,-0.4736736092984604,-0.5609748304808925,0.8119223343984152,-0.37316263612134226,-1.3555735383351195,-0.3075623426146228,0.6158384251930635
0.8273772438659699,-1.2573850509664952,-0.47454519624983954,-0.4736736092984604,-0.5609748304808925,0.8119223343984152,-0.8823470582632056,-1.3555735383351195,-0.3075623426146228,-1.6238025415294657
-0.3693648410115938,-0.1814872444684187,-0.47454519624983954,-0.4736736092984604,-0.5609748304808925,0.8119223343984152,0.3444394801955362,0.7376951317802901,-0.3075623426146228,0.6158384251930635
-0.3693648410115938,0.6638610320657843,-0.47454519624983954,-0.4736736092984604,-0.5609748304808925,0.8119223343984152,-0.3336984726090332,-1.3555735383351195,-0.3075623426146228,0.6158384251930635
0.8273772438659699,0.9712604053509489,-0.47454519624983954,-0.4736736092984604,-0.5609748304808925,0.8119223343984152,-0.8428609376877135,0.7376951317802901,-0.3075623426146228,0.6158384251930635
0.8273772438659699,-2.025883484179407,0.4327933656785018,0.7676298785983874,0.6792945838081278,-1.2316448970959013,-0.13932010117845442,0.7376951317802901,-0.3075623426146228,0.6158384251930635
-0.3693648410115938,-0.10463740114712752,-0.47454519624983954,-0.4736736092984604,-0.5609748304808925,0.8119223343984152,-0.35983961362319966,-1.3555735383351195,-0.3075623426146228,0.6158384251930635
-1.5661069258891576,1.5860591519212783,-0.47454519624983954,0.7676298785983874,0.059159876663617626,-1.2316448970959013,2.6363132839087284,-1.3555735383351195,-0.3075623426146228,-1.6238025415294657
-1.5661069258891576,1.6629089952425695,-0.47454519624983954,-0.4736736092984604,-0.5609748304808925,0.8119223343984152,0.36526093570402607,0.7376951317802901,-0.3075623426146228,0.6158384251930635
0.8273772438659699,-0.10463740114712752,-0.47454519624983954,-0.4736736092984604,-0.5609748304808925,0.8119223343984152,-0.8823470582632056,0.7376951317802901,-0.3075623426146228,-1.6238025415294657
-1.5661069258891576,-0.2583370877897099,-0.47454519624983954,-0.4736736092984604,-0.5609748304808925,0.8119223343984152,1.464014258564117,-1.3555735383351195,-0.3075623426146228,0.6158384251930635
0.8273772438659699,-0.10463740114712752,-0.47454519624983954,-0.4736736092984604,-0.5609748304808925,0.8119223343984152,-0.8019236166026618,0.7376951317802901,-0.3075623426146228,0.6158384251930635
-1.5661069258891576,-0.41203677443229225,-0.47454519624983954,-0.4736736092984604,-0.5609748304808925,0.8119223343984152,0.9910237262754293,-1.3555735383351195,-0.3075623426146228,-1.6238025415294657
-1.5661069258891576,0.9712604053509489,0.4327933656785018,-0.4736736092984604,0.059159876663617626,-1.2316448970959013,1.0515683442816504,0.7376951317802901,-0.3075623426146228,0.6158384251930635
-1.5661069258891576,0.9712604053509489,-0.47454519624983954,-0.4736736092984604,-0.5609748304808925,0.8119223343984152,0.3553757823476229,0.7376951317802901,-0.3075623426146228,0.6158384251930635
0.8273772438659699,-0.10463740114712752,-0.47454519624983954,-0.4736736092984604,-0.5609748304808925,0.8119223343984152,-0.8019236166026618,0.7376951317802901,-0.3075623426146228,0.6158384251930635
-0.3693648410115938,0.5101613454232019,0.4327933656785018,2.0089333664952354,1.299429290952638,-1.2316448970959013,0.40928266156909443,0.7376951317802901,-0.3075623426146228,0.6158384251930635
-1.5661069258891576,-0.7962859910387481,-0.47454519624983954,2.0089333664952354,0.6792945838081278,-1.2316448970959013,0.3552168481314282,-1.3555735383351195,-0.3075623426146228,0.6158384251930635
0.8273772438659699,-0.10463740114712752,6.784163299176891,2.0089333664952354,5.64037224096421,-1.2316448970959013,1.3361591794576348,-1.3555735383351195,-0.3075623426146228,0.6158384251930635
-1.5661069258891576,2.738806801740646,-0.47454519624983954,-0.4736736092984604,-0.5609748304808925,0.8119223343984152,0.36526093570402607,0.7376951317802901,-0.3075623426146228,0.6158384251930635
0.8273772438659699,-1.1036853643239128,-0.47454519624983954,-0.4736736092984604,-0.5609748304808925,0.8119223343984152,-0.7865550587251358,-1.3555735383351195,3.2513733362117265,-1.6238025415294657
0.8273772438659699,-0.10463740114712752,-0.47454519624983954,-0.4736736092984604,-0.5609748304808925,0.8119223343984152,-0.8828741679067217,-1.3555735383351195,-0.3075623426146228,-1.6238025415294657
-1.5661069258891576,1.2786597786361138,-0.47454519624983954,-0.4736736092984604,-0.5609748304808925,0.8119223343984152,1.4685301291949246,0.7376951317802901,-0.3075623426146228,-1.6238025415294657
-1.5661069258891576,-0.10463740114712752,-0.47454519624983954,-0.4736736092984604,-0.5609748304808925,0.8119223343984152,0.940663265248102,0.7376951317802901,-0.3075623426146228,0.6158384251930635
-0.3693648410115938,1.5860591519212783,-0.47454519624983954,0.7676298785983874,0.059159876663617626,-1.2316448970959013,0.3444394801955362,-1.3555735383351195,-0.3075623426146228,0.6158384251930635
-1.5661069258891576,-0.7962859910387481,0.4327933656785018,-0.4736736092984604,0.059159876663617626,-1.2316448970959013,1.6111475224786775,-1.3555735383351195,-0.3075623426146228,-1.6238025415294657
0.8273772438659699,-0.10463740114712752,0.4327933656785018,-0.4736736092984604,0.059159876663617626,-1.2316448970959013,0.2711522804976662,-1.3555735383351195,3.2513733362117265,-1.6238025415294657
-1.5661069258891576,-0.33518693111100106,0.4327933656785018,-0.4736736092984604,0.059159876663617626,-1.2316448970959013,1.1057901177672143,0.7376951317802901,-0.3075623426146228,-1.6238025415294657
-1.5661069258891576,2.5082572717767726,-0.47454519624983954,-0.4736736092984604,-0.5609748304808925,0.8119223343984152,1.4787785499834798,-1.3555735383351195,-0.3075623426146228,0.6158384251930635
-1.5661069258891576,-0.1814872444684187,0.4327933656785018,-0.4736736092984604,0.059159876663617626,-1.2316448970959013,1.0620380556287106,0.7376951317802901,-0.3075623426146228,0.6158384251930635
-1.5661069258891576,0.4333115021019107,0.4327933656785018,-0.4736736092984604,0.059159876663617626,-1.2316448970959013,1.5989745568795648,-1.3555735383351195,-0.3075623426146228,0.6158384251930635
0.8273772438659699,-0.10463740114712752,-0.47454519624983954,-0.4736736092984604,-0.5609748304808925,0.8119223343984152,-0.1893914833819289,0.7376951317802901,-0.3075623426146228,0.6158384251930635
0.8273772438659699,0.9712604053509489,-0.47454519624983954,-0.4736736092984604,-0.5609748304808925,0.8119223343984152,-0.830854756854953,0.7376951317802901,-0.3075623426146228,0.6158384251930635
0.8273772438659699,-0.10463740114712752,-0.47454519624983954,-0.4736736092984604,-0.5609748304808925,0.8119223343984152,-0.8019236166026618,0.7376951317802901,-0.3075623426146228,-1.6238025415294657
-1.5661069258891576,-0.10463740114712752,0.4327933656785018,-0.4736736092984604,0.059159876663617626,-1.2316448970959013,1.038145562232327,-1.3555735383351195,-0.3075623426146228,0.6158384251930635
0.8273772438659699,-0.41203677443229225,-0.47454519624983954,-0.4736736092984604,-0.5609748304808925,0.8119223343984152,-0.9050797531497122,0.7376951317802901,-0.3075623426146228,0.6158384251930635
0.8273772438659699,-0.41203677443229225,-0.47454519624983954,-0.4736736092984604,-0.5609748304808925,0.8119223343984152,-0.8933844909173265,0.7376951317802901,-0.3075623426146228,0.6158384251930635
-0.3693648410115938,-1.949033640858116,1.340131927606843,0.7676298785983874,1.299429290952638,-1.2316448970959013,0.750263780890198,-1.3555735383351195,-0.3075623426146228,0.6158384251930635
-0.3693648410115938,-0.10463740114712752,-0.47454519624983954,-0.4736736092984604,-0.5609748304808925,0.8119223343984152,-0.3336984726090332,-1.3555735383351195,-0.3075623426146228,0.6158384251930635
-0.3693648410115938,-0.8731358343600393,-0.47454519624983954,-0.4736736092984604,-0.5609748304808925,0.8119223343984152,1.3924082286355355,0.7376951317802901,-0.3075623426146228,0.6158384251930635
0.8273772438659699,-0.1814872444684187,-0.47454519624983954,2.0089333664952354,0.6792945838081278,-1.2316448970959013,-0.48145578049281285,-1.3555735383351195,-0.3075623426146228,0.6158384251930635
-1.5661069258891576,-0.10463740114712752,-0.47454519624983954,-0.4736736092984604,-0.5609748304808925,0.8119223343984152,0.7656365698356679,0.7376951317802901,-0.3075623426146228,-1.6238025415294657
0.8273772438659699,-1.180535207645204,4.0621476133918675,2.0089333664952354,3.779968119530679,-1.2316448970959013,0.936361092700485,0.7376951317802901,-0.3075623426146228,0.6158384251930635
-0.3693648410115938,-0.10463740114712752,0.4327933656785018,-0.4736736092984604,0.059159876663617626,-1.2316448970959013,0.26497567234198965,-1.3555735383351195,-0.3075623426146228,-1.6238025415294657
0.8273772438659699,-0.5657364610748746,-0.47454519624983954,-0.4736736092984604,-0.5609748304808925,0.8119223343984152,-0.6455926003653025,0.7376951317802901,-0.3075623426146228,0.6158384251930635
-1.5661069258891576,0.5870111887444931,0.4327933656785018,0.7676298785983874,0.6792945838081278,-1.2316448970959013,1.0515683442816504,0.7376951317802901,-0.3075623426146228,0.6158384251930635
0.8273772438659699,1.3555096219574048,-0.47454519624983954,-0.4736736092984604,-0.5609748304808925,0.8119223343984152,-0.8797405693934278,0.7376951317802901,-0.3075623426146228,0.6158384251930635
0.8273772438659699,-0.10463740114712752,-0.47454519624983954,-0.4736736092984604,-0.5609748304808925,0.8119223343984152,-0.2286058134653583,0.7376951317802901,-0.3075623426146228,0.6158384251930635
-0.3693648410115938,-0.10463740114712752,-0.47454519624983954,-0.4736736092984604,-0.5609748304808925,0.8119223343984152,-0.3336984726090332,0.7376951317802901,-0.3075623426146228,0.6158384251930635
0.8273772438659699,0.5101613454232019,0.4327933656785018,0.7676298785983874,0.6792945838081278,-1.2316448970959013,0.2711522804976662,0.7376951317802901,-0.3075623426146228,0.6158384251930635
0.8273772438659699,-0.719436147717457,-0.47454519624983954,-0.4736736092984604,-0.5609748304808925,0.8119223343984152,-0.8823470582632056,0.7376951317802901,-0.3075623426146228,-1.6238025415294657
-0.3693648410115938,1.9703083685277343,-0.47454519624983954,-0.4736736092984604,-0.5609748304808925,0.8119223343984152,-0.13322852057373055,-1.3555735383351195,-0.3075623426146228,0.6158384251930635
0.8273772438659699,-0.10463740114712752,2.2474704895351842,0.7676298785983874,1.9195639980971482,-1.2316448970959013,0.32384119624754826,-1.3555735383351195,-0.3075623426146228,0.6158384251930635
0.8273772438659699,-0.5657364610748746,-0.47454519624983954,-0.4736736092984604,-0.5609748304808925,0.8119223343984152,-0.8955045384601199,0.7376951317802901,-0.3075623426146228,0.6158384251930635
-0.3693648410115938,2.1240080551703167,-0.47454519624983954,-0.4736736092984604,-0.5609748304808925,0.8119223343984152,-0.5368057694182641,-1.3555735383351195,-0.3075623426146228,0.6158384251930635
0.8273772438659699,-0.027787557825836348,0.4327933656785018,-0.4736736092984604,0.059159876663617626,-1.2316448970959013,-0.9056185997745971,0.7376951317802901,-0.3075623426146228,0.6158384251930635
0.8273772438659699,-0.2583370877897099,1.340131927606843,-0.4736736092984604,0.6792945838081278,-1.2316448970959013,-0.7165619336211217,0.7376951317802901,-0.3075623426146228,0.6158384251930635
0.8273772438659699,-0.10463740114712752,-0.47454519624983954,-0.4736736092984604,-0.5609748304808925,0.8119223343984152,-0.7841792430073967,0.7376951317802901,-0.3075623426146228,0.6158384251930635
-1.5661069258891576,0.7407108753870755,0.4327933656785018,-0.4736736092984604,0.059159876663617626,-1.2316448970959013,1.1141402035210881,-1.3555735383351195,-0.3075623426146228,0.6158384251930635
0.8273772438659699,0.20276197213803718,-0.47454519624983954,-0.4736736092984604,-0.5609748304808925,0.8119223343984152,-0.8019236166026618,0.7376951317802901,-0.3075623426146228,0.6158384251930635
0.8273772438659699,0.04906228549545483,-0.47454519624983954,-0.4736736092984604,-0.5609748304808925,0.8119223343984152,-0.37316263612134226,-1.3555735383351195,-0.3075623426146228,0.6158384251930635
-1.5661069258891576,0.6638610320657843,-0.47454519624983954,-0.4736736092984604,-0.5609748304808925,0.8119223343984152,1.4787785499834798,-1.3555735383351195,-0.3075623426146228,0.6158384251930635
0.8273772438659699,-0.10463740114712752,-0.47454519624983954,-0.4736736092984604,-0.5609748304808925,0.8119223343984152,-0.8019236166026618,0.7376951317802901,-0.3075623426146228,0.6158384251930635
0.8273772438659699,-0.8731358343600393,-0.47454519624983954,-0.4736736092984604,-0.5609748304808925,0.8119223343984152,-0.8494271027413144,-1.3555735383351195,-0.3075623426146228,0.6158384251930635
-0.3693648410115938,-0.41203677443229225,0.4327933656785018,2.0089333664952354,1.299429290952638,-1.2316448970959013,1.2673242399099218,-1.3555735383351195,-0.3075623426146228,0.6158384251930635
0.8273772438659699,-1.949033640858116,0.4327933656785018,0.7676298785983874,0.6792945838081278,-1.2316448970959013,-0.09156500424402261,-1.3555735383351195,-0.3075623426146228,0.6158384251930635
0.8273772438659699,-0.5657364610748746,-0.47454519624983954,-0.4736736092984604,-0.5609748304808925,0.8119223343984152,-0.8797405693934278,-1.3555735383351195,-0.3075623426146228,0.6158384251930635
0.8273772438659699,-0.10463740114712752,-0.47454519624983954,-0.4736736092984604,-0.5609748304808925,0.8119223343984152,-0.8038521494426432,-1.3555735383351195,3.2513733362117265,-1.6238025415294657
-0.3693648410115938,-0.48888661775358344,-0.47454519624983954,-0.4736736092984604,-0.5609748304808925,0.8119223343984152,-0.5368057694182641,0.7376951317802901,-0.3075623426146228,0.6158384251930635
0.8273772438659699,-0.8731358343600393,-0.47454519624983954,-0.4736736092984604,-0.5609748304808925,0.8119223343984152,-0.8135961720983267,0.7376951317802901,-0.3075623426146228,0.6158384251930635
-1.5661069258891576,-0.10463740114712752,-0.47454519624983954,-0.4736736092984604,-0.5609748304808925,0.8119223343984152,0.5198636196706229,0.7376951317802901,-0.3075623426146228,0.6158384251930635
0.8273772438659699,0.27961181545932834,-0.47454519624983954,-0.4736736092984604,-0.5609748304808925,0.8119223343984152,-0.8019236166026618,0.7376951317802901,-0.3075623426146228,0.6158384251930635
-0.3693648410115938,-1.6416342675729512,-0.47454519624983954,2.0089333664952354,0.6792945838081278,-1.2316448970959013,0.35395586016517094,-1.3555735383351195,-0.3075623426146228,0.6158384251930635
0.8273772438659699,-0.5657364610748746,0.4327933656785018,-0.4736736092984604,0.059159876663617626,-1.2316448970959013,-0.8797405693934278,0.7376951317802901,-0.3075623426146228,0.6158384251930635
-1.5661069258891576,0.5101613454232019,-0.47454519624983954,-0.4736736092984604,-0.5609748304808925,0.8119223343984152,0.35915272270042775,0.7376951317802901,-0.3075623426146228,0.6158384251930635
-0.3693648410115938,-0.33518693111100106,-0.47454519624983954,-0.4736736092984604,-0.5609748304808925,0.8119223343984152,-0.3336984726090332,0.7376951317802901,-0.3075623426146228,0.6158384251930635
0.8273772438659699,-0.7962859910387481,-0.47454519624983954,-0.4736736092984604,-0.5609748304808925,0.8119223343984152,-0.7841792430073967,0.7376951317802901,-0.3075623426146228,0.6158384251930635
0.8273772438659699,-0.10463740114712752,0.4327933656785018,2.0089333664952354,1.299429290952638,-1.2316448970959013,0.24200663802437702,-1.3555735383351195,-0.3075623426146228,0.6158384251930635
-1.5661069258891576,0.5101613454232019,0.4327933656785018,2.0089333664952354,1.299429290952638,-1.2316448970959013,1.8931715298766851,0.7376951317802901,-0.3075623426146228,0.6158384251930635
-0.3693648410115938,-0.48888661775358344,1.340131927606843,0.7676298785983874,1.299429290952638,-1.2316448970959013,-0.4507125974257932,0.7376951317802901,-0.3075623426146228,0.6158384251930635
0.8273772438659699,-0.027787557825836348,-0.47454519624983954,4.491540342288931,1.9195639980971482,-1.2316448970959013,0.13649913806595457,-1.3555735383351195,-0.3075623426146228,0.6158384251930635
0.8273772438659699,-2.1795831708219895,0.4327933656785018,0.7676298785983874,0.6792945838081278,-1.2316448970959013,-0.48145578049281285,-1.3555735383351195,-0.3075623426146228,0.6158384251930635
0.8273772438659699,0.4333115021019107,-0.47454519624983954,-0.4736736092984604,-0.5609748304808925,0.8119223343984152,-0.8019236166026618,0.7376951317802901,-0.3075623426146228,-1.6238025415294657
-0.3693648410115938,-0.027787557825836348,0.4327933656785018,-0.4736736092984604,0.059159876663617626,-1.2316448970959013,0.1329851701219792,0.7376951317802901,-0.3075623426146228,0.6158384251930635
-0.3693648410115938,1.1249600919935314,0.4327933656785018,-0.4736736092984604,0.059159876663617626,-1.2316448970959013,0.3444394801955362,0.7376951317802901,-0.3075623426146228,0.6158384251930635
-1.5661069258891576,0.5101613454232019,0.4327933656785018,-0.4736736092984604,0.059159876663617626,-1.2316448970959013,1.464014258564117,0.7376951317802901,-0.3075623426146228,0.6158384251930635
0.8273772438659699,-0.10463740114712752,-0.47454519624983954,-0.4736736092984604,-0.5609748304808925,0.8119223343984152,-0.8019236166026618,0.7376951317802901,-0.3075623426146228,0.6158384251930635
0.8273772438659699,-0.10463740114712752,-0.47454519624983954,-0.4736736092984604,-0.5609748304808925,0.8119223343984152,-0.9179864201772276,0.7376951317802901,3.2513733362117265,-1.6238025415294657
0.8273772438659699,-0.6425863043961658,-0.47454519624983954,-0.4736736092984604,-0.5609748304808925,0.8119223343984152,-0.8135961720983267,0.7376951317802901,-0.3075623426146228,0.6158384251930635
0.8273772438659699,-1.0268355210026217,-0.47454519624983954,-0.4736736092984604,-0.5609748304808925,0.8119223343984152,-0.6307359423566569,0.7376951317802901,-0.3075623426146228,0.6158384251930635
-0.3693648410115938,-1.7953339542155335,-0.47454519624983954,0.7676298785983874,0.059159876663617626,-1.2316448970959013,0.5824597491940529,-1.3555735383351195,-0.3075623426146228,0.6158384251930635
0.8273772438659699,0.20276197213803718,-0.47454519624983954,-0.4736736092984604,-0.5609748304808925,0.8119223343984152,-0.7841792430073967,0.7376951317802901,-0.3075623426146228,0.6158384251930635
-1.5661069258891576,0.6638610320657843,-0.47454519624983954,-0.4736736092984604,-0.5609748304808925,0.8119223343984152,-3.0585777291682934,0.7376951317802901,-0.3075623426146228,0.6158384251930635
-0.3693648410115938,-0.2583370877897099,0.4327933656785018,0.7676298785983874,0.6792945838081278,-1.2316448970959013,0.3444394801955362,-1.3555735383351195,-0.3075623426146228,0.6158384251930635
-1.5661069258891576,1.893458525206443,0.4327933656785018,-0.4736736092984604,0.059159876663617626,-1.2316448970959013,1.4564440718289613,-1.3555735383351195,-0.3075623426146228,-1.6238025415294657
-1.5661069258891576,-0.10463740114712752,-0.47454519624983954,-0.4736736092984604,-0.5609748304808925,0.8119223343984152,1.0011105492142125,0.7376951317802901,-0.3075623426146228,0.6158384251930635
-1.5661069258891576,0.8175607187083667,-0.47454519624983954,-0.4736736092984604,-0.5609748304808925,0.8119223343984152,0.4082334475616762,0.7376951317802901,-0.3075623426146228,-1.6238025415294657
-0.3693648410115938,0.9712604053509489,-0.47454519624983954,-0.4736736092984604,-0.5609748304808925,0.8119223343984152,-0.3336984726090332,0.7376951317802901,-0.3075623426146228,0.6158384251930635
0.8273772438659699,-0.10463740114712752,-0.47454519624983954,-0.4736736092984604,-0.5609748304808925,0.8119223343984152,-0.806763380796033,0.7376951317802901,-0.3075623426146228,0.6158384251930635
-1.5661069258891576,0.4333115021019107,0.4327933656785018,-0.4736736092984604,0.059159876663617626,-1.2316448970959013,1.0620380556287106,-1.3555735383351195,-0.3075623426146228,0.6158384251930635
0.8273772438659699,-0.8731358343600393,0.4327933656785018,-0.4736736092984604,0.059159876663617626,-1.2316448970959013,-0.9787286015064478,0.7376951317802901,-0.3075623426146228,0.6158384251930635
0.8273772438659699,-0.8731358343600393,-0.47454519624983954,-0.4736736092984604,-0.5609748304808925,0.8119223343984152,-0.7560434444325566,0.7376951317802901,-0.3075623426146228,0.6158384251930635
0.8273772438659699,-1.56478442425166,3.1548090514635256,2.0089333664952354,3.1598334123861687,-1.2316448970959013,0.5322916934007406,0.7376951317802901,-0.3075623426146228,0.6158384251930635
0.8273772438659699,0.5101613454232019,-0.47454519624983954,-0.4736736092984604,-0.5609748304808925,0.8119223343984152,-0.8019236166026618,0.7376951317802901,-0.3075623426146228,0.6158384251930635
0.8273772438659699,-2.1027333275006983,2.2474704895351842,2.0089333664952354,2.5396987052416584,-1.2316448970959013,0.4146557174979072,-1.3555735383351195,-0.3075623426146228,0.6158384251930635
0.8273772438659699,-0.33518693111100106,-0.47454519624983954,-0.4736736092984604,-0.5609748304808925,0.8119223343984152,-0.9050797531497122,0.7376951317802901,-0.3075623426146228,0.6158384251930635
-0.3693648410115938,1.893458525206443,-0.47454519624983954,-0.4736736092984604,-0.5609748304808925,0.8119223343984152,0.3444394801955362,0.7376951317802901,-0.3075623426146228,0.6158384251930635
0.8273772438659699,-1.56478442425166,1.340131927606843,2.0089333664952354,1.9195639980971482,-1.2316448970959013,0.6233938271906204,-1.3555735383351195,-0.3075623426146228,0.6158384251930635
-1.5661069258891576,3.8915544515600136,-0.47454519624983954,-0.4736736092984604,-0.5609748304808925,0.8119223343984152,0.4870824563024251,0.7376951317802901,-0.3075623426146228,0.6158384251930635
-1.5661069258891576,0.8175607187083667,-0.47454519624983954,-0.4736736092984604,-0.5609748304808925,0.8119223343984152,2.14527242190355,-1.3555735383351195,-0.3075623426146228,0.6158384251930635
-1.5661069258891576,0.8944105620296577,-0.47454519624983954,-0.4736736092984604,-0.5609748304808925,0.8119223343984152,2.010033264475824,-1.3555735383351195,-0.3075623426146228,-1.6238025415294657
-0.3693648410115938,-0.41203677443229225,0.4327933656785018,-0.4736736092984604,0.059159876663617626,-1.2316448970959013,0.3444394801955362,-1.3555735383351195,-0.3075623426146228,0.6158384251930635
0.8273772438659699,-0.5657364610748746,-0.47454519624983954,-0.4736736092984604,-0.5609748304808925,0.8119223343984152,-0.6811127586453682,0.7376951317802901,-0.3075623426146228,0.6158384251930635
-1.5661069258891576,-0.9499856776813305,0.4327933656785018,-0.4736736092984604,0.059159876663617626,-1.2316448970959013,1.1339105535671157,-1.3555735383351195,-0.3075623426146228,0.6158384251930635
0.8273772438659699,1.2018099353148226,0.4327933656785018,4.491540342288931,2.5396987052416584,-1.2316448970959013,0.4146557174979072,-1.3555735383351195,-0.3075623426146228,0.6158384251930635
0.8273772438659699,-0.719436147717457,-0.47454519624983954,-0.4736736092984604,-0.5609748304808925,0.8119223343984152,-0.9050797531497122,0.7376951317802901,-0.3075623426146228,0.6158384251930635
-1.5661069258891576,1.7397588385638607,0.4327933656785018,-0.4736736092984604,0.059159876663617626,-1.2316448970959013,1.4564440718289613,-1.3555735383351195,-0.3075623426146228,-1.6238025415294657
0.8273772438659699,0.4333115021019107,-0.47454519624983954,-0.4736736092984604,-0.5609748304808925,0.8119223343984152,-0.9050797531497122,0.7376951317802901,-0.3075623426146228,0.6158384251930635
0.8273772438659699,0.04906228549545483,-0.47454519624983954,-0.4736736092984604,-0.5609748304808925,0.8119223343984152,-0.8823470582632056,0.7376951317802901,-0.3075623426146228,-1.6238025415294657
0.8273772438659699,-0.10463740114712752,1.340131927606843,-0.4736736092984604,0.6792945838081278,-1.2316448970959013,0.1643797141666741,0.7376951317802901,-0.3075623426146228,-1.6238025415294657
-1.5661069258891576,0.6638610320657843,0.4327933656785018,-0.4736736092984604,0.059159876663617626,-1.2316448970959013,1.5989745568795648,0.7376951317802901,-0.3075623426146228,0.6158384251930635
0.8273772438659699,-0.10463740114712752,0.4327933656785018,-0.4736736092984604,0.059159876663617626,-1.2316448970959013,-0.23166125968823223,-1.3555735383351195,-0.3075623426146228,-1.6238025415294657
-1.5661069258891576,0.7407108753870755,-0.47454519624983954,-0.4736736092984604,-0.5609748304808925,0.8119223343984152,-3.0585777291682934,0.7376951317802901,-0.3075623426146228,0.6158384251930635
-1.5661069258891576,0.12591212881674602,0.4327933656785018,-0.4736736092984604,0.059159876663617626,-1.2316448970959013,1.834129231109428,-1.3555735383351195,-0.3075623426146228,-1.6238025415294657
0.8273772438659699,-0.5657364610748746,-0.47454519624983954,-0.4736736092984604,-0.5609748304808925,0.8119223343984152,-0.8463932397472813,0.7376951317802901,-0.3075623426146228,0.6158384251930635
0.8273772438659699,-0.719436147717457,-0.47454519624983954,-0.4736736092984604,-0.5609748304808925,0.8119223343984152,-0.798539974052802,0.7376951317802901,-0.3075623426146228,0.6158384251930635
-1.5661069258891576,-0.5657364610748746,-0.47454519624983954,-0.4736736092984604,-0.5609748304808925,0.8119223343984152,2.132408321022389,-1.3555735383351195,-0.3075623426146228,0.6158384251930635
0.8273772438659699,-0.2583370877897099,-0.47454519624983954,-0.4736736092984604,-0.5609748304808925,0.8119223343984152,-0.806763380796033,-1.3555735383351195,-0.3075623426146228,0.6158384251930635
0.8273772438659699,-1.1036853643239128,-0.47454519624983954,-0.4736736092984604,-0.5609748304808925,0.8119223343984152,-0.8828741679067217,-1.3555735383351195,-0.3075623426146228,-1.6238025415294657
0.8273772438659699,0.20276197213803718,0.4327933656785018,-0.4736736092984604,0.059159876663617626,-1.2316448970959013,-0.1423794216910609,0.7376951317802901,-0.3075623426146228,0.6158384251930635
-1.5661069258891576,0.04906228549545483,-0.47454519624983954,-0.4736736092984604,-0.5609748304808925,0.8119223343984152,1.5584783893656837,-1.3555735383351195,-0.3075623426146228,0.6158384251930635
-0.3693648410115938,0.35646165878061953,-0.47454519624983954,0.7676298785983874,0.059159876663617626,-1.2316448970959013,0.2228261499229997,-1.3555735383351195,-0.3075623426146228,0.6158384251930635
0.8273772438659699,-0.10463740114712752,-0.47454519624983954,-0.4736736092984604,-0.5609748304808925,0.8119223343984152,-0.8189865811572414,-1.3555735383351195,3.2513733362117265,-1.6238025415294657
0.8273772438659699,-2.1795831708219895,0.4327933656785018,2.0089333664952354,1.299429290952638,-1.2316448970959013,0.11284358066326507,0.7376951317802901,-0.3075623426146228,0.6158384251930635
-0.3693648410115938,-0.10463740114712752,-0.47454519624983954,-0.4736736092984604,-0.5609748304808925,0.8119223343984152,-0.29746598596845064,0.7376951317802901,-0.3075623426146228,0.6158384251930635
-1.5661069258891576,0.04906228549545483,-0.47454519624983954,-0.4736736092984604,-0.5609748304808925,0.8119223343984152,1.6379421972192298,-1.3555735383351195,-0.3075623426146228,0.6158384251930635
0.8273772438659699,-0.5657364610748746,-0.47454519624983954,-0.4736736092984604,-0.5609748304808925,0.8119223343984152,-0.8797405693934278,0.7376951317802901,-0.3075623426146228,0.6158384251930635
0.8273772438659699,-0.6425863043961658,1.340131927606843,2.0089333664952354,1.9195639980971482,-1.2316448970959013,0.6233938271906204,-1.3555735383351195,-0.3075623426146228,0.6158384251930635
-0.3693648410115938,0.5101613454232019,-0.47454519624983954,-0.4736736092984604,-0.5609748304808925,0.8119223343984152,-0.3429588030007618,0.7376951317802901,-0.3075623426146228,-1.6238025415294657
0.8273772438659699,0.8175607187083667,-0.47454519624983954,-0.4736736092984604,-0.5609748304808925,0.8119223343984152,-0.8019236166026618,0.7376951317802901,-0.3075623426146228,0.6158384251930635
-0.3693648410115938,-2.1795831708219895,-0.47454519624983954,2.0089333664952354,0.6792945838081278,-1.2316448970959013,0.6974165471111633,0.7376951317802901,-0.3075623426146228,-1.6238025415294657
0.8273772438659699,0.8175607187083667,0.4327933656785018,0.7676298785983874,0.6792945838081278,-1.2316448970959013,-0.16405229962564447,0.7376951317802901,3.2513733362117265,-1.6238025415294657
0.8273772438659699,-0.10463740114712752,-0.47454519624983954,-0.4736736092984604,-0.5609748304808925,0.8119223343984152,-0.8019236166026618,-1.3555735383351195,-0.3075623426146228,0.6158384251930635
-0.3693648410115938,0.8175607187083667,-0.47454519624983954,-0.4736736092984604,-0.5609748304808925,0.8119223343984152,-0.3336984726090332,-1.3555735383351195,-0.3075623426146228,0.6158384251930635
0.8273772438659699,-0.10463740114712752,-0.47454519624983954,-0.4736736092984604,-0.5609748304808925,0.8119223343984152,-0.8209591021193487,-1.3555735383351195,3.2513733362117265,-1.6238025415294657
0.8273772438659699,-0.1814872444684187,-0.47454519624983954,-0.4736736092984604,-0.5609748304808925,0.8119223343984152,-0.8019236166026618,0.7376951317802901,-0.3075623426146228,0.6158384251930635
-1.5661069258891576,-0.41203677443229225,-0.47454519624983954,-0.4736736092984604,-0.5609748304808925,0.8119223343984152,1.5182728441543658,-1.3555735383351195,-0.3075623426146228,-1.6238025415294657
-0.3693648410115938,-1.8721837975368247,0.4327933656785018,2.0089333664952354,1.299429290952638,-1.2316448970959013,0.40928266156909443,-1.3555735383351195,-0.3075623426146228,0.6158384251930635
0.8273772438659699,0.35646165878061953,-0.47454519624983954,-0.4736736092984604,-0.5609748304808925,0.8119223343984152,-0.9787286015064478,0.7376951317802901,-0.3075623426146228,0.6158384251930635
-1.5661069258891576,-0.48888661775358344,0.4327933656785018,-0.4736736092984604,0.059159876663617626,-1.2316448970959013,1.834129231109428,-1.3555735383351195,-0.3075623426146228,-1.6238025415294657
0.8273772438659699,3.1614809400077477,-0.47454519624983954,-0.4736736092984604,-0.5609748304808925,0.8119223343984152,-0.8189865811572414,0.7376951317802901,3.2513733362117265,-1.6238025415294657
0.8273772438659699,-0.9499856776813305,3.1548090514635256,2.0089333664952354,3.1598334123861687,-1.2316448970959013,-0.798539974052802,-1.3555735383351195,-0.3075623426146228,0.6158384251930635
-1.5661069258891576,-1.0268355210026217,-0.47454519624983954,0.7676298785983874,0.059159876663617626,-1.2316448970959013,1.1511968252901217,-1.3555735383351195,-0.3075623426146228,-1.6238025415294657
0.8273772438659699,-0.7962859910387481,-0.47454519624983954,-0.4736736092984604,-0.5609748304808925,0.8119223343984152,-0.7718965778779472,0.7376951317802901,-0.3075623426146228,0.6158384251930635
0.8273772438659699,-0.33518693111100106,-0.47454519624983954,-0.4736736092984604,-0.5609748304808925,0.8119223343984152,-0.8797405693934278,0.7376951317802901,-0.3075623426146228,0.6158384251930635
-1.5661069258891576,-0.33518693111100106,0.4327933656785018,2.0089333664952354,1.299429290952638,-1.2316448970959013,2.132408321022389,-1.3555735383351195,-0.3075623426146228,0.6158384251930635
-1.5661069258891576,0.9712604053509489,0.4327933656785018,-0.4736736092984604,0.059159876663617626,-1.2316448970959013,1.0408277503255374,0.7376951317802901,-0.3075623426146228,0.6158384251930635
0.8273772438659699,-0.6425863043961658,-0.47454519624983954,-0.4736736092984604,-0.5609748304808925,0.8119223343984152,-0.798539974052802,0.7376951317802901,-0.3075623426146228,0.6158384251930635
0.8273772438659699,-0.10463740114712752,-0.47454519624983954,-0.4736736092984604,-0.5609748304808925,0.8119223343984152,-0.8019236166026618,0.7376951317802901,-0.3075623426146228,0.6158384251930635
-0.3693648410115938,-0.10463740114712752,-0.47454519624983954,-0.4736736092984604,-0.5609748304808925,0.8119223343984152,-3.0585777291682934,0.7376951317802901,-0.3075623426146228,0.6158384251930635
-1.5661069258891576,-1.1036853643239128,-0.47454519624983954,0.7676298785983874,0.059159876663617626,-1.2316448970959013,2.4738467350641637,-1.3555735383351195,-0.3075623426146228,0.6158384251930635
0.8273772438659699,1.2018099353148226,-0.47454519624983954,-0.4736736092984604,-0.5609748304808925,0.8119223343984152,-0.9147445967366699,0.7376951317802901,-0.3075623426146228,0.6158384251930635
0.8273772438659699,-0.10463740114712752,0.4327933656785018,-0.4736736092984604,0.059159876663617626,-1.2316448970959013,0.0833137463231359,0.7376951317802901,-0.3075623426146228,0.6158384251930635
0.8273772438659699,-0.33518693111100106,0.4327933656785018,-0.4736736092984604,0.059159876663617626,-1.2316448970959013,-0.8160407306065733,0.7376951317802901,-0.3075623426146228,0.6158384251930635
-1.5661069258891576,0.27961181545932834,-0.47454519624983954,-0.4736736092984604,-0.5609748304808925,0.8119223343984152,-1.208550389612567,0.7376951317802901,-0.3075623426146228,0.6158384251930635
-0.3693648410115938,-0.10463740114712752,-0.47454519624983954,-0.4736736092984604,-0.5609748304808925,0.8119223343984152,-0.3336984726090332,-1.3555735383351195,-0.3075623426146228,0.6158384251930635
-0.3693648410115938,0.20276197213803718,1.340131927606843,-0.4736736092984604,0.6792945838081278,-1.2316448970959013,1.3924082286355355,0.7376951317802901,-0.3075623426146228,0.6158384251930635
-1.5661069258891576,-0.2583370877897099,-0.47454519624983954,-0.4736736092984604,-0.5609748304808925,0.8119223343984152,0.4870824563024251,0.7376951317802901,-0.3075623426146228,-1.6238025415294657
0.8273772438659699,0.5870111887444931,1.340131927606843,-0.4736736092984604,0.6792945838081278,-1.2316448970959013,-0.798539974052802,0.7376951317802901,-0.3075623426146228,0.6158384251930635
-1.5661069258891576,1.5860591519212783,-0.47454519624983954,-0.4736736092984604,-0.5609748304808925,0.8119223343984152,0.4432836100273541,-1.3555735383351195,-0.3075623426146228,-1.6238025415294657
-1.5661069258891576,1.5860591519212783,0.4327933656785018,-0.4736736092984604,0.059159876663617626,-1.2316448970959013,1.7703041212742283,0.7376951317802901,-0.3075623426146228,-1.6238025415294657
0.8273772438659699,-0.10463740114712752,-0.47454519624983954,-0.4736736092984604,-0.5609748304808925,0.8119223343984152,-0.774244266805356,-1.3555735383351195,3.2513733362117265,-1.6238025415294657
-0.3693648410115938,0.35646165878061953,0.4327933656785018,-0.4736736092984604,0.059159876663617626,-1.2316448970959013,0.1329851701219792,0.7376951317802901,-0.3075623426146228,0.6158384251930635
0.8273772438659699,-0.10463740114712752,-0.47454519624983954,-0.4736736092984604,-0.5609748304808925,0.8119223343984152,-0.8038521494426432,-1.3555735383351195,3.2513733362117265,-1.6238025415294657
-1.5661069258891576,0.4333115021019107,-0.47454519624983954,-0.4736736092984604,-0.5609748304808925,0.8119223343984152,3.3852937438182273,-1.3555735383351195,-0.3075623426146228,-1.6238025415294657
0.8273772438659699,1.432359465278696,0.4327933656785018,3.250236854392083,1.9195639980971482,-1.2316448970959013,0.6233938271906204,-1.3555735383351195,-0.3075623426146228,0.6158384251930635
-1.5661069258891576,1.3555096219574048,-0.47454519624983954,-0.4736736092984604,-0.5609748304808925,0.8119223343984152,0.7372759377222563,0.7376951317802901,-0.3075623426146228,0.6158384251930635
-1.5661069258891576,-0.10463740114712752,-0.47454519624983954,-0.4736736092984604,-0.5609748304808925,0.8119223343984152,0.36526093570402607,0.7376951317802901,-0.3075623426146228,0.6158384251930635
